Entry,Organism (ID),Protein families,Length,Fragment,Source tissues,Toxic dose,PTM Keywords,PTM Summary,Signal peptide,Propeptide,Gene Ontology (GO),Gene Ontology (biological process),Gene Ontology (cellular component),Gene Ontology (molecular function),Protein existence,ToxProt definition,Mature_length,Active_length,Scientific_Name,Phylum,Class,Order,Family,Genus,Species,Habitat,Habitat_Detailed
P84001,280265,,50,fragment,Venom,,,,,,,,,,,both,50,50,Ancylometes sp. MR-2004,Arthropoda,Arachnida,Araneae,Ctenidae,Ancylometes,Ancylometes sp. MR-2004,terrestrial,terrestrial
P84027,280265,Omega-agatoxin family,37,fragment,Venom,,,,,,,,,,,both,37,37,Ancylometes sp. MR-2004,Arthropoda,Arachnida,Araneae,Ctenidae,Ancylometes,Ancylometes sp. MR-2004,terrestrial,terrestrial
P84028,280265,Spider toxin Tx2 family,47,,Venom,,,,,,,,,,,both,47,47,Ancylometes sp. MR-2004,Arthropoda,Arachnida,Araneae,Ctenidae,Ancylometes,Ancylometes sp. MR-2004,terrestrial,terrestrial
Q92035,8613,Type-B carboxylesterase/lipase family,606,,Liver; Muscle; Venom; Venom gland,,Glycoprotein,Disulfide bond:4; Glycosylation:4,Yes,,,,,,,venom_tissue,578,578,Bungarus fasciatus,Chordata,Lepidosauria,Squamata,Elapidae,Bungarus,Bungarus fasciatus,terrestrial,terrestrial
P58608,184613,,35,,Saliva,,,Disulfide bond:3,,,,,,,,both,35,35,Agriosphodrus dohrni,Arthropoda,Insecta,Hemiptera,Reduviidae,Agriosphodrus,Agriosphodrus dohrni,terrestrial,terrestrial
P15228,34649,Alpha/beta-scorpion toxin family,85,,Venom; Venom gland,,Amidation,Disulfide bond:4; Amidation:1,Yes,,GO:0009405 (pathogenesis); GO:0005576 (extracellular region); GO:0019871 (sodium channel inhibitor activity),GO:0009405 (pathogenesis),GO:0005576 (extracellular region),GO:0019871 (sodium channel inhibitor activity),,both,64,61,Olivierus martensii,Arthropoda,Arachnida,Scorpiones,Buthidae,Olivierus,Olivierus martensii,terrestrial,terrestrial
Q86M31,34649,Alpha/beta-scorpion toxin family,85,,Venom,,Amidation,Disulfide bond:4; Amidation:1,Yes,,,,,,,both,64,61,Olivierus martensii,Arthropoda,Arachnida,Scorpiones,Buthidae,Olivierus,Olivierus martensii,terrestrial,terrestrial
P69943,48400,Sea anemone sodium channel inhibitory toxin family,47,,Cnidoblast,LD(50) is 2.2 ug/kg to crabs.,,Disulfide bond:3,,,,,,,,kw_toxin,47,47,Anemonia erythraea,Cnidaria,Anthozoa,Actiniaria,Actiniidae,Anemonia,Anemonia erythraea,marine,marine
P69944,48400,,59,,Cnidoblast,LD(50) is 0.53 ug/kg to crabs.,,,,,,,,,,kw_toxin,59,59,Anemonia erythraea,Cnidaria,Anthozoa,Actiniaria,Actiniidae,Anemonia,Anemonia erythraea,marine,marine
P69945,48400,,59,,Cnidoblast,LD(50) is 0.28 ug/kg to crabs.,,,,,,,,,,kw_toxin,59,59,Anemonia erythraea,Cnidaria,Anthozoa,Actiniaria,Actiniidae,Anemonia,Anemonia erythraea,marine,marine
P61408,29015,Spider potassium channel inhibitory toxin family,29,,Venom,,Amidation,Disulfide bond:3; Amidation:1,,,,,,,,both,29,29,Grammostola rosea,Arthropoda,Arachnida,Araneae,Theraphosidae,Grammostola,Grammostola rosea,terrestrial,terrestrial
P61409,29015,Spider potassium channel inhibitory toxin family,31,,Venom,,,Disulfide bond:3,,,,,,,,both,31,31,Grammostola rosea,Arthropoda,Arachnida,Araneae,Theraphosidae,Grammostola,Grammostola rosea,terrestrial,terrestrial
P01500,7460,,46,,Venom; Venom gland,,Amidation,Disulfide bond:2; Amidation:1,Yes,Yes,,,,,,both,27,18,Apis mellifera,Arthropoda,Insecta,Hymenoptera,Apidae,Apis,Apis mellifera,terrestrial,terrestrial
P61541,6110,Sea anemone BDS toxin family,42,,,,,Disulfide bond:3,,,,,,,,kw_toxin,42,42,Anthopleura elegantissima,Cnidaria,Anthozoa,Actiniaria,Actiniidae,Anthopleura,Anthopleura elegantissima,marine,marine
P61542,6110,Sea anemone BDS toxin family,42,,,,,Disulfide bond:3,,,,,,,,kw_toxin,42,42,Anthopleura elegantissima,Cnidaria,Anthozoa,Actiniaria,Actiniidae,Anthopleura,Anthopleura elegantissima,marine,marine
P83451,58720,Asparaginase 2 family,40,,Venom,,Glycoprotein,,,,,,,,,venom_tissue,40,40,Asobara tabida,Arthropoda,Insecta,Hymenoptera,Braconidae,Asobara,Asobara tabida,terrestrial,terrestrial
P83512,8722,Peptidase M12B family,203,,Venom,,Pyrrolidone carboxylic acid,Disulfide bond:3; Pyrrolidone carboxylic acid:1,,,,,,,,both,203,203,Bothrops asper,Chordata,Lepidosauria,Squamata,Viperidae,Bothrops,Bothrops asper,terrestrial,terrestrial
P84035,8722,Peptidase M12B family,63,,Venom gland,,,,,,,,,,,both,63,63,Bothrops asper,Chordata,Lepidosauria,Squamata,Viperidae,Bothrops,Bothrops asper,terrestrial,terrestrial
P83346,92438,Snake toxin family,65,,Venom,,,Disulfide bond:4,,,,,,,,both,65,65,Bungarus candidus,Chordata,Lepidosauria,Squamata,Elapidae,Bungarus,Bungarus candidus,terrestrial,terrestrial
P59891,244728,Alpha/beta-scorpion toxin family,30,fragment,Venom,,,,,,,,,,,both,30,30,Babycurus centrurimorphus,Arthropoda,Arachnida,Scorpiones,Buthidae,Babycurus,Babycurus centrurimorphus,terrestrial,terrestrial
P11494,6108,Sea anemone BDS toxin family,43,,,,,Disulfide bond:3,,,,,,,,kw_toxin,43,43,Anemonia sulcata,Cnidaria,Anthozoa,Actiniaria,Actiniidae,Anemonia,Anemonia sulcata,marine,marine
P59084,6108,Sea anemone BDS toxin family,43,,,,,Disulfide bond:3,,,,,,,,kw_toxin,43,43,Anemonia sulcata,Cnidaria,Anthozoa,Actiniaria,Actiniidae,Anemonia,Anemonia sulcata,marine,marine
P58752,170972,Alpha/beta-scorpion toxin family,58,,Venom,,,Disulfide bond:3,,,,,,,,both,58,58,Parabuthus transvaalicus,Arthropoda,Arachnida,Scorpiones,Buthidae,Parabuthus,Parabuthus transvaalicus,terrestrial,terrestrial
Q9DGI0,8724,Fetuin family,341,,Liver,,Glycoprotein,Disulfide bond:6; Glycosylation:4,Yes,,GO:0045861 (negative regulation of proteolysis and pept...); GO:0008191 (metalloendopeptidase inhibitor activity),GO:0045861 (negative regulation of proteolysis and pept...),,GO:0008191 (metalloendopeptidase inhibitor activity),,venom_tissue,322,322,Bothrops jararaca,Chordata,Lepidosauria,Squamata,Viperidae,Bothrops,Bothrops jararaca,terrestrial,terrestrial
P10521,28643,MCD family,17,,Venom,,Amidation,Amidation:1,,,,,,,,venom_tissue,17,17,Bombus pensylvanicus,Arthropoda,Insecta,Hymenoptera,Apidae,Bombus,Bombus pensylvanicus,terrestrial,terrestrial
P07493,28643,MCD family,17,,Venom,,Amidation,Amidation:1,,,,,,,,venom_tissue,17,17,Bombus pensylvanicus,Arthropoda,Insecta,Hymenoptera,Apidae,Bombus,Bombus pensylvanicus,terrestrial,terrestrial
P07494,28643,MCD family,17,,Venom,,Amidation,Amidation:1,,,,,,,,venom_tissue,17,17,Bombus pensylvanicus,Arthropoda,Insecta,Hymenoptera,Apidae,Bombus,Bombus pensylvanicus,terrestrial,terrestrial
P07495,28643,MCD family,17,,Venom,,Amidation,Amidation:1,,,,,,,,venom_tissue,17,17,Bombus pensylvanicus,Arthropoda,Insecta,Hymenoptera,Apidae,Bombus,Bombus pensylvanicus,terrestrial,terrestrial
P07496,28643,MCD family,17,,Venom,,Amidation,Amidation:1,,,,,,,,venom_tissue,17,17,Bombus pensylvanicus,Arthropoda,Insecta,Hymenoptera,Apidae,Bombus,Bombus pensylvanicus,terrestrial,terrestrial
P58803,35631,,7,,Venom,,Amidation; Bromination; Pyrrolidone carboxylic acid,Amidation:1; Bromination:1; Disulfide bond:1; Pyrrolidone carboxylic acid:1,,,,,,,,venom_tissue,7,7,Conus imperialis,Mollusca,Gastropoda,Neogastropoda,Conidae,Conus,Conus imperialis,marine,marine
P59866,42519,,34,,Venom,,,,,,,,,,,venom_tissue,34,34,Hottentotta tamulus,Arthropoda,Arachnida,Scorpiones,Buthidae,Hottentotta,Hottentotta tamulus,terrestrial,terrestrial
P59887,42519,Short scorpion toxin family,36,,Venom,,,Disulfide bond:4,,,,,,,,both,36,36,Hottentotta tamulus,Arthropoda,Arachnida,Scorpiones,Buthidae,Hottentotta,Hottentotta tamulus,terrestrial,terrestrial
P59886,42519,Short scorpion toxin family,38,,Venom,,,Disulfide bond:3,,,,,,,,both,38,38,Hottentotta tamulus,Arthropoda,Arachnida,Scorpiones,Buthidae,Hottentotta,Hottentotta tamulus,terrestrial,terrestrial
P80163,61304,Endothelin/sarafotoxin family,21,,Venom,,,Disulfide bond:2,,,,,,,,kw_toxin,21,21,Atractaspis bibronii,Chordata,Lepidosauria,Squamata,Lamprophiidae,Atractaspis,Atractaspis bibronii,terrestrial,terrestrial
P81782,92438,Snake toxin family,63,,Venom,,,Disulfide bond:5,,,,,,,,both,63,63,Bungarus candidus,Chordata,Lepidosauria,Squamata,Elapidae,Bungarus,Bungarus candidus,terrestrial,terrestrial
P83661,246266,,8,,Venom,,,,,,GO:0005615 (extracellular space),,GO:0005615 (extracellular space),,,venom_tissue,8,8,Cyphononyx dorsalis,Arthropoda,Insecta,Hymenoptera,Pompilidae,Cyphononyx,Cyphononyx dorsalis,terrestrial,terrestrial
P83660,246266,,16,,Venom,,,,,,GO:0009405 (pathogenesis); GO:0005615 (extracellular space),GO:0009405 (pathogenesis),GO:0005615 (extracellular space),,,both,16,16,Cyphononyx dorsalis,Arthropoda,Insecta,Hymenoptera,Pompilidae,Cyphononyx,Cyphononyx dorsalis,terrestrial,terrestrial
P81783,92438,Snake toxin family,87,,Venom; Venom gland,,,Disulfide bond:5,Yes,,,,,,,both,66,66,Bungarus candidus,Chordata,Lepidosauria,Squamata,Elapidae,Bungarus,Bungarus candidus,terrestrial,terrestrial
P60976,269418,,80,,Venom; Venom gland,PD(50) is 2.37 +/- 0.12 mg/kg by injection into the abdomen of larvae of H.virescens.,,,Yes,Yes,,,,,,kw_toxin,60,39,Calisoga sp. US5688764,Arthropoda,Arachnida,Araneae,Nemesiidae,Calisoga,Calisoga sp. US5688764,terrestrial,terrestrial
P60977,269418,,39,,Venom; Venom gland,PD(50) is 3.70 +/- 0.19 mg/kg by injection into the abdomen of larvae of H.virescens.,,,,,,,,,,kw_toxin,39,39,Calisoga sp. US5688764,Arthropoda,Arachnida,Araneae,Nemesiidae,Calisoga,Calisoga sp. US5688764,terrestrial,terrestrial
P60978,269418,,39,,Venom; Venom gland,,,,,,,,,,,kw_toxin,39,39,Calisoga sp. US5688764,Arthropoda,Arachnida,Araneae,Nemesiidae,Calisoga,Calisoga sp. US5688764,terrestrial,terrestrial
P28878,6493,Conotoxin A-superfamily,13,,Venom,,Amidation,Disulfide bond:2; Amidation:1,,,,,,,,both,13,13,Conus striatus,Mollusca,Gastropoda,Neogastropoda,Conidae,Conus,Conus striatus,marine,marine
P14613,8649,Snake toxin family,62,,Venom,,,Disulfide bond:4,,,,,,,,both,62,62,Naja kaouthia,Chordata,Lepidosauria,Squamata,Elapidae,Naja,Naja kaouthia,terrestrial,terrestrial
P82849,8649,Snake toxin family,62,,Venom,,,Disulfide bond:4,,,,,,,,both,62,62,Naja kaouthia,Chordata,Lepidosauria,Squamata,Elapidae,Naja,Naja kaouthia,terrestrial,terrestrial
Q91132,8649,Contains 1 anaphylatoxin-like domain,1642,,Venom gland,,Glycoprotein; Thioester bond,Disulfide bond:13; Glycosylation:4; Cross-link:1,Yes,,,,,,,venom_tissue,1620,1258,Naja kaouthia,Chordata,Lepidosauria,Squamata,Elapidae,Naja,Naja kaouthia,terrestrial,terrestrial
Q01833,35670,Contains 1 anaphylatoxin-like domain,1651,,Liver,,Thioester bond,Disulfide bond:13; Cross-link:1,Yes,,,,,,,venom_tissue,1629,1267,Naja naja,Chordata,Lepidosauria,Squamata,Elapidae,Naja,Naja naja,terrestrial,terrestrial
Q9TWL9,6492,Phospholipase A2 family,77,,Venom,,Pyrrolidone carboxylic acid,Pyrrolidone carboxylic acid:1,,,,,,,,both,77,77,Conus magus,Mollusca,Gastropoda,Neogastropoda,Conidae,Conus,Conus magus,marine,marine
Q9TWL8,6492,,42,,Venom,,,,,,,,,,,both,42,42,Conus magus,Mollusca,Gastropoda,Neogastropoda,Conidae,Conus,Conus magus,marine,marine
Q9XYR5,6491,,76,,Venom,,Glycoprotein; Pyrrolidone carboxylic acid,Glycosylation:1; Pyrrolidone carboxylic acid:1,Yes,Yes,,,,,,both,54,16,Conus geographus,Mollusca,Gastropoda,Neogastropoda,Conidae,Conus,Conus geographus,marine,marine
P05487,6493,Vasopressin/oxytocin family,9,,,,Amidation,Amidation:1; Disulfide bond:1,,,,,,,,venom_tissue,9,9,Conus striatus,Mollusca,Gastropoda,Neogastropoda,Conidae,Conus,Conus striatus,marine,marine
P58784,41690,Contryphan family,63,,Venom duct,,Amidation; D-amino acid; Hydroxylation,Amidation:1; D-amino acid:1; Disulfide bond:1; Hydroxylation:1,Yes,Yes,,,,,,both,40,8,Conus purpurascens,Mollusca,Gastropoda,Neogastropoda,Conidae,Conus,Conus purpurascens,marine,marine
Q9NDA7,6494,Contryphan family,63,,Venom duct,,Amidation; D-amino acid; Hydroxylation,Amidation:1; D-amino acid:1; Hydroxylation:1,Yes,Yes,,,,,,both,40,8,Conus textile,Mollusca,Gastropoda,Neogastropoda,Conidae,Conus,Conus textile,marine,marine
P58785,41690,Contryphan family,8,,Venom,,D-amino acid,D-amino acid:1; Disulfide bond:1,,,,,,,,both,8,8,Conus purpurascens,Mollusca,Gastropoda,Neogastropoda,Conidae,Conus,Conus purpurascens,marine,marine
Q9NDA5,6494,Contryphan family,63,,Venom duct,,Amidation; D-amino acid; Hydroxylation,Amidation:1; D-amino acid:1; Hydroxylation:1,Yes,Yes,,,,,,both,42,8,Conus textile,Mollusca,Gastropoda,Neogastropoda,Conidae,Conus,Conus textile,marine,marine
Q9NDA6,6494,Contryphan family,63,,Venom duct,,Amidation; D-amino acid,Amidation:1; D-amino acid:1,Yes,Yes,,,,,,both,40,7,Conus textile,Mollusca,Gastropoda,Neogastropoda,Conidae,Conus,Conus textile,marine,marine
P62903,42752,Contryphan family,63,,Venom; Venom duct,,Amidation; D-amino acid; Gamma-carboxyglutamic acid,Gamma-carboxyglutamic acid:2; Amidation:1; D-amino acid:1; Disulfide bond:1,Yes,Yes,,,,,,both,40,11,Conus marmoreus,Mollusca,Gastropoda,Neogastropoda,Conidae,Conus,Conus marmoreus,marine,marine
P58786,61198,Contryphan family,63,,Venom; Venom duct,,Amidation; Bromination; D-amino acid; Hydroxylation,Amidation:1; Bromination:1; D-amino acid:1; Disulfide bond:1; Hydroxylation:1,Yes,Yes,,,,,,both,40,15,Conus radiatus,Mollusca,Gastropoda,Neogastropoda,Conidae,Conus,Conus radiatus,marine,marine
P58787,89452,Contryphan family,63,,Venom; Venom duct,,Amidation; D-amino acid; Hydroxylation,Amidation:1; D-amino acid:1; Disulfide bond:1; Hydroxylation:1,Yes,Yes,,,,,,both,40,8,Conus stercusmuscarum,Mollusca,Gastropoda,Neogastropoda,Conidae,Conus,Conus stercusmuscarum,marine,marine
P83047,117992,Contryphan family,9,,Venom,,Amidation; D-amino acid,Amidation:1; D-amino acid:1; Disulfide bond:1,,,,,,,,both,9,9,Conus ventricosus,Mollusca,Gastropoda,Neogastropoda,Conidae,Conus,Conus ventricosus,marine,marine
P17237,7495,MCD family,13,,Venom,,Amidation,Amidation:1,,,,,,,,venom_tissue,13,13,Icaria sp.,Arthropoda,Insecta,Hymenoptera,Vespidae,Icaria,Icaria sp.,terrestrial,terrestrial
P17233,7449,MCD family,13,,Venom,,Amidation,Amidation:1,,,,,,,,venom_tissue,13,13,Vespa analis,Arthropoda,Insecta,Hymenoptera,Vespidae,Vespa,Vespa analis,terrestrial,terrestrial
P01518,7445,MCD family,13,,Venom,,Amidation,Amidation:1,,,,,,,,venom_tissue,13,13,Vespa crabro,Arthropoda,Insecta,Hymenoptera,Vespidae,Vespa,Vespa crabro,terrestrial,terrestrial
P17235,7452,MCD family,13,,Venom,,Amidation,Amidation:1,,,,,,,,venom_tissue,13,13,Vespula lewisii,Arthropoda,Insecta,Hymenoptera,Vespidae,Vespula,Vespula lewisii,terrestrial,terrestrial
P17232,7446,MCD family,13,,Venom,,Amidation,Amidation:1,,,,,,,,venom_tissue,13,13,Vespa mandarinia,Arthropoda,Insecta,Hymenoptera,Vespidae,Vespa,Vespa mandarinia,terrestrial,terrestrial
P17236,7447,MCD family,14,,Venom,,Amidation,Amidation:1,,,,,,,,venom_tissue,14,14,Vespa orientalis,Arthropoda,Insecta,Hymenoptera,Vespidae,Vespa,Vespa orientalis,terrestrial,terrestrial
P17231,7450,MCD family,13,,Venom,,Amidation,Amidation:1,,,,,,,,venom_tissue,13,13,Vespa tropica,Arthropoda,Insecta,Hymenoptera,Vespidae,Vespa,Vespa tropica,terrestrial,terrestrial
P17234,7448,MCD family,13,,Venom,,Amidation,Amidation:1,,,,,,,,venom_tissue,13,13,Vespa simillima xanthoptera,Arthropoda,Insecta,Hymenoptera,Vespidae,Vespa,Vespa simillima,terrestrial,terrestrial
P81991,29156,CRISP family,46,fragment,Venom,,,,,,,,,,,both,46,46,Austrelaps superbus,Chordata,Lepidosauria,Squamata,Elapidae,Austrelaps,Austrelaps superbus,terrestrial,terrestrial
Q8UW25,8781,CRISP family,238,,Venom gland,,,,Yes,,,,,,,both,219,219,Hydrophis hardwickii,Chordata,Lepidosauria,Squamata,Elapidae,Hydrophis,Hydrophis hardwickii,marine,marine
Q7T1K6,8656,CRISP family,239,,Venom,,,,Yes,,,,,,,both,221,221,Naja atra,Chordata,Lepidosauria,Squamata,Elapidae,Naja,Naja atra,terrestrial,terrestrial
P81992,29156,CRISP family,28,fragment,Venom,,,,,,,,,,,both,28,28,Austrelaps superbus,Chordata,Lepidosauria,Squamata,Elapidae,Austrelaps,Austrelaps superbus,terrestrial,terrestrial
Q8UW11,8781,CRISP family,238,,Venom gland,,,Disulfide bond:3,Yes,,,,,,,both,219,219,Hydrophis hardwickii,Chordata,Lepidosauria,Squamata,Elapidae,Hydrophis,Hydrophis hardwickii,marine,marine
Q7ZZN8,8656,CRISP family,238,,Venom,,,,Yes,,,,,,,both,219,219,Naja atra,Chordata,Lepidosauria,Squamata,Elapidae,Naja,Naja atra,terrestrial,terrestrial
Q8JI40,242054,CRISP family,240,,Venom; Venom gland,,,,Yes,,,,,,,both,221,221,Gloydius blomhoffii,Chordata,Lepidosauria,Squamata,Viperidae,Gloydius,Gloydius blomhoffii,terrestrial,terrestrial
Q7ZTA0,8716,CRISP family,240,,Venom gland,,,,Yes,,,,,,,both,221,221,Agkistrodon piscivorus piscivorus,Chordata,Lepidosauria,Squamata,Viperidae,Agkistrodon,Agkistrodon piscivorus,terrestrial,terrestrial
P81990,8607,CRISP family,30,fragment,Venom,,,,,,,,,,,both,30,30,Aspidelaps scutatus,Chordata,Lepidosauria,Squamata,Elapidae,Aspidelaps,Aspidelaps scutatus,terrestrial,terrestrial
P81993,92438,CRISP family,67,fragment,Venom,,,,,,,,,,,both,67,67,Bungarus candidus,Chordata,Lepidosauria,Squamata,Elapidae,Bungarus,Bungarus candidus,terrestrial,terrestrial
Q7ZT99,8730,CRISP family,240,,Venom gland,,,,Yes,,,,,,,both,221,221,Crotalus atrox,Chordata,Lepidosauria,Squamata,Viperidae,Crotalus,Crotalus atrox,terrestrial,terrestrial
Q8JI38,8631,CRISP family,238,,Venom gland,,,,Yes,,,,,,,both,219,219,Laticauda semifasciata,Chordata,Lepidosauria,Squamata,Elapidae,Laticauda,Laticauda semifasciata,marine,marine
Q7ZT98,8665,CRISP family,239,,Venom gland,,,,Yes,,,,,,,both,221,221,Ophiophagus hannah,Chordata,Lepidosauria,Squamata,Elapidae,Ophiophagus,Ophiophagus hannah,terrestrial,terrestrial
Q8AVA4,8670,CRISP family,238,,Venom; Venom gland,,,,Yes,Yes,,,,,,both,219,211,Pseudechis australis,Chordata,Lepidosauria,Squamata,Elapidae,Pseudechis,Pseudechis australis,terrestrial,terrestrial
Q8AVA3,8671,CRISP family,238,,Venom; Venom gland,,,,Yes,Yes,,,,,,both,219,210,Pseudechis porphyriacus,Chordata,Lepidosauria,Squamata,Elapidae,Pseudechis,Pseudechis porphyriacus,terrestrial,terrestrial
Q8JGT9,193080,CRISP family,237,,Venom; Venom gland,,,,Yes,,,,,,,both,219,219,Rhabdophis tigrinus tigrinus,Chordata,Lepidosauria,Squamata,Colubridae,Rhabdophis,Rhabdophis tigrinus,terrestrial,terrestrial
Q8JI39,88087,CRISP family,240,,Venom gland,,,,Yes,,,,,,,both,221,221,Protobothrops flavoviridis,Chordata,Lepidosauria,Squamata,Viperidae,Protobothrops,Protobothrops flavoviridis,terrestrial,terrestrial
Q7ZZN9,135726,CRISP family,240,,Venom; Venom gland,,,,Yes,,,,,,,both,221,221,Protobothrops jerdonii,Chordata,Lepidosauria,Squamata,Viperidae,Protobothrops,Protobothrops jerdonii,terrestrial,terrestrial
P79845,103944,CRISP family,240,,Venom gland,,,,Yes,,,,,,,both,221,221,Protobothrops mucrosquamatus,Chordata,Lepidosauria,Squamata,Viperidae,Protobothrops,Protobothrops mucrosquamatus,terrestrial,terrestrial
P81995,101163,CRISP family,33,fragment,Venom,,,,,,,,,,,both,33,33,Trimeresurus purpureomaculatus,Chordata,Lepidosauria,Squamata,Viperidae,Trimeresurus,Trimeresurus purpureomaculatus,terrestrial,terrestrial
P60623,39682,CRISP family,233,fragment,Venom gland,,,,Yes,,,,,,,both,221,221,Trimeresurus stejnegeri,Chordata,Lepidosauria,Squamata,Viperidae,Trimeresurus,Trimeresurus stejnegeri,terrestrial,terrestrial
Q6HAA2,8732,Snake toxin myotoxin family,63,,Liver,,,Disulfide bond:3,Yes,,,,,,,venom_tissue,41,41,Crotalus durissus terrificus,Chordata,Lepidosauria,Squamata,Viperidae,Crotalus,Crotalus durissus,terrestrial,terrestrial
Q9W6W6,8656,Snake toxin family,82,,Liver,,,Disulfide bond:4,Yes,,,,,,,both,60,60,Naja atra,Chordata,Lepidosauria,Squamata,Elapidae,Naja,Naja atra,terrestrial,terrestrial
Q9GV72,78582,Jellyfish toxin family,450,,Cnidoblast,LD(50) is 20 ug/kg by intravenous injection into mice and 5 ug/kg by intraperitoneal injection into crayfish.,,,Yes,,,,,,,kw_toxin,432,432,Carybdea rastonii,Cnidaria,Cubozoa,Carybdeida,Carybdeidae,Carybdea,Carybdea rastonii,marine,marine
P60304,8656,Snake toxin family,81,,Liver; Venom; Venom gland,,,Disulfide bond:4,Yes,,,,,,,both,60,60,Naja atra,Chordata,Lepidosauria,Squamata,Elapidae,Naja,Naja atra,terrestrial,terrestrial
P60305,8649,Snake toxin family,60,,Venom,,,Disulfide bond:4,,,,,,,,both,60,60,Naja kaouthia,Chordata,Lepidosauria,Squamata,Elapidae,Naja,Naja kaouthia,terrestrial,terrestrial
O93471,33626,Snake toxin family,81,,Venom gland,,,Disulfide bond:4,Yes,,,,,,,both,60,60,Naja sputatrix,Chordata,Lepidosauria,Squamata,Elapidae,Naja,Naja sputatrix,terrestrial,terrestrial
Q9PST4,33626,Snake toxin family,81,,Liver; Venom gland,,,Disulfide bond:4,Yes,,,,,,,both,60,60,Naja sputatrix,Chordata,Lepidosauria,Squamata,Elapidae,Naja,Naja sputatrix,terrestrial,terrestrial
Q9PST3,33626,Snake toxin family,81,,Venom gland,,,Disulfide bond:4,Yes,,,,,,,both,60,60,Naja sputatrix,Chordata,Lepidosauria,Squamata,Elapidae,Naja,Naja sputatrix,terrestrial,terrestrial
O93472,33626,Snake toxin family,81,,Venom gland,,,Disulfide bond:3,Yes,,,,,,,both,60,60,Naja sputatrix,Chordata,Lepidosauria,Squamata,Elapidae,Naja,Naja sputatrix,terrestrial,terrestrial
P01442,8656,Snake toxin family,81,,Liver; Venom; Venom gland,LD(50) is 2.1 mg/kg by intravenous injection.,,Disulfide bond:4,Yes,,,,,,,both,60,60,Naja atra,Chordata,Lepidosauria,Squamata,Elapidae,Naja,Naja atra,terrestrial,terrestrial
Q9DGH9,8649,Snake toxin family,81,,Venom gland,,,Disulfide bond:4,Yes,,,,,,,both,60,60,Naja kaouthia,Chordata,Lepidosauria,Squamata,Elapidae,Naja,Naja kaouthia,terrestrial,terrestrial
P60306,8656,Snake toxin family,60,,Venom,,,Disulfide bond:4,,,,,,,,both,60,60,Naja atra,Chordata,Lepidosauria,Squamata,Elapidae,Naja,Naja atra,terrestrial,terrestrial
P60301,8656,Snake toxin family,81,,Liver; Venom; Venom gland,,,Disulfide bond:4,Yes,,,,,,,both,60,60,Naja atra,Chordata,Lepidosauria,Squamata,Elapidae,Naja,Naja atra,terrestrial,terrestrial
P60302,33626,Snake toxin family,81,,Liver; Venom; Venom gland,,,Disulfide bond:4,Yes,,,,,,,both,60,60,Naja sputatrix,Chordata,Lepidosauria,Squamata,Elapidae,Naja,Naja sputatrix,terrestrial,terrestrial
O93473,33626,Snake toxin family,81,,Venom gland,,,Disulfide bond:4,Yes,,,,,,,both,60,60,Naja sputatrix,Chordata,Lepidosauria,Squamata,Elapidae,Naja,Naja sputatrix,terrestrial,terrestrial
O73856,33626,Snake toxin family,81,,Liver; Venom; Venom gland,,,Disulfide bond:4,Yes,,,,,,,both,60,60,Naja sputatrix,Chordata,Lepidosauria,Squamata,Elapidae,Naja,Naja sputatrix,terrestrial,terrestrial
Q9W6W9,8656,Snake toxin family,81,,Liver,,,Disulfide bond:4,Yes,,,,,,,both,60,60,Naja atra,Chordata,Lepidosauria,Squamata,Elapidae,Naja,Naja atra,terrestrial,terrestrial
P01443,8656,Snake toxin family,81,,Liver; Venom; Venom gland,LD(50) is 2.1 mg/kg by intravenous injection.,,Disulfide bond:4,Yes,,,,,,,both,60,60,Naja atra,Chordata,Lepidosauria,Squamata,Elapidae,Naja,Naja atra,terrestrial,terrestrial
P60303,8649,Snake toxin family,81,,Venom; Venom gland,LD(50) is 1.48 mg/kg by intraperitoneal injection.,,Disulfide bond:4,Yes,,,,,,,both,60,60,Naja kaouthia,Chordata,Lepidosauria,Squamata,Elapidae,Naja,Naja kaouthia,terrestrial,terrestrial
O73857,33626,Snake toxin family,81,,Liver; Venom; Venom gland,,,Disulfide bond:4,Yes,,,,,,,both,60,60,Naja sputatrix,Chordata,Lepidosauria,Squamata,Elapidae,Naja,Naja sputatrix,terrestrial,terrestrial
P60310,33626,Snake toxin family,81,,Venom gland,,,Disulfide bond:4,Yes,,,,,,,both,60,60,Naja sputatrix,Chordata,Lepidosauria,Squamata,Elapidae,Naja,Naja sputatrix,terrestrial,terrestrial
Q9PS34,8657,Snake toxin family,60,,,,,Disulfide bond:4,,,,,,,,both,60,60,Naja oxiana,Chordata,Lepidosauria,Squamata,Elapidae,Naja,Naja oxiana,terrestrial,terrestrial
Q98965,8656,Snake toxin family,82,,Venom gland,,,Disulfide bond:4,Yes,,,,,,,both,61,61,Naja atra,Chordata,Lepidosauria,Squamata,Elapidae,Naja,Naja atra,terrestrial,terrestrial
O73858,33626,Snake toxin family,62,fragment,Liver,,,Disulfide bond:4,Yes,,,,,,,both,60,60,Naja sputatrix,Chordata,Lepidosauria,Squamata,Elapidae,Naja,Naja sputatrix,terrestrial,terrestrial
O73859,33626,Snake toxin family,62,fragment,Liver,,,Disulfide bond:4,Yes,,,,,,,both,60,60,Naja sputatrix,Chordata,Lepidosauria,Squamata,Elapidae,Naja,Naja sputatrix,terrestrial,terrestrial
Q91124,8656,Snake toxin family,81,,Venom gland,,,Disulfide bond:4,Yes,,,,,,,both,60,60,Naja atra,Chordata,Lepidosauria,Squamata,Elapidae,Naja,Naja atra,terrestrial,terrestrial
Q9GNN8,112899,Jellyfish toxin family,463,,Cnidoblast,LD(50) is 5-25 ug/kg by intraperitoneal injection into crayfish.,,,Yes,,,,,,,kw_toxin,445,445,Alatina alata,Cnidaria,Cubozoa,Carybdeida,Alatinidae,Alatina,Alatina alata,marine,marine
P58762,130731,Jellyfish toxin family,462,,Cnidoblast,LD(50) is 80 ug/kg by intraperitoneal injection into crayfish.,,,Yes,,,,,,,kw_toxin,443,443,Chiropsoides quadrigatus,Cnidaria,Cubozoa,Chirodropida,Chiropsalmidae,Chiropsoides,Chiropsoides quadrigatus,marine,marine
Q02454,33626,Snake toxin family,81,,Venom gland,,,Disulfide bond:4,Yes,,,,,,,both,60,60,Naja sputatrix,Chordata,Lepidosauria,Squamata,Elapidae,Naja,Naja sputatrix,terrestrial,terrestrial
Q8T0W5,135724,Contains 1 TIL (Trypsin inhibitory-like) domain,85,,Venom; Venom gland,,,Disulfide bond:5,Yes,,,,,,,venom_tissue,64,64,Pimpla hypochondriaca,Arthropoda,Insecta,Hymenoptera,Ichneumonidae,Pimpla,Pimpla hypochondriaca,terrestrial,terrestrial
Q8T0W4,135724,Contains 1 BPTI/Kunitz inhibitor domain,77,,Venom; Venom gland,,,Disulfide bond:3,Yes,,,,,,,venom_tissue,54,54,Pimpla hypochondriaca,Arthropoda,Insecta,Hymenoptera,Ichneumonidae,Pimpla,Pimpla hypochondriaca,terrestrial,terrestrial
Q8T0W3,135724,,63,,Venom; Venom gland,,,Disulfide bond:3,Yes,,,,,,,venom_tissue,38,38,Pimpla hypochondriaca,Arthropoda,Insecta,Hymenoptera,Ichneumonidae,Pimpla,Pimpla hypochondriaca,terrestrial,terrestrial
Q8T0W2,135724,Protease inhibitor I19 family,203,,Venom; Venom gland,,,,Yes,,,,,,,venom_tissue,184,184,Pimpla hypochondriaca,Arthropoda,Insecta,Hymenoptera,Ichneumonidae,Pimpla,Pimpla hypochondriaca,terrestrial,terrestrial
Q8T0W1,135724,,115,,Venom; Venom gland,,,,Yes,,,,,,,venom_tissue,93,93,Pimpla hypochondriaca,Arthropoda,Insecta,Hymenoptera,Ichneumonidae,Pimpla,Pimpla hypochondriaca,terrestrial,terrestrial
Q8T0W0,135724,Contains 1 TIL (Trypsin inhibitory-like) domain,77,,Venom; Venom gland,,,Disulfide bond:5,Yes,,,,,,,venom_tissue,56,56,Pimpla hypochondriaca,Arthropoda,Insecta,Hymenoptera,Ichneumonidae,Pimpla,Pimpla hypochondriaca,terrestrial,terrestrial
Q8MMH0,135724,,109,,Venom; Venom gland,,,,Yes,,,,,,,venom_tissue,88,88,Pimpla hypochondriaca,Arthropoda,Insecta,Hymenoptera,Ichneumonidae,Pimpla,Pimpla hypochondriaca,terrestrial,terrestrial
P01453,8641,Snake toxin family,60,,Venom,LD(50) is 4.14 mg/kg by intravenous injection.,,Disulfide bond:4,,,,,,,,both,60,60,Naja annulifera,Chordata,Lepidosauria,Squamata,Elapidae,Naja,Naja annulifera,terrestrial,terrestrial
P84197,101314,,44,,Venom,,,,,,,,,,,both,44,44,Conus regius,Mollusca,Gastropoda,Neogastropoda,Conidae,Conus,Conus regius,marine,marine
P62394,8642,Snake toxin family,62,,Venom,LD(50) is 25.2 mg/kg by intravenous injection.,,Disulfide bond:4,,,,,,,,both,62,62,Naja haje haje,Chordata,Lepidosauria,Squamata,Elapidae,Naja,Naja haje,terrestrial,terrestrial
P62390,8641,Snake toxin family,62,,Venom,LD(50) is 25.2 mg/kg by intravenous injection.,,Disulfide bond:4,,,,,,,,both,62,62,Naja annulifera,Chordata,Lepidosauria,Squamata,Elapidae,Naja,Naja annulifera,terrestrial,terrestrial
Q91136,8656,Snake toxin family,81,,Venom gland,,,Disulfide bond:4,Yes,,,,,,,both,60,60,Naja atra,Chordata,Lepidosauria,Squamata,Elapidae,Naja,Naja atra,terrestrial,terrestrial
Q91135,8656,Snake toxin family,81,,Venom gland,,,Disulfide bond:4,Yes,,,,,,,both,60,60,Naja atra,Chordata,Lepidosauria,Squamata,Elapidae,Naja,Naja atra,terrestrial,terrestrial
P58623,89764,Conotoxin M-superfamily,14,,Venom,,,Disulfide bond:3,,,,,,,,both,14,14,Conus betulinus,Mollusca,Gastropoda,Neogastropoda,Conidae,Conus,Conus betulinus,marine,marine
Q98957,8656,Snake toxin family,81,,Venom gland,,,Disulfide bond:4,Yes,,,,,,,both,60,60,Naja atra,Chordata,Lepidosauria,Squamata,Elapidae,Naja,Naja atra,terrestrial,terrestrial
P58624,89764,Conotoxin M-superfamily,15,,Venom,,,Disulfide bond:3,,,,,,,,both,15,15,Conus betulinus,Mollusca,Gastropoda,Neogastropoda,Conidae,Conus,Conus betulinus,marine,marine
Q98956,8656,Snake toxin family,81,,Venom gland,,,Disulfide bond:4,Yes,,,,,,,both,60,60,Naja atra,Chordata,Lepidosauria,Squamata,Elapidae,Naja,Naja atra,terrestrial,terrestrial
P79810,8656,Snake toxin family,81,,Venom gland,,,Disulfide bond:4,Yes,,,,,,,both,60,60,Naja atra,Chordata,Lepidosauria,Squamata,Elapidae,Naja,Naja atra,terrestrial,terrestrial
Q98958,8656,Snake toxin family,81,,Venom gland,,,Disulfide bond:4,Yes,,,,,,,both,60,60,Naja atra,Chordata,Lepidosauria,Squamata,Elapidae,Naja,Naja atra,terrestrial,terrestrial
P01471,8626,Snake toxin family,61,,Venom,,,Disulfide bond:4,,,,,,,,both,61,61,Hemachatus haemachatus,Chordata,Lepidosauria,Squamata,Elapidae,Hemachatus,Hemachatus haemachatus,terrestrial,terrestrial
P01455,8641,Snake toxin family,60,,Venom,LD(50) is 3 mg/kg by intravenous injection.,,Disulfide bond:4,,,,,,,,both,60,60,Naja annulifera,Chordata,Lepidosauria,Squamata,Elapidae,Naja,Naja annulifera,terrestrial,terrestrial
P01448,8643,Snake toxin family,60,,Venom,LD(50) is 1.37 mg/kg by intravenous injection.,,Disulfide bond:4,,,,,,,,both,60,60,Naja melanoleuca,Chordata,Lepidosauria,Squamata,Elapidae,Naja,Naja melanoleuca,terrestrial,terrestrial
P01467,8644,Snake toxin family,60,,Venom,LD(50) is 0.83 mg/kg by intravenous injection.,,Disulfide bond:4,,,,,,,,both,60,60,Naja mossambica,Chordata,Lepidosauria,Squamata,Elapidae,Naja,Naja mossambica,terrestrial,terrestrial
P01447,35670,Snake toxin family,60,,Venom,,,Disulfide bond:4,,,,,,,,both,60,60,Naja naja,Chordata,Lepidosauria,Squamata,Elapidae,Naja,Naja naja,terrestrial,terrestrial
P01456,8655,Snake toxin family,60,,Venom,LD(50) is 2.9 mg/kg by subcutaneous injection.,,Disulfide bond:4,,,,,,,,both,60,60,Naja nivea,Chordata,Lepidosauria,Squamata,Elapidae,Naja,Naja nivea,terrestrial,terrestrial
P01451,8657,Snake toxin family,60,,Venom,,,Disulfide bond:4,,,,,,,,both,60,60,Naja oxiana,Chordata,Lepidosauria,Squamata,Elapidae,Naja,Naja oxiana,terrestrial,terrestrial
P01468,8658,Snake toxin family,60,,Venom,,,Disulfide bond:4,,,,,,,,both,60,60,Naja pallida,Chordata,Lepidosauria,Squamata,Elapidae,Naja,Naja pallida,terrestrial,terrestrial
P83345,195058,Snake toxin family,60,,Venom,,,Disulfide bond:4,,,,,,,,both,60,60,Naja sagittifera,Chordata,Lepidosauria,Squamata,Elapidae,Naja,Naja sagittifera,terrestrial,terrestrial
P58625,89764,,30,,Venom,,,,,,,,,,,both,30,30,Conus betulinus,Mollusca,Gastropoda,Neogastropoda,Conidae,Conus,Conus betulinus,marine,marine
Q9U619,35631,Conotoxin A-superfamily,62,,,,Amidation,Disulfide bond:2; Amidation:1,Yes,Yes,,,,,,both,44,12,Conus imperialis,Mollusca,Gastropoda,Neogastropoda,Conidae,Conus,Conus imperialis,marine,marine
P81727,89764,Conotoxin P-superfamily,27,,Venom,,Hydroxylation,Disulfide bond:3; Hydroxylation:1,,,,,,,,both,27,27,Conus betulinus,Mollusca,Gastropoda,Neogastropoda,Conidae,Conus,Conus betulinus,marine,marine
Q9U3Z3,89764,Conotoxin O-superfamily,70,,Venom; Venom duct,,Amidation; Cleavage on pair of basic residues; Gamma-carboxyglutamic acid; Hydroxylation,Gamma-carboxyglutamic acid:3; Amidation:1; Hydroxylation:1,Yes,Yes,,,,,,both,44,31,Conus betulinus,Mollusca,Gastropoda,Neogastropoda,Conidae,Conus,Conus betulinus,marine,marine
P24776,8626,Snake toxin family,61,,Venom,LD(50) is 3.8 mg/kg by intravenous injection.,,Disulfide bond:4,,,,,,,,both,61,61,Hemachatus haemachatus,Chordata,Lepidosauria,Squamata,Elapidae,Hemachatus,Hemachatus haemachatus,terrestrial,terrestrial
P01462,8641,Snake toxin family,60,,Venom,LD(50) is 1.98 mg/kg by intravenous injection.,,Disulfide bond:4,,,,,,,,both,60,60,Naja annulifera,Chordata,Lepidosauria,Squamata,Elapidae,Naja,Naja annulifera,terrestrial,terrestrial
P01445,8649,Snake toxin family,60,,Venom,LD(50) is 1.2 mg/kg by intravenous injection.,,Disulfide bond:4,,,,,,,,both,60,60,Naja kaouthia,Chordata,Lepidosauria,Squamata,Elapidae,Naja,Naja kaouthia,terrestrial,terrestrial
P01474,8643,Snake toxin family,61,,Venom,LD(50) is 6.25 mg/kg by intravenous injection.,,Disulfide bond:4,,,,,,,,both,61,61,Naja melanoleuca,Chordata,Lepidosauria,Squamata,Elapidae,Naja,Naja melanoleuca,terrestrial,terrestrial
P01469,8644,Snake toxin family,60,,Venom,LD(50) is 1.11 mg/kg by intravenous injection.,,Disulfide bond:4,,,,,,,,both,60,60,Naja mossambica,Chordata,Lepidosauria,Squamata,Elapidae,Naja,Naja mossambica,terrestrial,terrestrial
P01440,35670,Snake toxin family,60,,Venom,,,Disulfide bond:4,,,,,,,,both,60,60,Naja naja,Chordata,Lepidosauria,Squamata,Elapidae,Naja,Naja naja,terrestrial,terrestrial
P01463,8655,Snake toxin family,60,,Venom,LD(50) is 1.5 mg/kg by subcutaneous injection.,,Disulfide bond:4,,,,,,,,both,60,60,Naja nivea,Chordata,Lepidosauria,Squamata,Elapidae,Naja,Naja nivea,terrestrial,terrestrial
P01441,8657,Snake toxin family,60,,Venom,,,Disulfide bond:4,,,,,,,,both,60,60,Naja oxiana,Chordata,Lepidosauria,Squamata,Elapidae,Naja,Naja oxiana,terrestrial,terrestrial
P58841,101313,Conotoxin M-superfamily,15,,,,Amidation; Hydroxylation,Disulfide bond:3; Amidation:1; Hydroxylation:1,,,,,,,,both,15,15,Conus quercinus,Mollusca,Gastropoda,Neogastropoda,Conidae,Conus,Conus quercinus,marine,marine
Q98959,8656,Snake toxin family,81,,Liver; Venom gland,,,Disulfide bond:4,Yes,,,,,,,both,60,60,Naja atra,Chordata,Lepidosauria,Squamata,Elapidae,Naja,Naja atra,terrestrial,terrestrial
P58842,101313,Conotoxin M-superfamily,15,,,,Hydroxylation,Disulfide bond:3; Hydroxylation:1,,,,,,,,both,15,15,Conus quercinus,Mollusca,Gastropoda,Neogastropoda,Conidae,Conus,Conus quercinus,marine,marine
Q98960,8656,Snake toxin family,81,,Venom gland,,,Disulfide bond:4,Yes,,,,,,,both,60,60,Naja atra,Chordata,Lepidosauria,Squamata,Elapidae,Naja,Naja atra,terrestrial,terrestrial
Q98962,8656,Snake toxin family,81,,Venom gland,,,Disulfide bond:4,Yes,,,,,,,both,60,60,Naja atra,Chordata,Lepidosauria,Squamata,Elapidae,Naja,Naja atra,terrestrial,terrestrial
P24777,8626,Snake toxin family,61,,Venom,LD(50) is 2.5 mg/kg by intravenous injection.,,Disulfide bond:4,,,,,,,,both,61,61,Hemachatus haemachatus,Chordata,Lepidosauria,Squamata,Elapidae,Hemachatus,Hemachatus haemachatus,terrestrial,terrestrial
P01459,8641,Snake toxin family,60,,Venom,LD(50) is 2.98 mg/kg by intravenous injection.,,Disulfide bond:4,,,,,,,,both,60,60,Naja annulifera,Chordata,Lepidosauria,Squamata,Elapidae,Naja,Naja annulifera,terrestrial,terrestrial
P01446,8649,Snake toxin family,60,,Venom,"LD(50) of the glycosylated and non-glycosylated forms are 13.4 +/- 0.7 and 5.8 +/- 0.3 nmol/g by intra-abdominal injection into the cricket G.assimilis, respectively. LD(50) of the glycosylated and non-glycosylated forms are 15 +/- 1 and 0.16 +/- 0.01 uM for human HL-60 cells, respectively.",Glycoprotein,Disulfide bond:4; Glycosylation:1,,,GO:0009405 (pathogenesis); GO:0005576 (extracellular region),GO:0009405 (pathogenesis),GO:0005576 (extracellular region),,,both,60,60,Naja kaouthia,Chordata,Lepidosauria,Squamata,Elapidae,Naja,Naja kaouthia,terrestrial,terrestrial
P01473,8643,Snake toxin family,61,,Venom,LD(50) is 12 mg/kg by intraperitoneal injection.,,Disulfide bond:4,,,,,,,,both,61,61,Naja melanoleuca,Chordata,Lepidosauria,Squamata,Elapidae,Naja,Naja melanoleuca,terrestrial,terrestrial
P01470,8644,Snake toxin family,60,,Venom,LD(50) is 1.82 mg/kg by intravenous injection.,,Disulfide bond:4,,,,,,,,both,60,60,Naja mossambica,Chordata,Lepidosauria,Squamata,Elapidae,Naja,Naja mossambica,terrestrial,terrestrial
P24780,35670,Snake toxin family,60,,Venom,LD(50) is 40 to 55 mg/kg by subcutaneous injection.,,Disulfide bond:4,,,,,,,,both,60,60,Naja naja,Chordata,Lepidosauria,Squamata,Elapidae,Naja,Naja naja,terrestrial,terrestrial
P01458,8655,Snake toxin family,60,,Venom,LD(50) is 1.6 mg/kg by subcutaneous injection.,,Disulfide bond:4,,,,,,,,both,60,60,Naja nivea,Chordata,Lepidosauria,Squamata,Elapidae,Naja,Naja nivea,terrestrial,terrestrial
P01461,8641,Snake toxin family,60,,Venom,LD(50) is 4.0 mg/kg by intravenous injection.,,Disulfide bond:4,,,,,,,,both,60,60,Naja annulifera,Chordata,Lepidosauria,Squamata,Elapidae,Naja,Naja annulifera,terrestrial,terrestrial
P01452,8644,Snake toxin family,60,,Venom,LD(50) is 1.97 mg/kg by intravenous injection.,,Disulfide bond:4,,,,,,,,both,60,60,Naja mossambica,Chordata,Lepidosauria,Squamata,Elapidae,Naja,Naja mossambica,terrestrial,terrestrial
Q9U6Z9,37336,Conotoxin T-superfamily,63,,Venom duct,,,Disulfide bond:2,Yes,Yes,,,,,,both,42,13,Conus gloriamaris,Mollusca,Gastropoda,Neogastropoda,Conidae,Conus,Conus gloriamaris,marine,marine
Q9U6Z5,35631,Conotoxin T-superfamily,62,,Venom duct,,Amidation,Disulfide bond:2; Amidation:1,Yes,Yes,,,,,,both,43,12,Conus imperialis,Mollusca,Gastropoda,Neogastropoda,Conidae,Conus,Conus imperialis,marine,marine
Q9U700,6494,Conotoxin T-superfamily,62,,Venom duct,,Amidation,Disulfide bond:2; Amidation:1,Yes,Yes,,,,,,both,40,12,Conus textile,Mollusca,Gastropoda,Neogastropoda,Conidae,Conus,Conus textile,marine,marine
Q9U6Z8,37336,Conotoxin T-superfamily,62,,Venom duct,,Amidation,Disulfide bond:2; Amidation:1,Yes,Yes,,,,,,both,40,11,Conus gloriamaris,Mollusca,Gastropoda,Neogastropoda,Conidae,Conus,Conus gloriamaris,marine,marine
P58848,89437,Conotoxin T-superfamily,11,,Venom,,,Disulfide bond:2,,,,,,,,both,11,11,Conus aulicus,Mollusca,Gastropoda,Neogastropoda,Conidae,Conus,Conus aulicus,marine,marine
Q9U6Z6,41690,Conotoxin T-superfamily,63,,Venom; Venom duct,,Amidation,Disulfide bond:2; Amidation:1,Yes,Yes,,,,,,both,44,12,Conus purpurascens,Mollusca,Gastropoda,Neogastropoda,Conidae,Conus,Conus purpurascens,marine,marine
P60307,8656,Snake toxin family,60,,Venom,,,Disulfide bond:4,,,,,,,,both,60,60,Naja atra,Chordata,Lepidosauria,Squamata,Elapidae,Naja,Naja atra,terrestrial,terrestrial
P58849,89437,Conotoxin T-superfamily,11,,Venom,,,Disulfide bond:2,,,,,,,,both,11,11,Conus aulicus,Mollusca,Gastropoda,Neogastropoda,Conidae,Conus,Conus aulicus,marine,marine
P60308,8656,Snake toxin family,60,,Venom,,,Disulfide bond:4,,,,,,,,both,60,60,Naja atra,Chordata,Lepidosauria,Squamata,Elapidae,Naja,Naja atra,terrestrial,terrestrial
P60309,8656,Snake toxin family,60,,Venom,,,Disulfide bond:4,,,,,,,,both,60,60,Naja atra,Chordata,Lepidosauria,Squamata,Elapidae,Naja,Naja atra,terrestrial,terrestrial
P07525,8656,Snake toxin family,60,,Venom,,,Disulfide bond:4,,,,,,,,both,60,60,Naja atra,Chordata,Lepidosauria,Squamata,Elapidae,Naja,Naja atra,terrestrial,terrestrial
Q98961,8656,Snake toxin family,81,,Venom gland,,,Disulfide bond:4,Yes,,,,,,,both,60,60,Naja atra,Chordata,Lepidosauria,Squamata,Elapidae,Naja,Naja atra,terrestrial,terrestrial
P01464,8641,Snake toxin family,60,,Venom,LD(50) is 1.82 mg/kg by intravenous injection.,,Disulfide bond:4,,,,,,,,both,60,60,Naja annulifera,Chordata,Lepidosauria,Squamata,Elapidae,Naja,Naja annulifera,terrestrial,terrestrial
P01457,8642,Snake toxin family,60,,Venom,LD(50) is 2.6 mg/kg by subcutaneous injection.,,Disulfide bond:4,,,,,,,,both,60,60,Naja haje haje,Chordata,Lepidosauria,Squamata,Elapidae,Naja,Naja haje,terrestrial,terrestrial
P24779,8649,Snake toxin family,60,,Venom,,,Disulfide bond:4,,,,,,,,both,60,60,Naja kaouthia,Chordata,Lepidosauria,Squamata,Elapidae,Naja,Naja kaouthia,terrestrial,terrestrial
P25517,8644,Snake toxin family,60,,Venom,LD(50) is 2.85 mg/kg by intravenous injection.,,Disulfide bond:4,,,,,,,,both,60,60,Naja mossambica,Chordata,Lepidosauria,Squamata,Elapidae,Naja,Naja mossambica,terrestrial,terrestrial
P58843,101313,Conotoxin O-superfamily,25,,,,Hydroxylation,Disulfide bond:3; Hydroxylation:1,,,,,,,,both,25,25,Conus quercinus,Mollusca,Gastropoda,Neogastropoda,Conidae,Conus,Conus quercinus,marine,marine
P80245,8656,Snake toxin family,81,,Liver; Venom; Venom gland,,,Disulfide bond:4,Yes,,,,,,,both,60,60,Naja atra,Chordata,Lepidosauria,Squamata,Elapidae,Naja,Naja atra,terrestrial,terrestrial
P01465,8641,Snake toxin family,60,,Venom,LD(50) is 5.09 mg/kg by subcutaneous injection.,,Disulfide bond:4,,,,,,,,both,60,60,Naja annulifera,Chordata,Lepidosauria,Squamata,Elapidae,Naja,Naja annulifera,terrestrial,terrestrial
P24160,6494,Conotoxin O-superfamily,27,,Venom,,Amidation; Gamma-carboxyglutamic acid,Gamma-carboxyglutamic acid:2; Amidation:1,,,,,,,,both,27,27,Conus textile,Mollusca,Gastropoda,Neogastropoda,Conidae,Conus,Conus textile,marine,marine
P58923,6495,Conotoxin O-superfamily,30,,Venom,,Hydroxylation,Disulfide bond:3; Hydroxylation:2,,,,,,,,both,30,30,Conus tulipa,Mollusca,Gastropoda,Neogastropoda,Conidae,Conus,Conus tulipa,marine,marine
Q91126,8656,Snake toxin family,83,,Venom gland,,,Disulfide bond:4,Yes,,,,,,,both,62,62,Naja atra,Chordata,Lepidosauria,Squamata,Elapidae,Naja,Naja atra,terrestrial,terrestrial
Q91996,8656,Snake toxin family,83,,Venom gland,,,Disulfide bond:4,Yes,,,,,,,both,62,62,Naja atra,Chordata,Lepidosauria,Squamata,Elapidae,Naja,Naja atra,terrestrial,terrestrial
P49122,8656,Snake toxin family,82,,Venom gland,,,Disulfide bond:4,Yes,,,,,,,both,61,61,Naja atra,Chordata,Lepidosauria,Squamata,Elapidae,Naja,Naja atra,terrestrial,terrestrial
P01466,8641,Snake toxin family,60,,Venom,LD(50) is 2.61 mg/kg by subcutaneous injection.,,Disulfide bond:4,,,,,,,,both,60,60,Naja annulifera,Chordata,Lepidosauria,Squamata,Elapidae,Naja,Naja annulifera,terrestrial,terrestrial
P49123,8656,Snake toxin family,81,,Venom gland,,,Disulfide bond:4,Yes,,,,,,,both,60,60,Naja atra,Chordata,Lepidosauria,Squamata,Elapidae,Naja,Naja atra,terrestrial,terrestrial
P01460,8641,Snake toxin family,60,,Venom,LD(50) is 2.6 mg/kg by intravenous injection.,,Disulfide bond:4,,,,,,,,both,60,60,Naja annulifera,Chordata,Lepidosauria,Squamata,Elapidae,Naja,Naja annulifera,terrestrial,terrestrial
Q9GU57,37336,Conotoxin P-superfamily,88,,,,Amidation; Cleavage on pair of basic residues,Disulfide bond:3; Amidation:1,Yes,Yes,,,,,,both,61,27,Conus gloriamaris,Mollusca,Gastropoda,Neogastropoda,Conidae,Conus,Conus gloriamaris,marine,marine
Q9GU58,6494,Conotoxin P-superfamily,88,,Venom,,Amidation; Cleavage on pair of basic residues; Gamma-carboxyglutamic acid,Disulfide bond:3; Gamma-carboxyglutamic acid:2; Amidation:1,Yes,Yes,,,,,,both,61,27,Conus textile,Mollusca,Gastropoda,Neogastropoda,Conidae,Conus,Conus textile,marine,marine
P01454,8641,Snake toxin family,60,,Venom,LD(50) is 4.9 mg/kg by intravenous injection.,,Disulfide bond:4,,,,,,,,both,60,60,Naja annulifera,Chordata,Lepidosauria,Squamata,Elapidae,Naja,Naja annulifera,terrestrial,terrestrial
P56639,89437,Conotoxin A-superfamily,16,,Venom,,Amidation,Disulfide bond:2; Amidation:1,,,,,,,,both,16,16,Conus aulicus,Mollusca,Gastropoda,Neogastropoda,Conidae,Conus,Conus aulicus,marine,marine
P56973,101297,Conotoxin A-superfamily,14,,Venom,,Amidation,Disulfide bond:2; Amidation:1,,,,,,,,both,14,26,Conus consors,Mollusca,Gastropoda,Neogastropoda,Conidae,Conus,Conus consors,marine,marine
P56638,88764,Conotoxin A-superfamily,16,,,,Amidation; Sulfation,Disulfide bond:2; Amidation:1; Sulfation:1,,,,,,,,both,16,16,Conus episcopatus,Mollusca,Gastropoda,Neogastropoda,Conidae,Conus,Conus episcopatus,marine,marine
P50982,55423,Conotoxin A-superfamily,18,,Venom,,Amidation; Hydroxylation,Disulfide bond:2; Amidation:1; Hydroxylation:1,,,,,,,,both,18,18,Conus ermineus,Mollusca,Gastropoda,Neogastropoda,Conidae,Conus,Conus ermineus,marine,marine
P50983,35631,Conotoxin A-superfamily,17,fragment,Venom; Venom duct,,Amidation,Disulfide bond:2; Amidation:1,Yes,,,,,,,both,13,12,Conus imperialis,Mollusca,Gastropoda,Neogastropoda,Conidae,Conus,Conus imperialis,marine,marine
P01521,6492,Conotoxin A-superfamily,14,,,,Amidation,Disulfide bond:2; Amidation:1,,,,,,,,both,14,14,Conus magus,Mollusca,Gastropoda,Neogastropoda,Conidae,Conus,Conus magus,marine,marine
Q9XZK6,6494,Conotoxin A-superfamily,69,,Venom duct,,Amidation,Disulfide bond:2; Amidation:1,Yes,Yes,,,,,,both,48,17,Conus textile,Mollusca,Gastropoda,Neogastropoda,Conidae,Conus,Conus textile,marine,marine
P56640,89437,Conotoxin A-superfamily,15,,Venom,,Amidation,Disulfide bond:2; Amidation:1,,,,,,,,both,15,15,Conus aulicus,Mollusca,Gastropoda,Neogastropoda,Conidae,Conus,Conus aulicus,marine,marine
P01520,6491,Conotoxin A-superfamily,13,,Venom,,Amidation,Disulfide bond:2; Amidation:1,,,,,,,,both,13,13,Conus geographus,Mollusca,Gastropoda,Neogastropoda,Conidae,Conus,Conus geographus,marine,marine
Q8I6R5,35631,Conotoxin A-superfamily,17,fragment,Venom duct,,Amidation,Disulfide bond:2; Amidation:1,Yes,,,,,,,both,13,12,Conus imperialis,Mollusca,Gastropoda,Neogastropoda,Conidae,Conus,Conus imperialis,marine,marine
P56636,6492,Conotoxin A-superfamily,41,fragment,Hepatopancreas; Venom,,Amidation,Disulfide bond:2; Amidation:1,Yes,Yes,,,,,,both,41,16,Conus magus,Mollusca,Gastropoda,Neogastropoda,Conidae,Conus,Conus magus,marine,marine
Q9XZK7,6494,Conotoxin A-superfamily,66,,Venom duct,,,Disulfide bond:2,Yes,Yes,,,,,,both,45,17,Conus textile,Mollusca,Gastropoda,Neogastropoda,Conidae,Conus,Conus textile,marine,marine
P01527,6221,,95,,,,,Disulfide bond:3,,,,,,,,kw_toxin,95,95,Cerebratulus lacteus,Nemertea,Pilidiophora,Heteronemertea,Lineidae,Cerebratulus,Cerebratulus lacteus,marine,marine
P56641,89437,Conotoxin A-superfamily,16,,Venom,,Amidation,Disulfide bond:2; Amidation:1,,,,,,,,both,16,16,Conus aulicus,Mollusca,Gastropoda,Neogastropoda,Conidae,Conus,Conus aulicus,marine,marine
P55963,41690,Alpha-A-conotoxin family,25,,Venom,,Amidation; Hydroxylation,Disulfide bond:3; Hydroxylation:3; Amidation:1,,,,,,,,both,25,25,Conus purpurascens,Mollusca,Gastropoda,Neogastropoda,Conidae,Conus,Conus purpurascens,marine,marine
P01519,6491,Conotoxin A-superfamily,15,,,,Amidation,Amidation:2; Disulfide bond:2,,,,,,,,both,15,28,Conus geographus,Mollusca,Gastropoda,Neogastropoda,Conidae,Conus,Conus geographus,marine,marine
P50984,37335,Conotoxin A-superfamily,16,,Venom,,Amidation; Sulfation,Disulfide bond:2; Amidation:1; Sulfation:1,,,,,,,,both,16,16,Conus pennaceus,Mollusca,Gastropoda,Neogastropoda,Conidae,Conus,Conus pennaceus,marine,marine
P50985,37335,Conotoxin A-superfamily,61,,Venom,,Amidation; Sulfation,Disulfide bond:2; Amidation:1; Sulfation:1,Yes,Yes,,,,,,both,40,16,Conus pennaceus,Mollusca,Gastropoda,Neogastropoda,Conidae,Conus,Conus pennaceus,marine,marine
Q86RB2,6491,Conotoxin A-superfamily,40,fragment,Hepatopancreas,,Amidation,Disulfide bond:2; Amidation:1,Yes,Yes,,,,,,both,40,16,Conus geographus,Mollusca,Gastropoda,Neogastropoda,Conidae,Conus,Conus geographus,marine,marine
P60274,6491,Conotoxin A-superfamily,19,,Venom,,Gamma-carboxyglutamic acid; Hydroxylation,Disulfide bond:2; Gamma-carboxyglutamic acid:1; Hydroxylation:1,,,,,,,,both,19,19,Conus geographus,Mollusca,Gastropoda,Neogastropoda,Conidae,Conus,Conus geographus,marine,marine
P15471,6493,Conotoxin A-superfamily,64,,Venom duct,,Amidation,Disulfide bond:2; Amidation:1,Yes,Yes,,,,,,both,43,13,Conus striatus,Mollusca,Gastropoda,Neogastropoda,Conidae,Conus,Conus striatus,marine,marine
P28879,6493,Conotoxin A-superfamily,72,,Venom; Venom duct,,,Disulfide bond:3,Yes,Yes,,,,,,both,51,19,Conus striatus,Mollusca,Gastropoda,Neogastropoda,Conidae,Conus,Conus striatus,marine,marine
P58804,61198,Conotoxin O-superfamily,33,,Venom,,Bromination; Gamma-carboxyglutamic acid; Hydroxylation,Gamma-carboxyglutamic acid:4; Disulfide bond:3; Hydroxylation:2; Bromination:1,,,,,,,,both,33,33,Conus radiatus,Mollusca,Gastropoda,Neogastropoda,Conidae,Conus,Conus radiatus,marine,marine
P58845,6494,Conotoxin O-superfamily,23,,,,Amidation,Disulfide bond:3; Amidation:1,,,,,,,,both,23,23,Conus textile,Mollusca,Gastropoda,Neogastropoda,Conidae,Conus,Conus textile,marine,marine
P60179,198732,Conotoxin O-superfamily,26,,Venom,,Amidation,Disulfide bond:3; Amidation:1,,,,,,,,both,26,26,Conus amadis,Mollusca,Gastropoda,Neogastropoda,Conidae,Conus,Conus amadis,marine,marine
Q9TWM7,37336,Conotoxin O-superfamily,29,,Venom,,,Disulfide bond:3,,,,,,,,both,29,29,Conus gloriamaris,Mollusca,Gastropoda,Neogastropoda,Conidae,Conus,Conus gloriamaris,marine,marine
P58913,41690,Conotoxin O-superfamily,81,,Venom; Venom duct,,Amidation; Hydroxylation,Disulfide bond:3; Hydroxylation:2; Amidation:1,Yes,Yes,,,,,,both,59,29,Conus purpurascens,Mollusca,Gastropoda,Neogastropoda,Conidae,Conus,Conus purpurascens,marine,marine
P56710,39967,Conotoxin O-superfamily,31,,Venom,,Hydroxylation,Disulfide bond:3; Hydroxylation:2,,,,,,,,both,31,31,Conus nigropunctatus,Mollusca,Gastropoda,Neogastropoda,Conidae,Conus,Conus nigropunctatus,marine,marine
P60513,55423,Conotoxin O-superfamily,32,,,"Dose that produces hyperactivity (ED(50)) is 1.8 pmol/g body mass (native toxin), 1.9 pmol/g body mass (synthetic toxin), and 3.9 pmol/g body mass (P13A mutant).",Amidation; Hydroxylation,Disulfide bond:3; Amidation:1; Hydroxylation:1,,,,,,,,both,32,32,Conus ermineus,Mollusca,Gastropoda,Neogastropoda,Conidae,Conus,Conus ermineus,marine,marine
P18511,6494,Conotoxin O-superfamily,78,,Venom,,Cleavage on pair of basic residues,Disulfide bond:3,Yes,Yes,,,,,,both,56,27,Conus textile,Mollusca,Gastropoda,Neogastropoda,Conidae,Conus,Conus textile,marine,marine
P24159,6494,Conotoxin O-superfamily,27,,,,,Disulfide bond:3,,,,,,,,both,27,27,Conus textile,Mollusca,Gastropoda,Neogastropoda,Conidae,Conus,Conus textile,marine,marine
P81755,6494,Conotoxin T-superfamily,67,,Venom; Venom duct,,Bromination; Gamma-carboxyglutamic acid; Glycoprotein; Hydroxylation,Disulfide bond:2; Gamma-carboxyglutamic acid:2; Bromination:1; Glycosylation:1; Hydroxylation:1,Yes,Yes,,,,,,both,48,13,Conus textile,Mollusca,Gastropoda,Neogastropoda,Conidae,Conus,Conus textile,marine,marine
P58928,101297,,30,,Venom,,Glycoprotein; Hydroxylation,Disulfide bond:3; Hydroxylation:3,,,,,,,,both,30,30,Conus consors,Mollusca,Gastropoda,Neogastropoda,Conidae,Conus,Conus consors,marine,marine
P58922,6494,Conotoxin O-superfamily,31,,Venom,,Bromination; Gamma-carboxyglutamic acid; Hydroxylation,Gamma-carboxyglutamic acid:4; Disulfide bond:3; Bromination:2; Hydroxylation:1,,,,,,,,both,31,31,Conus textile,Mollusca,Gastropoda,Neogastropoda,Conidae,Conus,Conus textile,marine,marine
P56711,37335,Conotoxin O-superfamily,32,,Venom,,Gamma-carboxyglutamic acid; Hydroxylation,Gamma-carboxyglutamic acid:2; Hydroxylation:1,,,,,,,,both,32,32,Conus pennaceus,Mollusca,Gastropoda,Neogastropoda,Conidae,Conus,Conus pennaceus,marine,marine
P15472,6491,Conotoxin O-superfamily,34,,,,Gamma-carboxyglutamic acid; Hydroxylation,Disulfide bond:3; Hydroxylation:2; Gamma-carboxyglutamic acid:1,,,,,,,,both,34,34,Conus geographus,Mollusca,Gastropoda,Neogastropoda,Conidae,Conus,Conus geographus,marine,marine
P19003,8607,Snake toxin family,63,,Venom,LD(50) is 6.6 mg/kg by intravenous injection.,,Disulfide bond:4,,,,,,,,both,63,63,Aspidelaps scutatus,Chordata,Lepidosauria,Squamata,Elapidae,Aspidelaps,Aspidelaps scutatus,terrestrial,terrestrial
P19004,8607,Snake toxin family,64,,Venom,LD(50) is 9.4 mg/kg by intravenous injection.,,Disulfide bond:4,,,,,,,,both,64,64,Aspidelaps scutatus,Chordata,Lepidosauria,Squamata,Elapidae,Aspidelaps,Aspidelaps scutatus,terrestrial,terrestrial
Q9W716,8656,Snake toxin family,83,,Venom gland,,,Disulfide bond:4,Yes,,,,,,,both,62,62,Naja atra,Chordata,Lepidosauria,Squamata,Elapidae,Naja,Naja atra,terrestrial,terrestrial
P24742,8633,Snake toxin family,41,fragment,Venom,,,Disulfide bond:2,,,,,,,,both,41,41,Calliophis bivirgatus,Chordata,Lepidosauria,Squamata,Elapidae,Calliophis,Calliophis bivirgatus,terrestrial,terrestrial
Q91137,8656,Snake toxin family,83,,Venom gland,,,Disulfide bond:4,Yes,,,,,,,both,62,62,Naja atra,Chordata,Lepidosauria,Squamata,Elapidae,Naja,Naja atra,terrestrial,terrestrial
P79688,8616,Snake toxin family,86,,Venom gland,,,Disulfide bond:4,Yes,,,,,,,both,65,65,Bungarus multicinctus,Chordata,Lepidosauria,Squamata,Elapidae,Bungarus,Bungarus multicinctus,terrestrial,terrestrial
P24778,8626,Snake toxin family,63,,Venom,LD(50) is 33.5 mg/kg by intravenous injection.,,Disulfide bond:4,,,,,,,,both,63,63,Hemachatus haemachatus,Chordata,Lepidosauria,Squamata,Elapidae,Hemachatus,Hemachatus haemachatus,terrestrial,terrestrial
P62375,8656,Snake toxin family,83,,Venom; Venom gland,,,Disulfide bond:4,Yes,,,,,,,both,62,62,Naja atra,Chordata,Lepidosauria,Squamata,Elapidae,Naja,Naja atra,terrestrial,terrestrial
P14541,8649,Snake toxin family,62,,Venom,,,Disulfide bond:4,,,,,,,,both,62,62,Naja kaouthia,Chordata,Lepidosauria,Squamata,Elapidae,Naja,Naja kaouthia,terrestrial,terrestrial
P62377,35670,Snake toxin family,62,,Venom,LD(50) is 60 mg/kg by subcutaneous injection.,,Disulfide bond:4,,,,,,,,both,62,62,Naja naja,Chordata,Lepidosauria,Squamata,Elapidae,Naja,Naja naja,terrestrial,terrestrial
Q7Z0A5,61198,Conotoxin I-superfamily,45,fragment,Venom duct,,,,,Yes,,,,,,both,45,44,Conus radiatus,Mollusca,Gastropoda,Neogastropoda,Conidae,Conus,Conus radiatus,marine,marine
Q7Z0A0,61198,Conotoxin I-superfamily,44,fragment,Venom duct,,,,,Yes,,,,,,both,44,43,Conus radiatus,Mollusca,Gastropoda,Neogastropoda,Conidae,Conus,Conus radiatus,marine,marine
Q7Z0A4,61198,Conotoxin I-superfamily,45,fragment,Venom duct,,,,,Yes,,,,,,both,45,44,Conus radiatus,Mollusca,Gastropoda,Neogastropoda,Conidae,Conus,Conus radiatus,marine,marine
Q7Z0A3,61198,Conotoxin I-superfamily,45,fragment,Venom duct,,,,,Yes,,,,,,both,45,44,Conus radiatus,Mollusca,Gastropoda,Neogastropoda,Conidae,Conus,Conus radiatus,marine,marine
Q7Z092,61198,Conotoxin I-superfamily,46,,Venom; Venom duct,,Hydroxylation,Hydroxylation:3,,,,,,,,both,46,46,Conus radiatus,Mollusca,Gastropoda,Neogastropoda,Conidae,Conus,Conus radiatus,marine,marine
Q7Z0A2,61198,Conotoxin I-superfamily,42,,Venom duct,,,,,,,,,,,both,42,42,Conus radiatus,Mollusca,Gastropoda,Neogastropoda,Conidae,Conus,Conus radiatus,marine,marine
Q7Z0A1,61198,Conotoxin I-superfamily,42,,Venom duct,,,,,,,,,,,both,42,42,Conus radiatus,Mollusca,Gastropoda,Neogastropoda,Conidae,Conus,Conus radiatus,marine,marine
Q7Z093,61198,Conotoxin I-superfamily,46,,Venom duct,,Hydroxylation,Hydroxylation:3,,,,,,,,both,46,46,Conus radiatus,Mollusca,Gastropoda,Neogastropoda,Conidae,Conus,Conus radiatus,marine,marine
Q7Z097,61198,Conotoxin I-superfamily,46,fragment,Venom duct,,,,,Yes,,,,,,both,46,45,Conus radiatus,Mollusca,Gastropoda,Neogastropoda,Conidae,Conus,Conus radiatus,marine,marine
Q7Z0A6,61198,Conotoxin I-superfamily,42,,Venom duct,,,,,,,,,,,both,42,42,Conus radiatus,Mollusca,Gastropoda,Neogastropoda,Conidae,Conus,Conus radiatus,marine,marine
Q7Z099,61198,Conotoxin I-superfamily,46,fragment,Venom duct,,,,,Yes,,,,,,both,46,45,Conus radiatus,Mollusca,Gastropoda,Neogastropoda,Conidae,Conus,Conus radiatus,marine,marine
Q7Z090,61198,Conotoxin I-superfamily,40,,Venom duct,,,,,,,,,,,both,40,40,Conus radiatus,Mollusca,Gastropoda,Neogastropoda,Conidae,Conus,Conus radiatus,marine,marine
Q7Z096,61198,Conotoxin I-superfamily,44,fragment,Venom; Venom duct,,Bromination; Hydroxylation,Hydroxylation:3; Bromination:1,,Yes,,,,,,both,44,43,Conus radiatus,Mollusca,Gastropoda,Neogastropoda,Conidae,Conus,Conus radiatus,marine,marine
Q7Z098,61198,Conotoxin I-superfamily,46,fragment,Venom duct,,,,,Yes,,,,,,both,46,45,Conus radiatus,Mollusca,Gastropoda,Neogastropoda,Conidae,Conus,Conus radiatus,marine,marine
Q7Z094,61198,Conotoxin I-superfamily,46,,Venom; Venom duct,,Bromination; Hydroxylation,Hydroxylation:3; Bromination:1,,,,,,,,both,46,46,Conus radiatus,Mollusca,Gastropoda,Neogastropoda,Conidae,Conus,Conus radiatus,marine,marine
Q7Z095,61198,Conotoxin I-superfamily,46,,Venom duct,,Hydroxylation,Hydroxylation:3,,,,,,,,both,46,46,Conus radiatus,Mollusca,Gastropoda,Neogastropoda,Conidae,Conus,Conus radiatus,marine,marine
Q7Z091,61198,Conotoxin I-superfamily,41,,Venom; Venom duct,,Bromination; Hydroxylation,Hydroxylation:2; Bromination:1,,,,,,,,both,41,41,Conus radiatus,Mollusca,Gastropoda,Neogastropoda,Conidae,Conus,Conus radiatus,marine,marine
Q7M4K5,61198,Conotoxin I-superfamily,37,,Venom,,Bromination; Gamma-carboxyglutamic acid,Gamma-carboxyglutamic acid:2; Bromination:1,,,,,,,,both,37,37,Conus radiatus,Mollusca,Gastropoda,Neogastropoda,Conidae,Conus,Conus radiatus,marine,marine
P58921,6493,Conotoxin A-superfamily,69,,Venom,,Amidation; Glycoprotein; Hydroxylation; Pyrrolidone carboxylic acid,Disulfide bond:3; Hydroxylation:3; Amidation:1; Glycosylation:1; Pyrrolidone carboxylic acid:1,Yes,Yes,,,,,,both,48,30,Conus striatus,Mollusca,Gastropoda,Neogastropoda,Conidae,Conus,Conus striatus,marine,marine
P56633,41690,Conotoxin O-superfamily,72,,Venom,,Hydroxylation,Disulfide bond:3; Hydroxylation:1,Yes,Yes,,,,,,both,50,27,Conus purpurascens,Mollusca,Gastropoda,Neogastropoda,Conidae,Conus,Conus purpurascens,marine,marine
P07231,6491,Conantokin family,100,,Venom duct,,Amidation; Gamma-carboxyglutamic acid,Gamma-carboxyglutamic acid:5; Amidation:1,Yes,Yes,,,,,,both,79,17,Conus geographus,Mollusca,Gastropoda,Neogastropoda,Conidae,Conus,Conus geographus,marine,marine
P18512,6494,Conotoxin O-superfamily,77,,,,Cleavage on pair of basic residues,Disulfide bond:3,Yes,Yes,,,,,,both,55,26,Conus textile,Mollusca,Gastropoda,Neogastropoda,Conidae,Conus,Conus textile,marine,marine
P18513,6494,Conotoxin O-superfamily,77,,,,Cleavage on pair of basic residues,Disulfide bond:3,Yes,Yes,,,,,,both,55,26,Conus textile,Mollusca,Gastropoda,Neogastropoda,Conidae,Conus,Conus textile,marine,marine
P58806,61198,Conantokin family,27,,Venom,,Gamma-carboxyglutamic acid,Gamma-carboxyglutamic acid:4; Disulfide bond:1,,,,,,,,both,27,27,Conus radiatus,Mollusca,Gastropoda,Neogastropoda,Conidae,Conus,Conus radiatus,marine,marine
P17684,6495,Conantokin family,21,,Venom,,Amidation; Gamma-carboxyglutamic acid,Gamma-carboxyglutamic acid:4; Amidation:1,,,,,,,,both,21,21,Conus tulipa,Mollusca,Gastropoda,Neogastropoda,Conidae,Conus,Conus tulipa,marine,marine
Q7YZS9,89427,Conotoxin O-superfamily,67,,Venom; Venom duct,,,,Yes,Yes,,,,,,both,41,34,Conus virgo,Mollusca,Gastropoda,Neogastropoda,Conidae,Conus,Conus virgo,marine,marine
P58807,42752,Chi/lambda-conotoxin family,11,,Venom,,Hydroxylation,Disulfide bond:2; Hydroxylation:1,,,,,,,,both,11,11,Conus marmoreus,Mollusca,Gastropoda,Neogastropoda,Conidae,Conus,Conus marmoreus,marine,marine
P58808,42752,Chi/lambda-conotoxin family,61,,Venom; Venom duct,,Hydroxylation,Disulfide bond:2; Hydroxylation:1,Yes,Yes,,,,,,both,42,13,Conus marmoreus,Mollusca,Gastropoda,Neogastropoda,Conidae,Conus,Conus marmoreus,marine,marine
P58809,42752,Chi/lambda-conotoxin family,12,,Venom,,Hydroxylation,Disulfide bond:2; Hydroxylation:1,,,,,,,,both,12,12,Conus marmoreus,Mollusca,Gastropoda,Neogastropoda,Conidae,Conus,Conus marmoreus,marine,marine
P58810,42752,Chi/lambda-conotoxin family,13,,Venom,,Hydroxylation,Disulfide bond:2; Hydroxylation:1,,,,,,,,both,13,13,Conus marmoreus,Mollusca,Gastropoda,Neogastropoda,Conidae,Conus,Conus marmoreus,marine,marine
Q9PW19,102640,Snake toxin family,103,,Venom gland,,,Disulfide bond:5,Yes,,,,,,,venom_tissue,82,82,Bungarus multicinctus multicinctus,Chordata,Lepidosauria,Squamata,Elapidae,Bungarus,Bungarus multicinctus,terrestrial,terrestrial
Q9YGH0,8616,Snake toxin family,103,,Venom gland,,,Disulfide bond:5,Yes,,,,,,,venom_tissue,82,82,Bungarus multicinctus,Chordata,Lepidosauria,Squamata,Elapidae,Bungarus,Bungarus multicinctus,terrestrial,terrestrial
P01523,6491,Conotoxin M-superfamily,22,,,,Amidation; Hydroxylation,Disulfide bond:3; Hydroxylation:3; Amidation:1,,,,,,,,both,22,22,Conus geographus,Mollusca,Gastropoda,Neogastropoda,Conidae,Conus,Conus geographus,marine,marine
P58925,41690,Conotoxin M-superfamily,27,fragment,Venom duct,,Amidation; Cleavage on pair of basic residues; Hydroxylation; Pyrrolidone carboxylic acid,Disulfide bond:3; Hydroxylation:2; Amidation:1; Pyrrolidone carboxylic acid:1,,Yes,,,,,,both,27,22,Conus purpurascens,Mollusca,Gastropoda,Neogastropoda,Conidae,Conus,Conus purpurascens,marine,marine
P60207,89452,Conotoxin M-superfamily,31,fragment,Venom duct,,Pyrrolidone carboxylic acid,Disulfide bond:3; Pyrrolidone carboxylic acid:1,,Yes,,,,,,both,31,22,Conus stercusmuscarum,Mollusca,Gastropoda,Neogastropoda,Conidae,Conus,Conus stercusmuscarum,marine,marine
Q86DU6,6493,Conotoxin M-superfamily,73,,,,Pyrrolidone carboxylic acid,Disulfide bond:3; Pyrrolidone carboxylic acid:1,Yes,Yes,,,,,,both,53,22,Conus striatus,Mollusca,Gastropoda,Neogastropoda,Conidae,Conus,Conus striatus,marine,marine
P01524,6491,Conotoxin M-superfamily,22,,,,Amidation; Hydroxylation,Disulfide bond:3; Hydroxylation:3; Amidation:1,,,,,,,,both,22,22,Conus geographus,Mollusca,Gastropoda,Neogastropoda,Conidae,Conus,Conus geographus,marine,marine
P05482,6491,Conotoxin M-superfamily,22,,,,Amidation; Hydroxylation,Disulfide bond:3; Hydroxylation:3; Amidation:1,,,,,,,,both,22,22,Conus geographus,Mollusca,Gastropoda,Neogastropoda,Conidae,Conus,Conus geographus,marine,marine
P58926,37335,Conotoxin M-superfamily,17,,,,,Disulfide bond:3,,,,,,,,both,17,17,Conus pennaceus,Mollusca,Gastropoda,Neogastropoda,Conidae,Conus,Conus pennaceus,marine,marine
P58927,37335,Conotoxin M-superfamily,17,,,,,Disulfide bond:3,,,,,,,,both,17,17,Conus pennaceus,Mollusca,Gastropoda,Neogastropoda,Conidae,Conus,Conus pennaceus,marine,marine
P56708,42752,Conotoxin O-superfamily,31,,Venom,,,Disulfide bond:3,,,,,,,,both,31,31,Conus marmoreus,Mollusca,Gastropoda,Neogastropoda,Conidae,Conus,Conus marmoreus,marine,marine
Q26443,42752,Conotoxin O-superfamily,82,,Venom,,Cleavage on pair of basic residues,Disulfide bond:3,Yes,Yes,,,,,,both,60,31,Conus marmoreus,Mollusca,Gastropoda,Neogastropoda,Conidae,Conus,Conus marmoreus,marine,marine
Q9XYZ0,93154,Conotoxin O-superfamily,80,,,,,Disulfide bond:3,Yes,Yes,,,,,,both,58,31,Conus pulicarius,Mollusca,Gastropoda,Neogastropoda,Conidae,Conus,Conus pulicarius,marine,marine
Q9XZL4,6493,Conotoxin O-superfamily,72,,Venom duct,,Amidation; Hydroxylation,Disulfide bond:3; Amidation:1; Hydroxylation:1,Yes,Yes,,,,,,both,50,24,Conus striatus,Mollusca,Gastropoda,Neogastropoda,Conidae,Conus,Conus striatus,marine,marine
Q9XZK8,6494,Conotoxin O-superfamily,76,,Venom duct,,,Disulfide bond:3,Yes,Yes,,,,,,both,54,25,Conus textile,Mollusca,Gastropoda,Neogastropoda,Conidae,Conus,Conus textile,marine,marine
Q9XYZ1,93154,Conotoxin O-superfamily,74,,,,,Disulfide bond:3,Yes,Yes,,,,,,both,52,28,Conus pulicarius,Mollusca,Gastropoda,Neogastropoda,Conidae,Conus,Conus pulicarius,marine,marine
Q9XZL5,6493,Conotoxin O-superfamily,72,,Venom duct,,Amidation; Hydroxylation,Disulfide bond:3; Amidation:1; Hydroxylation:1,Yes,Yes,,,,,,both,50,24,Conus striatus,Mollusca,Gastropoda,Neogastropoda,Conidae,Conus,Conus striatus,marine,marine
Q9XZK9,6494,Conotoxin O-superfamily,76,,Venom duct,,,Disulfide bond:3,Yes,Yes,,,,,,both,54,24,Conus textile,Mollusca,Gastropoda,Neogastropoda,Conidae,Conus,Conus textile,marine,marine
Q9XZK2,6493,Conotoxin O-superfamily,71,,Venom duct,,Amidation,Disulfide bond:3; Amidation:1,Yes,Yes,,,,,,both,49,26,Conus striatus,Mollusca,Gastropoda,Neogastropoda,Conidae,Conus,Conus striatus,marine,marine
Q9XZL0,6494,Conotoxin O-superfamily,76,,Venom duct,,,Disulfide bond:3,Yes,Yes,,,,,,both,54,24,Conus textile,Mollusca,Gastropoda,Neogastropoda,Conidae,Conus,Conus textile,marine,marine
Q9XZK3,6493,Conotoxin O-superfamily,78,,Venom duct,,,Disulfide bond:3,Yes,Yes,,,,,,both,56,36,Conus striatus,Mollusca,Gastropoda,Neogastropoda,Conidae,Conus,Conus striatus,marine,marine
Q9XZL1,6494,Conotoxin O-superfamily,81,,Venom duct,,,Disulfide bond:3,Yes,Yes,,,,,,both,59,29,Conus textile,Mollusca,Gastropoda,Neogastropoda,Conidae,Conus,Conus textile,marine,marine
Q9XZK4,6493,Conotoxin O-superfamily,77,,Venom duct,,,Disulfide bond:3,Yes,Yes,,,,,,both,55,35,Conus striatus,Mollusca,Gastropoda,Neogastropoda,Conidae,Conus,Conus striatus,marine,marine
Q9XZL2,6494,Conotoxin O-superfamily,76,,Venom duct,,,Disulfide bond:3,Yes,Yes,,,,,,both,54,26,Conus textile,Mollusca,Gastropoda,Neogastropoda,Conidae,Conus,Conus textile,marine,marine
P58917,101291,Conotoxin O-superfamily,71,,Venom; Venom duct,,Amidation,Disulfide bond:3; Amidation:1,Yes,Yes,,,,,,both,49,25,Conus catus,Mollusca,Gastropoda,Neogastropoda,Conidae,Conus,Conus catus,marine,marine
P56712,37335,Conotoxin O-superfamily,31,,Venom,,Amidation,Disulfide bond:3; Amidation:1,,,,,,,,both,31,31,Conus pennaceus,Mollusca,Gastropoda,Neogastropoda,Conidae,Conus,Conus pennaceus,marine,marine
P58914,61198,Conotoxin O-superfamily,27,,,,Hydroxylation,Disulfide bond:3; Hydroxylation:2,,,,,,,,both,27,27,Conus radiatus,Mollusca,Gastropoda,Neogastropoda,Conidae,Conus,Conus radiatus,marine,marine
P28880,6493,Conotoxin O-superfamily,72,,Venom; Venom duct,,Amidation; Hydroxylation,Disulfide bond:3; Amidation:1; Hydroxylation:1,Yes,Yes,,,,,,both,50,24,Conus striatus,Mollusca,Gastropoda,Neogastropoda,Conidae,Conus,Conus striatus,marine,marine
P58915,6495,Conotoxin O-superfamily,26,,,,Hydroxylation,Disulfide bond:3; Hydroxylation:3,,,,,,,,both,26,26,Conus tulipa,Mollusca,Gastropoda,Neogastropoda,Conidae,Conus,Conus tulipa,marine,marine
P58918,101291,Conotoxin O-superfamily,25,,Venom,,Amidation,Disulfide bond:3; Amidation:1,,,,,,,,both,25,25,Conus catus,Mollusca,Gastropoda,Neogastropoda,Conidae,Conus,Conus catus,marine,marine
P56713,37335,Conotoxin O-superfamily,30,,Venom,,,Disulfide bond:3,,,,,,,,both,30,30,Conus pennaceus,Mollusca,Gastropoda,Neogastropoda,Conidae,Conus,Conus pennaceus,marine,marine
P28881,6493,Conotoxin O-superfamily,72,,Venom; Venom duct,,Amidation,Disulfide bond:3; Amidation:1,Yes,Yes,,,,,,both,50,26,Conus striatus,Mollusca,Gastropoda,Neogastropoda,Conidae,Conus,Conus striatus,marine,marine
P58919,101291,Conotoxin O-superfamily,26,,Venom,,Amidation,Disulfide bond:3; Amidation:1,,,,,,,,both,26,26,Conus catus,Mollusca,Gastropoda,Neogastropoda,Conidae,Conus,Conus catus,marine,marine
P58920,101291,Conotoxin O-superfamily,73,,Venom; Venom duct,,Amidation,Disulfide bond:3; Amidation:1,Yes,Yes,,,,,,both,51,27,Conus catus,Mollusca,Gastropoda,Neogastropoda,Conidae,Conus,Conus catus,marine,marine
P01522,6491,Conotoxin O-superfamily,73,,,,Amidation; Hydroxylation,Disulfide bond:3; Hydroxylation:3; Amidation:1,Yes,Yes,,,,,,both,51,81,Conus geographus,Mollusca,Gastropoda,Neogastropoda,Conidae,Conus,Conus geographus,marine,marine
Q9XZK5,6493,Conotoxin O-superfamily,82,,Venom duct,,,Disulfide bond:3,Yes,Yes,,,,,,both,60,31,Conus striatus,Mollusca,Gastropoda,Neogastropoda,Conidae,Conus,Conus striatus,marine,marine
Q9XZL3,6494,Conotoxin O-superfamily,82,,Venom duct,,,Disulfide bond:3,Yes,Yes,,,,,,both,60,32,Conus textile,Mollusca,Gastropoda,Neogastropoda,Conidae,Conus,Conus textile,marine,marine
P58916,101297,Conotoxin O-superfamily,27,,Venom,,Amidation; Hydroxylation,Disulfide bond:3; Amidation:1; Hydroxylation:1,,,,,,,,both,27,27,Conus consors,Mollusca,Gastropoda,Neogastropoda,Conidae,Conus,Conus consors,marine,marine
P05484,6492,Conotoxin O-superfamily,71,,Venom duct,,Amidation,Disulfide bond:3; Amidation:1,Yes,Yes,,,,,,both,49,25,Conus magus,Mollusca,Gastropoda,Neogastropoda,Conidae,Conus,Conus magus,marine,marine
P05485,6492,Conotoxin O-superfamily,25,,,,Amidation,Disulfide bond:3; Amidation:1,,,,,,,,both,25,25,Conus magus,Mollusca,Gastropoda,Neogastropoda,Conidae,Conus,Conus magus,marine,marine
P37300,6492,Conotoxin O-superfamily,29,fragment,,,Amidation; Hydroxylation,Disulfide bond:3; Amidation:1; Hydroxylation:1,,Yes,,,,,,both,29,26,Conus magus,Mollusca,Gastropoda,Neogastropoda,Conidae,Conus,Conus magus,marine,marine
Q26350,6492,Conotoxin O-superfamily,29,fragment,,,Amidation,Disulfide bond:3; Amidation:1,,Yes,,,,,,both,29,25,Conus magus,Mollusca,Gastropoda,Neogastropoda,Conidae,Conus,Conus magus,marine,marine
P05483,6491,Conotoxin O-superfamily,29,,,,Hydroxylation,Disulfide bond:3; Hydroxylation:2,,,,,,,,both,29,29,Conus geographus,Mollusca,Gastropoda,Neogastropoda,Conidae,Conus,Conus geographus,marine,marine
P56714,6494,Conotoxin O-superfamily,26,,Venom,,,Disulfide bond:3,,,,,,,,both,26,26,Conus textile,Mollusca,Gastropoda,Neogastropoda,Conidae,Conus,Conus textile,marine,marine
P83301,117992,Conotoxin O-superfamily,33,,Venom,,Amidation,Disulfide bond:3; Amidation:1,,,GO:0046929 (negative regulation of neurotransmitter sec...); GO:0009405 (pathogenesis); GO:0005576 (extracellular region); GO:0019855 (calcium channel inhibitor activity),GO:0046929 (negative regulation of neurotransmitter sec...); GO:0009405 (pathogenesis),GO:0005576 (extracellular region),GO:0019855 (calcium channel inhibitor activity),,both,33,33,Conus ventricosus,Mollusca,Gastropoda,Neogastropoda,Conidae,Conus,Conus ventricosus,marine,marine
P56529,41690,Conotoxin M-superfamily,27,fragment,Venom,,Amidation; Cleavage on pair of basic residues; Hydroxylation,Disulfide bond:3; Hydroxylation:3; Amidation:1,,Yes,,,,,,both,27,24,Conus purpurascens,Mollusca,Gastropoda,Neogastropoda,Conidae,Conus,Conus purpurascens,marine,marine
P60245,41690,Conotoxin M-superfamily,24,,Venom,,Amidation; Hydroxylation,Disulfide bond:3; Hydroxylation:3; Amidation:1,,,,,,,,both,24,24,Conus purpurascens,Mollusca,Gastropoda,Neogastropoda,Conidae,Conus,Conus purpurascens,marine,marine
Q8I6V7,101314,Conotoxin P-superfamily,90,,Venom duct,,,Disulfide bond:3,Yes,Yes,,,,,,both,70,30,Conus regius,Mollusca,Gastropoda,Neogastropoda,Conidae,Conus,Conus regius,marine,marine
P58811,6495,Rho-conotoxin family,19,,Venom,,Amidation,Disulfide bond:2; Amidation:1,,,,,,,,both,19,19,Conus tulipa,Mollusca,Gastropoda,Neogastropoda,Conidae,Conus,Conus tulipa,marine,marine
P58924,6491,Conotoxin S-superfamily,42,fragment,Venom,,Amidation; Bromination; Hydroxylation,Disulfide bond:5; Amidation:1; Bromination:1; Hydroxylation:1,,,,,,,,both,42,41,Conus geographus,Mollusca,Gastropoda,Neogastropoda,Conidae,Conus,Conus geographus,marine,marine
P58844,6491,,29,,,,Amidation; Gamma-carboxyglutamic acid,Disulfide bond:2; Amidation:1; Gamma-carboxyglutamic acid:1,,,,,,,,both,29,29,Conus geographus,Mollusca,Gastropoda,Neogastropoda,Conidae,Conus,Conus geographus,marine,marine
P58846,6494,Conotoxin M-superfamily,12,,,,Amidation; Hydroxylation,Disulfide bond:3; Amidation:1; Hydroxylation:1,,,,,,,,both,12,12,Conus textile,Mollusca,Gastropoda,Neogastropoda,Conidae,Conus,Conus textile,marine,marine
P58782,55423,Alpha-A-conotoxin family,30,,Venom,,Amidation; Hydroxylation,Hydroxylation:5; Disulfide bond:3; Amidation:1,,,,,,,,both,30,30,Conus ermineus,Mollusca,Gastropoda,Neogastropoda,Conidae,Conus,Conus ermineus,marine,marine
P58783,55423,Alpha-A-conotoxin family,30,,Venom,,Amidation; Hydroxylation,Hydroxylation:5; Disulfide bond:3; Amidation:1,,,,,,,,both,30,30,Conus ermineus,Mollusca,Gastropoda,Neogastropoda,Conidae,Conus,Conus ermineus,marine,marine
O77256,35631,,59,,,,,,Yes,Yes,,,,,,venom_tissue,34,10,Conus imperialis,Mollusca,Gastropoda,Neogastropoda,Conidae,Conus,Conus imperialis,marine,marine
P83390,198732,Conotoxin P-superfamily,27,,Venom,,Amidation,Disulfide bond:3; Amidation:1,,,,,,,,both,27,27,Conus amadis,Mollusca,Gastropoda,Neogastropoda,Conidae,Conus,Conus amadis,marine,marine
P81662,6123,Sea anemone tenebrosin family,176,,,,,,,,,,,,,kw_toxin,176,176,Stichodactyla helianthus,Cnidaria,Anthozoa,Actiniaria,Stichodactylidae,Stichodactyla,Stichodactyla helianthus,marine,marine
P07845,6123,Sea anemone tenebrosin family,175,,,,,,,,,,,,,kw_toxin,175,175,Stichodactyla helianthus,Cnidaria,Anthozoa,Actiniaria,Stichodactylidae,Stichodactyla,Stichodactyla helianthus,marine,marine
P81742,8702,Disintegrin family,69,,Venom,,,Disulfide bond:6,,,,,,,,venom_tissue,69,69,Eristicophis macmahoni,Chordata,Lepidosauria,Squamata,Viperidae,Eristicophis,Eristicophis macmahoni,terrestrial,terrestrial
P81743,8702,Disintegrin family,68,,Venom,,,Disulfide bond:6,,,,,,,,venom_tissue,68,68,Eristicophis macmahoni,Chordata,Lepidosauria,Squamata,Viperidae,Eristicophis,Eristicophis macmahoni,terrestrial,terrestrial
P17349,88086,Peptidase M12B family,481,,Venom; Venom gland,,Zymogen,Disulfide bond:6,Yes,Yes,,,,,,venom_tissue,461,272,Protobothrops elegans,Chordata,Lepidosauria,Squamata,Viperidae,Protobothrops,Protobothrops elegans,terrestrial,terrestrial
Q90YA6,88086,Peptidase M12B family,481,,Venom; Venom gland,,Zymogen,Disulfide bond:7,Yes,Yes,,,,,,venom_tissue,461,272,Protobothrops elegans,Chordata,Lepidosauria,Squamata,Viperidae,Protobothrops,Protobothrops elegans,terrestrial,terrestrial
P81630,40353,Disintegrin family,67,,Venom,,,Disulfide bond:3,,,,,,,,venom_tissue,67,67,Echis carinatus,Chordata,Lepidosauria,Squamata,Viperidae,Echis,Echis carinatus,terrestrial,terrestrial
P81631,40353,Disintegrin family,67,,Venom,,,Disulfide bond:3,,,,,,,,venom_tissue,67,67,Echis carinatus,Chordata,Lepidosauria,Squamata,Viperidae,Echis,Echis carinatus,terrestrial,terrestrial
P82465,124223,Disintegrin family,68,,Venom,,,Disulfide bond:5,,,,,,,,venom_tissue,68,68,Echis carinatus sochureki,Chordata,Lepidosauria,Squamata,Viperidae,Echis,Echis carinatus,terrestrial,terrestrial
P82466,124223,Disintegrin family,69,,Venom,,,Disulfide bond:5,,,,,,,,venom_tissue,69,69,Echis carinatus sochureki,Chordata,Lepidosauria,Squamata,Viperidae,Echis,Echis carinatus,terrestrial,terrestrial
P83043,8697,Disintegrin family,65,,Venom,,,Disulfide bond:6,,,,,,,,venom_tissue,65,65,Cerastes cerastes,Chordata,Lepidosauria,Squamata,Viperidae,Cerastes,Cerastes cerastes,terrestrial,terrestrial
P83044,8697,Disintegrin family,65,,Venom,,,Disulfide bond:6,,,,,,,,venom_tissue,65,65,Cerastes cerastes,Chordata,Lepidosauria,Squamata,Viperidae,Cerastes,Cerastes cerastes,terrestrial,terrestrial
Q805F7,8713,Disintegrin family,111,,Venom,,,Disulfide bond:6,Yes,Yes,GO:0007155 (cell adhesion); GO:0030195 (negative regulation of blood coagulation),GO:0007155 (cell adhesion); GO:0030195 (negative regulation of blood coagulation),,,,venom_tissue,91,63,Agkistrodon contortrix contortrix,Chordata,Lepidosauria,Squamata,Viperidae,Agkistrodon,Agkistrodon contortrix,terrestrial,terrestrial
Q805F5,8716,Disintegrin family,111,,Venom,,,Disulfide bond:6,Yes,Yes,,,,,,venom_tissue,91,65,Agkistrodon piscivorus piscivorus,Chordata,Lepidosauria,Squamata,Viperidae,Agkistrodon,Agkistrodon piscivorus,terrestrial,terrestrial
P15503,8767,Peptidase M12B family,480,,Venom; Venom gland,,Glycoprotein; Zymogen,Disulfide bond:8; Glycosylation:1,Yes,Yes,,,,,,venom_tissue,460,290,Craspedocephalus gramineus,Chordata,Lepidosauria,Squamata,Viperidae,Craspedocephalus,Craspedocephalus gramineus,terrestrial,terrestrial
P83253,8709,Disintegrin family,64,,Venom,,,Disulfide bond:6,,,GO:0007155 (cell adhesion); GO:0030195 (negative regulation of blood coagulation),GO:0007155 (cell adhesion); GO:0030195 (negative regulation of blood coagulation),,,,venom_tissue,64,64,Macrovipera lebetinus,Chordata,Lepidosauria,Squamata,Viperidae,Macrovipera,Macrovipera lebetinus,terrestrial,terrestrial
Q805F6,8713,Peptidase M12B family,483,,Venom,,Zymogen,Disulfide bond:8,Yes,Yes,,,,,,venom_tissue,463,268,Agkistrodon contortrix contortrix,Chordata,Lepidosauria,Squamata,Viperidae,Agkistrodon,Agkistrodon contortrix,terrestrial,terrestrial
Q805F4,8716,Peptidase M12B family,483,,Venom,,Zymogen,Disulfide bond:8,Yes,Yes,,,,,,venom_tissue,463,272,Agkistrodon piscivorus piscivorus,Chordata,Lepidosauria,Squamata,Viperidae,Agkistrodon,Agkistrodon piscivorus,terrestrial,terrestrial
P17495,8767,Disintegrin family,73,,Venom,,,Disulfide bond:6,,,,,,,,venom_tissue,73,73,Craspedocephalus gramineus,Chordata,Lepidosauria,Squamata,Viperidae,Craspedocephalus,Craspedocephalus gramineus,terrestrial,terrestrial
P83254,8709,Disintegrin family,64,,Venom,,,Disulfide bond:6,,,GO:0007155 (cell adhesion); GO:0030195 (negative regulation of blood coagulation),GO:0007155 (cell adhesion); GO:0030195 (negative regulation of blood coagulation),,,,venom_tissue,64,64,Macrovipera lebetinus,Chordata,Lepidosauria,Squamata,Viperidae,Macrovipera,Macrovipera lebetinus,terrestrial,terrestrial
P23323,88087,Disintegrin family,75,,Venom,,,Disulfide bond:1,,,,,,,,venom_tissue,75,72,Protobothrops flavoviridis,Chordata,Lepidosauria,Squamata,Viperidae,Protobothrops,Protobothrops flavoviridis,terrestrial,terrestrial
P18619,88087,Peptidase M12B family,483,,Venom; Venom gland,,Glycoprotein; Zymogen,Disulfide bond:8; Glycosylation:2,Yes,Yes,,,,,,venom_tissue,463,275,Protobothrops flavoviridis,Chordata,Lepidosauria,Squamata,Viperidae,Protobothrops,Protobothrops flavoviridis,terrestrial,terrestrial
P62384,8765,Disintegrin family,73,,Venom,,,Disulfide bond:6,,,,,,,,venom_tissue,73,73,Trimeresurus albolabris,Chordata,Lepidosauria,Squamata,Viperidae,Trimeresurus,Trimeresurus albolabris,terrestrial,terrestrial
P62383,8767,Disintegrin family,73,,Venom,,,Disulfide bond:6,,,,,,,,venom_tissue,73,73,Craspedocephalus gramineus,Chordata,Lepidosauria,Squamata,Viperidae,Craspedocephalus,Craspedocephalus gramineus,terrestrial,terrestrial
Q7LZI5,35671,Disintegrin family,71,,Venom,,,Disulfide bond:6,,,,,,,,venom_tissue,71,71,Gloydius ussuriensis,Chordata,Lepidosauria,Squamata,Viperidae,Gloydius,Gloydius ussuriensis,terrestrial,terrestrial
Q7LZT4,35671,Disintegrin family,71,,Venom,,,Disulfide bond:6,,,,,,,,venom_tissue,71,71,Gloydius ussuriensis,Chordata,Lepidosauria,Squamata,Viperidae,Gloydius,Gloydius ussuriensis,terrestrial,terrestrial
P83041,8697,Disintegrin family,65,,Venom,,,Disulfide bond:6,,,,,,,,venom_tissue,65,65,Cerastes cerastes,Chordata,Lepidosauria,Squamata,Viperidae,Cerastes,Cerastes cerastes,terrestrial,terrestrial
Q9IAB0,8713,Peptidase M12B family,483,,Venom gland,,Zymogen,Disulfide bond:6,Yes,Yes,,,,,,venom_tissue,463,269,Agkistrodon contortrix contortrix,Chordata,Lepidosauria,Squamata,Viperidae,Agkistrodon,Agkistrodon contortrix,terrestrial,terrestrial
P21858,242054,Disintegrin family,71,,Venom,,,Disulfide bond:1,,,,,,,,venom_tissue,71,71,Gloydius blomhoffii,Chordata,Lepidosauria,Squamata,Viperidae,Gloydius,Gloydius blomhoffii,terrestrial,terrestrial
P16338,8716,Disintegrin family,71,,Venom,,,Disulfide bond:1,,,,,,,,venom_tissue,71,71,Agkistrodon piscivorus piscivorus,Chordata,Lepidosauria,Squamata,Viperidae,Agkistrodon,Agkistrodon piscivorus,terrestrial,terrestrial
P17497,8692,Disintegrin family,83,,Venom,,,Disulfide bond:7,,,,,,,,venom_tissue,83,83,Bitis arietans,Chordata,Lepidosauria,Squamata,Viperidae,Bitis,Bitis arietans,terrestrial,terrestrial
P18618,8725,Disintegrin family,71,,Venom,,,Disulfide bond:1,,,,,,,,venom_tissue,71,71,Bothrops atrox,Chordata,Lepidosauria,Squamata,Viperidae,Bothrops,Bothrops atrox,terrestrial,terrestrial
P31988,8727,Disintegrin family,72,,Venom,,,Disulfide bond:1,,,,,,,,venom_tissue,72,72,Bothrops cotiara,Chordata,Lepidosauria,Squamata,Viperidae,Bothrops,Bothrops cotiara,terrestrial,terrestrial
P31989,8724,Disintegrin family,73,,Venom,,,Disulfide bond:1,,,,,,,,venom_tissue,73,73,Bothrops jararaca,Chordata,Lepidosauria,Squamata,Viperidae,Bothrops,Bothrops jararaca,terrestrial,terrestrial
P68520,8730,Disintegrin family,72,,Venom,,,,,,,,,,,venom_tissue,72,72,Crotalus atrox,Chordata,Lepidosauria,Squamata,Viperidae,Crotalus,Crotalus atrox,terrestrial,terrestrial
P31981,8744,Disintegrin family,72,,Venom,,,,,,,,,,,venom_tissue,72,72,Crotalus basiliscus,Chordata,Lepidosauria,Squamata,Viperidae,Crotalus,Crotalus basiliscus,terrestrial,terrestrial
P31982,31149,Disintegrin family,73,,Venom,,,,,,,,,,,venom_tissue,73,73,Crotalus cerastes cerastes,Chordata,Lepidosauria,Squamata,Viperidae,Crotalus,Crotalus cerastes,terrestrial,terrestrial
P68521,31150,Disintegrin family,72,,Venom,,,,,,,,,,,venom_tissue,72,72,Crotalus durissus durissus,Chordata,Lepidosauria,Squamata,Viperidae,Crotalus,Crotalus durissus,terrestrial,terrestrial
P31984,31151,Disintegrin family,73,,Venom,,,,,,,,,,,venom_tissue,73,73,Crotalus molossus molossus,Chordata,Lepidosauria,Squamata,Viperidae,Crotalus,Crotalus molossus,terrestrial,terrestrial
P31985,36309,Disintegrin family,72,,Venom,,,,,,,,,,,venom_tissue,72,72,Crotalus cerberus,Chordata,Lepidosauria,Squamata,Viperidae,Crotalus,Crotalus cerberus,terrestrial,terrestrial
P31986,8750,Disintegrin family,73,,Venom,,,,,,,,,,,venom_tissue,73,73,Crotalus lutosus,Chordata,Lepidosauria,Squamata,Viperidae,Crotalus,Crotalus lutosus,terrestrial,terrestrial
P31987,8742,Disintegrin family,71,,Venom,,,,,,,,,,,venom_tissue,71,71,Crotalus viridis viridis,Chordata,Lepidosauria,Squamata,Viperidae,Crotalus,Crotalus viridis,terrestrial,terrestrial
P17347,40353,Disintegrin family,49,,Venom,,Pyrrolidone carboxylic acid,Disulfide bond:4; Pyrrolidone carboxylic acid:1,,,,,,,,venom_tissue,49,47,Echis carinatus,Chordata,Lepidosauria,Squamata,Viperidae,Echis,Echis carinatus,terrestrial,terrestrial
P22826,8702,Disintegrin family,51,,Venom,,Pyrrolidone carboxylic acid,Disulfide bond:4; Pyrrolidone carboxylic acid:1,,,,,,,,venom_tissue,51,51,Eristicophis macmahoni,Chordata,Lepidosauria,Squamata,Viperidae,Eristicophis,Eristicophis macmahoni,terrestrial,terrestrial
P31990,8753,Disintegrin family,73,,Venom,,,,,,,,,,,venom_tissue,73,73,Lachesis muta muta,Chordata,Lepidosauria,Squamata,Viperidae,Lachesis,Lachesis muta,terrestrial,terrestrial
P22827,8759,Disintegrin family,73,,Venom,,,Disulfide bond:6,,,,,,,,venom_tissue,73,73,Sistrurus miliarius barbouri,Chordata,Lepidosauria,Squamata,Viperidae,Sistrurus,Sistrurus miliarius,terrestrial,terrestrial
P22828,8757,Disintegrin family,73,,Venom,,,Disulfide bond:6,,,,,,,,venom_tissue,73,73,Sistrurus tergeminus,Chordata,Lepidosauria,Squamata,Viperidae,Sistrurus,Sistrurus tergeminus,terrestrial,terrestrial
P83469,209528,Disintegrin family,41,,Venom,,,Disulfide bond:4,,,,,,,,venom_tissue,41,41,Macrovipera lebetina obtusa,Chordata,Lepidosauria,Squamata,Viperidae,Macrovipera,Macrovipera lebetinus,terrestrial,terrestrial
P30431,8724,Peptidase M12B family,571,fragment,Venom gland,,Glycoprotein; Pyrrolidone carboxylic acid; Zymogen,Disulfide bond:8; Glycosylation:1; Pyrrolidone carboxylic acid:1,,Yes,,,,,,venom_tissue,571,296,Bothrops jararaca,Chordata,Lepidosauria,Squamata,Viperidae,Bothrops,Bothrops jararaca,terrestrial,terrestrial
Q7ZZS9,135726,Peptidase M12B family,481,,Venom; Venom gland,,Glycoprotein; Zymogen,Disulfide bond:8; Glycosylation:1,Yes,Yes,,,,,,venom_tissue,463,273,Protobothrops jerdonii,Chordata,Lepidosauria,Squamata,Viperidae,Protobothrops,Protobothrops jerdonii,terrestrial,terrestrial
P83658,40353,Disintegrin family,64,,Venom,,,Disulfide bond:6,,,,,,,,venom_tissue,64,64,Echis carinatus,Chordata,Lepidosauria,Squamata,Viperidae,Echis,Echis carinatus,terrestrial,terrestrial
Q7ZZM2,135726,Disintegrin family,110,,,,,Disulfide bond:4,Yes,,,,,,,venom_tissue,90,90,Protobothrops jerdonii,Chordata,Lepidosauria,Squamata,Viperidae,Protobothrops,Protobothrops jerdonii,terrestrial,terrestrial
P21859,88087,Disintegrin family,70,,Venom,,,Disulfide bond:6,,,,,,,,venom_tissue,70,70,Protobothrops flavoviridis,Chordata,Lepidosauria,Squamata,Viperidae,Protobothrops,Protobothrops flavoviridis,terrestrial,terrestrial
P83912,135726,Peptidase M12B family,484,,Venom,,Zymogen,Disulfide bond:9,Yes,Yes,,,,,,venom_tissue,464,275,Protobothrops jerdonii,Chordata,Lepidosauria,Squamata,Viperidae,Protobothrops,Protobothrops jerdonii,terrestrial,terrestrial
P82172,9258,,42,,Venom; Venom gland,,,Disulfide bond:3,,,,,,,,both,42,42,Ornithorhynchus anatinus,Chordata,Mammalia,Monotremata,Ornithorhynchidae,Ornithorhynchus,Ornithorhynchus anatinus,terrestrial,terrestrial
P82140,9258,,42,,Venom; Venom gland,,,Disulfide bond:3,,,,,,,,both,42,42,Ornithorhynchus anatinus,Chordata,Mammalia,Monotremata,Ornithorhynchidae,Ornithorhynchus,Ornithorhynchus anatinus,terrestrial,terrestrial
P82141,9258,,38,,Venom; Venom gland,,,Disulfide bond:1,,,,,,,,both,38,38,Ornithorhynchus anatinus,Chordata,Mammalia,Monotremata,Ornithorhynchidae,Ornithorhynchus,Ornithorhynchus anatinus,terrestrial,terrestrial
P28374,8618,Natriuretic peptide family,38,,Venom,,,Disulfide bond:1,,,,,,,,both,38,38,Dendroaspis angusticeps,Chordata,Lepidosauria,Squamata,Elapidae,Dendroaspis,Dendroaspis angusticeps,terrestrial,terrestrial
P49343,39300,Ectatomin family,37,,Venom,LD(50) is 0.0068 mg/kg by intracerebroventricular injection.,,Disulfide bond:2,,,,,,,,kw_toxin,37,37,Ectatomma tuberculatum,Arthropoda,Insecta,Hymenoptera,Formicidae,Ectatomma,Ectatomma tuberculatum,terrestrial,terrestrial
P49344,39300,Ectatomin family,34,,Venom,LD(50) is 0.0068 mg/kg by intracerebroventricular injection.,,Disulfide bond:2,,,,,,,,kw_toxin,34,34,Ectatomma tuberculatum,Arthropoda,Insecta,Hymenoptera,Formicidae,Ectatomma,Ectatomma tuberculatum,terrestrial,terrestrial
P61914,6106,Sea anemone tenebrosin family,214,,,,,,Yes,Yes,,,,,,kw_toxin,195,179,Actinia equina,Cnidaria,Anthozoa,Actiniaria,Actiniidae,Actinia,Actinia equina,marine,marine
P61915,6105,Sea anemone tenebrosin family,179,,,,,,,,,,,,,kw_toxin,179,179,Actinia tenebrosa,Cnidaria,Anthozoa,Actiniaria,Actiniidae,Actinia,Actinia tenebrosa,marine,marine
Q9Y1U9,6106,Sea anemone tenebrosin family,214,,,,,,Yes,Yes,,,,,,kw_toxin,195,179,Actinia equina,Cnidaria,Anthozoa,Actiniaria,Actiniidae,Actinia,Actinia equina,marine,marine
Q93109,6106,Sea anemone tenebrosin family,214,,,,,,Yes,Yes,,,,,,kw_toxin,195,179,Actinia equina,Cnidaria,Anthozoa,Actiniaria,Actiniidae,Actinia,Actinia equina,marine,marine
P04203,8554,Glucagon family,38,,Venom,,,,,,,,,,,both,38,38,Heloderma suspectum,Chordata,Lepidosauria,Squamata,Helodermatidae,Heloderma,Heloderma suspectum,terrestrial,terrestrial
P04204,8554,Glucagon family,35,,Venom,,Amidation,Amidation:1,,,,,,,,both,35,35,Heloderma suspectum,Chordata,Lepidosauria,Squamata,Helodermatidae,Heloderma,Heloderma suspectum,terrestrial,terrestrial
P20394,8552,Glucagon family,39,,Venom,,Amidation,Amidation:1,,,,,,,,both,39,39,Heloderma horridum horridum,Chordata,Lepidosauria,Squamata,Helodermatidae,Heloderma,Heloderma horridum,terrestrial,terrestrial
P26349,8554,Glucagon family,87,,Venom,,Amidation,Amidation:1,Yes,Yes,,,,,,both,64,39,Heloderma suspectum,Chordata,Lepidosauria,Squamata,Helodermatidae,Heloderma,Heloderma suspectum,terrestrial,terrestrial
P83255,8709,Peptidase M12B family,202,,Venom,,Glycoprotein,Disulfide bond:3; Glycosylation:1,,,GO:0006508 (proteolysis and peptidolysis); GO:0030193 (regulation of blood coagulation); GO:0005509 (calcium ion binding); GO:0042029 (fibrolase activity); GO:0000287 (magnesium ion binding); GO:0008270 (zinc ion binding),GO:0006508 (proteolysis and peptidolysis); GO:0030193 (regulation of blood coagulation),,GO:0005509 (calcium ion binding); GO:0042029 (fibrolase activity); GO:0000287 (magnesium ion binding); GO:0008270 (zinc ion binding),,venom_tissue,202,202,Macrovipera lebetinus,Chordata,Lepidosauria,Squamata,Viperidae,Macrovipera,Macrovipera lebetinus,terrestrial,terrestrial
Q76CA1,230562,Contains 1 EGF-like domain,86,,Cnidoblast,PD(50) is 215 ug/kg to crabs. LD(50) is >1000 ug/kg to crabs.,Cleavage on pair of basic residues,Disulfide bond:3,Yes,Yes,,,,,,kw_toxin,63,48,Stichodactyla gigantea,Cnidaria,Anthozoa,Actiniaria,Stichodactylidae,Stichodactyla,Stichodactyla gigantea,marine,marine
Q76CA3,230562,Sea anemone sodium channel inhibitory toxin family,74,,Cnidoblast,LD(50) is 70 ug/kg to crabs.,Cleavage on pair of basic residues,,Yes,Yes,,,,,,kw_toxin,55,44,Stichodactyla gigantea,Cnidaria,Anthozoa,Actiniaria,Stichodactylidae,Stichodactyla,Stichodactyla gigantea,marine,marine
Q76CA0,230562,Sea anemone sodium channel inhibitory toxin family,84,,Cnidoblast,LD(50) is 120 ug/kg to crabs.,Cleavage on pair of basic residues,,Yes,Yes,,,,,,kw_toxin,65,48,Stichodactyla gigantea,Cnidaria,Anthozoa,Actiniaria,Stichodactylidae,Stichodactyla,Stichodactyla gigantea,marine,marine
P43685,8552,Peptidase S1 family,245,,Venom,,Glycoprotein,Disulfide bond:5; Glycosylation:1,,,,,,,,both,245,245,Heloderma horridum horridum,Chordata,Lepidosauria,Squamata,Helodermatidae,Heloderma,Heloderma horridum,terrestrial,terrestrial
P82656,132263,Antimicrobial peptide scorpion family,41,,Venom,,,,,,,,,,,venom_tissue,41,41,Hoffmannihadrurus aztecus,Arthropoda,Arachnida,Scorpiones,Caraboctonidae,Hoffmannihadrurus,Hoffmannihadrurus aztecus,terrestrial,terrestrial
Q91055,8552,CRISP family,242,,Salivary gland; Venom,,,,Yes,,,,,,,both,223,223,Heloderma horridum horridum,Chordata,Lepidosauria,Squamata,Helodermatidae,Heloderma,Heloderma horridum,terrestrial,terrestrial
P58689,38281,Sea anemone tenebrosin family,20,fragment,,,,,,,,,,,,kw_toxin,20,20,Heteractis magnifica,Cnidaria,Anthozoa,Actiniaria,Stichodactylidae,Heteractis,Heteractis magnifica,marine,marine
P58690,38281,Sea anemone tenebrosin family,22,fragment,,,,,,,,,,,,kw_toxin,22,22,Heteractis magnifica,Cnidaria,Anthozoa,Actiniaria,Stichodactylidae,Heteractis,Heteractis magnifica,marine,marine
Q9U6X1,38281,Sea anemone tenebrosin family,211,,,,,,Yes,Yes,,,,,,kw_toxin,192,177,Heteractis magnifica,Cnidaria,Anthozoa,Actiniaria,Stichodactylidae,Heteractis,Heteractis magnifica,marine,marine
P58691,175771,Sea anemone tenebrosin family,30,fragment,,,,,,,,,,,,kw_toxin,30,30,Radianthus crispa,Cnidaria,Anthozoa,Actiniaria,Stichodactylidae,Radianthus,Radianthus crispa,marine,marine
P39088,38281,Sea anemone tenebrosin family,54,fragment,,,,,,,,,,,,kw_toxin,54,54,Heteractis magnifica,Cnidaria,Anthozoa,Actiniaria,Stichodactylidae,Heteractis,Heteractis magnifica,marine,marine
Q86LR2,6082,,243,,,PD(50) is 1.72 mg/kg by injection in blowfly larvae.,,,,,GO:0019835 (cytolysis); GO:0019836 (hemolysis); GO:0005576 (extracellular region),GO:0019835 (cytolysis); GO:0019836 (hemolysis),GO:0005576 (extracellular region),,,kw_toxin,243,243,Hydra viridissima,Cnidaria,Hydrozoa,Anthoathecata,Hydridae,Hydra,Hydra viridissima,terrestrial,freshwater
Q8JIR2,88087,Peptidase M12B family,609,,Venom; Venom gland,,Glycoprotein; Pyrrolidone carboxylic acid; Zymogen,Disulfide bond:8; Glycosylation:4; Pyrrolidone carboxylic acid:1,Yes,Yes,GO:0030195 (negative regulation of blood coagulation); GO:0006508 (proteolysis and peptidolysis); GO:0008237 (metallopeptidase activity); GO:0008270 (zinc ion binding),GO:0030195 (negative regulation of blood coagulation); GO:0006508 (proteolysis and peptidolysis),,GO:0008237 (metallopeptidase activity); GO:0008270 (zinc ion binding),,venom_tissue,591,297,Protobothrops flavoviridis,Chordata,Lepidosauria,Squamata,Viperidae,Protobothrops,Protobothrops flavoviridis,terrestrial,terrestrial
P20164,88087,Peptidase M12B family,614,,Venom; Venom gland,,Glycoprotein; Pyrrolidone carboxylic acid; Zymogen,Disulfide bond:8; Glycosylation:4; Pyrrolidone carboxylic acid:1,Yes,Yes,,,,,,venom_tissue,596,295,Protobothrops flavoviridis,Chordata,Lepidosauria,Squamata,Viperidae,Protobothrops,Protobothrops flavoviridis,terrestrial,terrestrial
P14530,88087,Peptidase M12B family,478,,Venom; Venom gland,,Pyrrolidone carboxylic acid,Disulfide bond:9; Pyrrolidone carboxylic acid:1,Yes,Yes,,,,,,venom_tissue,460,270,Protobothrops flavoviridis,Chordata,Lepidosauria,Squamata,Viperidae,Protobothrops,Protobothrops flavoviridis,terrestrial,terrestrial
P20416,8724,Peptidase M12B family,29,fragment,Venom,,,,,,,,,,,venom_tissue,29,29,Bothrops jararaca,Chordata,Lepidosauria,Squamata,Viperidae,Bothrops,Bothrops jararaca,terrestrial,terrestrial
P22796,8753,Peptidase M12B family,200,,Venom,,,,,,,,,,,venom_tissue,200,200,Lachesis muta muta,Chordata,Lepidosauria,Squamata,Viperidae,Lachesis,Lachesis muta,terrestrial,terrestrial
Q9PSN7,8736,Peptidase M12B family,216,fragment,Venom,,Glycoprotein,Disulfide bond:6; Glycosylation:1,,,GO:0007596 (blood coagulation); GO:0008237 (metallopeptidase activity),GO:0007596 (blood coagulation),,GO:0008237 (metallopeptidase activity),,venom_tissue,216,216,Crotalus ruber ruber,Chordata,Lepidosauria,Squamata,Viperidae,Crotalus,Crotalus ruber,terrestrial,terrestrial
P20897,8736,Peptidase M12B family,202,,Venom,,Pyrrolidone carboxylic acid,Disulfide bond:2; Pyrrolidone carboxylic acid:1,,,,,,,,venom_tissue,202,202,Crotalus ruber ruber,Chordata,Lepidosauria,Squamata,Viperidae,Crotalus,Crotalus ruber,terrestrial,terrestrial
Q08169,7460,Glycosyl hydrolase 56 family,382,,Venom; Venom gland,,Glycoprotein; Zymogen,Disulfide bond:2; Glycosylation:2,Yes,Yes,,,,,,venom_tissue,354,349,Apis mellifera,Arthropoda,Insecta,Hymenoptera,Apidae,Apis,Apis mellifera,terrestrial,terrestrial
P58609,184615,,36,,Saliva,,,Disulfide bond:3,,,,,,,,both,36,36,Isyndus obscurus,Arthropoda,Insecta,Hemiptera,Reduviidae,Isyndus,Isyndus obscurus,terrestrial,terrestrial
P59868,55084,Scorpion calcine family,33,,Venom,,,Disulfide bond:3,,,,,,,,both,33,33,Pandinus imperator,Arthropoda,Arachnida,Scorpiones,Scorpionidae,Pandinus,Pandinus imperator,terrestrial,terrestrial
P59888,55084,Phospholipase A2 family,167,,Venom; Venom gland,,Zymogen,Disulfide bond:5,Yes,Yes,,,,,,both,167,131,Pandinus imperator,Arthropoda,Arachnida,Scorpiones,Scorpionidae,Pandinus,Pandinus imperator,terrestrial,terrestrial
P25660,8613,Contains 1 BPTI/Kunitz inhibitor domain,65,,Venom,,,Disulfide bond:3,,,,,,,,venom_tissue,65,62,Bungarus fasciatus,Chordata,Lepidosauria,Squamata,Elapidae,Bungarus,Bungarus fasciatus,terrestrial,terrestrial
P00987,8616,Contains 1 BPTI/Kunitz inhibitor domain,85,,Venom; Venom gland,,,Disulfide bond:4,Yes,,,,,,,both,61,61,Bungarus multicinctus,Chordata,Lepidosauria,Squamata,Elapidae,Bungarus,Bungarus multicinctus,terrestrial,terrestrial
P00991,8705,Contains 1 BPTI/Kunitz inhibitor domain,61,,Venom,,Pyrrolidone carboxylic acid,Disulfide bond:3; Pyrrolidone carboxylic acid:1,,,,,,,,venom_tissue,61,61,Vipera ammodytes ammodytes,Chordata,Lepidosauria,Squamata,Viperidae,Vipera,Vipera ammodytes,terrestrial,terrestrial
P00989,8616,Contains 1 BPTI/Kunitz inhibitor domain,85,,Liver; Venom; Venom gland,,,Disulfide bond:4,Yes,,,,,,,both,61,61,Bungarus multicinctus,Chordata,Lepidosauria,Squamata,Elapidae,Bungarus,Bungarus multicinctus,terrestrial,terrestrial
P00990,8708,Contains 1 BPTI/Kunitz inhibitor domain,60,,Venom,,,Disulfide bond:3,,,,,,,,venom_tissue,60,60,Daboia siamensis,Chordata,Lepidosauria,Squamata,Viperidae,Daboia,Daboia siamensis,terrestrial,terrestrial
P00985,8626,Contains 1 BPTI/Kunitz inhibitor domain,57,,,,,Disulfide bond:3,,,,,,,,venom_tissue,57,57,Hemachatus haemachatus,Chordata,Lepidosauria,Squamata,Elapidae,Hemachatus,Hemachatus haemachatus,terrestrial,terrestrial
P00986,8655,Contains 1 BPTI/Kunitz inhibitor domain,57,,Venom,,,Disulfide bond:3,,,,,,,,venom_tissue,57,57,Naja nivea,Chordata,Lepidosauria,Squamata,Elapidae,Naja,Naja nivea,terrestrial,terrestrial
P00992,8705,Contains 1 BPTI/Kunitz inhibitor domain,65,,Venom,,,Disulfide bond:3,,,,,,,,venom_tissue,65,65,Vipera ammodytes ammodytes,Chordata,Lepidosauria,Squamata,Viperidae,Vipera,Vipera ammodytes,terrestrial,terrestrial
P00983,8620,Contains 1 BPTI/Kunitz inhibitor domain,57,,Venom,,,Disulfide bond:3,,,,,,,,both,57,57,Dendraspis polylepis polylepis,Chordata,Lepidosauria,Squamata,Elapidae,Dendroaspis,Dendroaspis polylepis,terrestrial,terrestrial
P19859,35670,Contains 1 BPTI/Kunitz inhibitor domain,57,,Venom,,,Disulfide bond:3,,,,,,,,venom_tissue,57,57,Naja naja,Chordata,Lepidosauria,Squamata,Elapidae,Naja,Naja naja,terrestrial,terrestrial
P82966,8665,Contains 1 BPTI/Kunitz inhibitor domain,58,,Venom gland,,,Disulfide bond:3,,,GO:0005576 (extracellular region); GO:0004867 (serine-type endopeptidase inhibitor activity),,GO:0005576 (extracellular region),GO:0004867 (serine-type endopeptidase inhibitor activity),,venom_tissue,58,58,Ophiophagus hannah,Chordata,Lepidosauria,Squamata,Elapidae,Ophiophagus,Ophiophagus hannah,terrestrial,terrestrial
Q7LZE3,8618,Contains 1 BPTI/Kunitz inhibitor domain,59,,Venom,,,Disulfide bond:3,,,,,,,,venom_tissue,59,57,Dendroaspis angusticeps,Chordata,Lepidosauria,Squamata,Elapidae,Dendroaspis,Dendroaspis angusticeps,terrestrial,terrestrial
Q7LZS8,8618,Contains 1 BPTI/Kunitz inhibitor domain,59,,Venom,,,Disulfide bond:3,,,,,,,,venom_tissue,59,57,Dendroaspis angusticeps,Chordata,Lepidosauria,Squamata,Elapidae,Dendroaspis,Dendroaspis angusticeps,terrestrial,terrestrial
P00984,8620,Contains 1 BPTI/Kunitz inhibitor domain,59,,Venom,,,Disulfide bond:3,,,,,,,,venom_tissue,59,59,Dendraspis polylepis polylepis,Chordata,Lepidosauria,Squamata,Elapidae,Dendroaspis,Dendroaspis polylepis,terrestrial,terrestrial
P00980,8618,Contains 1 BPTI/Kunitz inhibitor domain,59,,Venom,LD(50) is 23 mg/kg by intravenous injection.,Pyrrolidone carboxylic acid,Disulfide bond:3; Pyrrolidone carboxylic acid:1,,,,,,,,both,59,59,Dendroaspis angusticeps,Chordata,Lepidosauria,Squamata,Elapidae,Dendroaspis,Dendroaspis angusticeps,terrestrial,terrestrial
P00979,8620,Contains 1 BPTI/Kunitz inhibitor domain,60,,Venom,LD(50) is 38 mg/kg by intravenous injection.,,Disulfide bond:3,,,,,,,,both,60,60,Dendraspis polylepis polylepis,Chordata,Lepidosauria,Squamata,Elapidae,Dendroaspis,Dendroaspis polylepis,terrestrial,terrestrial
P00982,8618,Contains 1 BPTI/Kunitz inhibitor domain,57,,,LD(50) is 15 mg/kg by intravenous injection.,,Disulfide bond:3,,,,,,,,both,57,57,Dendroaspis angusticeps,Chordata,Lepidosauria,Squamata,Elapidae,Dendroaspis,Dendroaspis angusticeps,terrestrial,terrestrial
P00981,8620,Contains 1 BPTI/Kunitz inhibitor domain,79,fragment,Venom,LD(50) is 30 mg/kg by intravenous injection.,,Disulfide bond:3,Yes,Yes,,,,,,both,79,57,Dendraspis polylepis polylepis,Chordata,Lepidosauria,Squamata,Elapidae,Dendroaspis,Dendroaspis polylepis,terrestrial,terrestrial
P24541,8702,Contains 1 BPTI/Kunitz inhibitor domain,62,,Venom,,,Disulfide bond:3,,,,,,,,venom_tissue,62,62,Eristicophis macmahoni,Chordata,Lepidosauria,Squamata,Viperidae,Eristicophis,Eristicophis macmahoni,terrestrial,terrestrial
P20229,35670,Contains 1 BPTI/Kunitz inhibitor domain,57,,Venom,,,Disulfide bond:3,,,,,,,,venom_tissue,57,57,Naja naja,Chordata,Lepidosauria,Squamata,Elapidae,Naja,Naja naja,terrestrial,terrestrial
Q7LZE4,8667,Contains 1 BPTI/Kunitz inhibitor domain,62,,Venom,,,Disulfide bond:3,,,,,,,,both,62,62,Oxyuranus scutellatus scutellatus,Chordata,Lepidosauria,Squamata,Elapidae,Oxyuranus,Oxyuranus scutellatus,terrestrial,terrestrial
P83974,278060,,62,,Venom,,,,Yes,,,,,,,both,33,33,Chilobrachys guangxiensis,Arthropoda,Arachnida,Araneae,Theraphosidae,Chilobrachys,Chilobrachys guangxiensis,terrestrial,terrestrial
P62520,278060,,63,,Venom; Venom gland,,,Disulfide bond:3,Yes,,,,,,,both,36,36,Chilobrachys guangxiensis,Arthropoda,Arachnida,Araneae,Theraphosidae,Chilobrachys,Chilobrachys guangxiensis,terrestrial,terrestrial
P82942,8649,Peptidase M12B family,401,,Venom,,Glycoprotein,Disulfide bond:6; Glycosylation:1,,,,,,,,venom_tissue,401,401,Naja kaouthia,Chordata,Lepidosauria,Squamata,Elapidae,Naja,Naja kaouthia,terrestrial,terrestrial
Q9TWG0,6108,Contains 1 BPTI/Kunitz inhibitor domain,58,,,,,Disulfide bond:3,,,,,,,,kw_toxin,58,58,Anemonia sulcata,Cnidaria,Anthozoa,Actiniaria,Actiniidae,Anemonia,Anemonia sulcata,marine,marine
Q9TWF9,6108,Contains 1 BPTI/Kunitz inhibitor domain,58,,,,,Disulfide bond:3,,,,,,,,kw_toxin,58,58,Anemonia sulcata,Cnidaria,Anthozoa,Actiniaria,Actiniidae,Anemonia,Anemonia sulcata,marine,marine
Q9TWF8,6108,Contains 1 BPTI/Kunitz inhibitor domain,59,,,,,Disulfide bond:3,,,,,,,,kw_toxin,59,59,Anemonia sulcata,Cnidaria,Anthozoa,Actiniaria,Actiniidae,Anemonia,Anemonia sulcata,marine,marine
P60311,33626,Snake toxin family,60,,Venom,,,Disulfide bond:4,,,,,,,,both,60,60,Naja sputatrix,Chordata,Lepidosauria,Squamata,Elapidae,Naja,Naja sputatrix,terrestrial,terrestrial
P83659,246266,Bradykinin family,9,,Venom,,,,,,GO:0045776 (negative regulation of blood pressure); GO:0045987 (positive regulation of smooth muscle contra...); GO:0005615 (extracellular space),GO:0045776 (negative regulation of blood pressure); GO:0045987 (positive regulation of smooth muscle contra...),GO:0005615 (extracellular space),,,venom_tissue,9,9,Cyphononyx dorsalis,Arthropoda,Insecta,Hymenoptera,Pompilidae,Cyphononyx,Cyphononyx dorsalis,terrestrial,terrestrial
P83655,118530,,23,,Venom,,,Disulfide bond:2,,,,,,,,both,23,23,Heterometrus spinifer,Arthropoda,Arachnida,Scorpiones,Scorpionidae,Heterometrus,Heterometrus spinifer,terrestrial,terrestrial
P58910,170972,Alpha/beta-scorpion toxin family,63,,Venom,,,Disulfide bond:4,,,,,,,,both,63,63,Parabuthus transvaalicus,Arthropoda,Arachnida,Scorpiones,Buthidae,Parabuthus,Parabuthus transvaalicus,terrestrial,terrestrial
P23631,6924,Latrotoxin family,1401,,Venom; Venom gland,,,,Yes,,,,,,,kw_toxin,1381,1381,Latrodectus mactans,Arthropoda,Arachnida,Araneae,Theridiidae,Latrodectus,Latrodectus mactans,terrestrial,terrestrial
Q9XZC0,6924,Latrotoxin family,1395,,,,,,,,,,,,,both,1395,1395,Latrodectus mactans,Arthropoda,Arachnida,Araneae,Theridiidae,Latrodectus,Latrodectus mactans,terrestrial,terrestrial
P84038,8709,Contains 1 C-type lectin family domain,42,fragment,Venom,,Glycoprotein,Disulfide bond:1,,,,,,,,venom_tissue,42,42,Macrovipera lebetinus,Chordata,Lepidosauria,Squamata,Viperidae,Macrovipera,Macrovipera lebetinus,terrestrial,terrestrial
P84037,8709,Contains 1 C-type lectin family domain,43,fragment,Venom,,Glycoprotein,Disulfide bond:1,,,,,,,,venom_tissue,43,43,Macrovipera lebetinus,Chordata,Lepidosauria,Squamata,Viperidae,Macrovipera,Macrovipera lebetinus,terrestrial,terrestrial
Q7LZ31,8552,,33,fragment,Venom,LD(50) is 0.135 mg/kg on mice.,,,,,,,,,,both,33,33,Heloderma horridum horridum,Chordata,Lepidosauria,Squamata,Helodermatidae,Heloderma,Heloderma horridum,terrestrial,terrestrial
Q02989,6924,Latrotoxin family,1411,fragment,Venom gland,,,,,Yes,,,,,,both,1411,1376,Latrodectus mactans,Arthropoda,Arachnida,Araneae,Theridiidae,Latrodectus,Latrodectus mactans,terrestrial,terrestrial
Q25338,6924,Latrotoxin family,1214,,Venom gland,,,,Yes,Yes,,,,,,both,1214,991,Latrodectus mactans,Arthropoda,Arachnida,Araneae,Theridiidae,Latrodectus,Latrodectus mactans,terrestrial,terrestrial
Q95P90,34649,,94,,Venom gland,,,Disulfide bond:3,Yes,,,,,,,both,72,72,Olivierus martensii,Arthropoda,Arachnida,Scorpiones,Buthidae,Olivierus,Olivierus martensii,terrestrial,terrestrial
P61507,278031,,25,,Venom,,Amidation,Amidation:1,,,,,,,,both,25,25,Hogna carolinensis,Arthropoda,Arachnida,Araneae,Lycosidae,Hogna,Hogna carolinensis,terrestrial,terrestrial
P61508,278031,,27,,Venom,,,,,,,,,,,both,27,27,Hogna carolinensis,Arthropoda,Arachnida,Araneae,Lycosidae,Hogna,Hogna carolinensis,terrestrial,terrestrial
P56569,34649,Alpha/beta-scorpion toxin family,64,,Venom,,,Disulfide bond:4,,,,,,,,both,64,64,Olivierus martensii,Arthropoda,Arachnida,Scorpiones,Buthidae,Olivierus,Olivierus martensii,terrestrial,terrestrial
Q86BW9,34649,Alpha/beta-scorpion toxin family,85,,Venom gland,,Amidation,Disulfide bond:4; Amidation:1,Yes,,,,,,,both,66,64,Olivierus martensii,Arthropoda,Arachnida,Scorpiones,Buthidae,Olivierus,Olivierus martensii,terrestrial,terrestrial
P59853,34649,Alpha/beta-scorpion toxin family,85,,Venom gland,,Amidation,Disulfide bond:4; Amidation:1,Yes,,,,,,,both,66,64,Olivierus martensii,Arthropoda,Arachnida,Scorpiones,Buthidae,Olivierus,Olivierus martensii,terrestrial,terrestrial
P28375,8619,Snake toxin family,59,,Venom,,,Disulfide bond:4,,,,,,,,both,59,59,Dendroaspis jamesoni kaimosae,Chordata,Lepidosauria,Squamata,Elapidae,Dendroaspis,Dendroaspis jamesoni,terrestrial,terrestrial
P69034,91439,MCD family,14,,Venom,,Amidation,Amidation:1,,,,,,,,venom_tissue,14,14,Protopolybia exigua,Arthropoda,Insecta,Hymenoptera,Vespidae,Protopolybia,Protopolybia exigua,terrestrial,terrestrial
P69035,91439,MCD family,14,,Venom,,Amidation,Amidation:1,,,,,,,,venom_tissue,14,14,Protopolybia exigua,Arthropoda,Insecta,Hymenoptera,Vespidae,Protopolybia,Protopolybia exigua,terrestrial,terrestrial
P69036,91439,MCD family,14,,Venom,,Amidation,Amidation:1,,,,,,,,venom_tissue,14,14,Protopolybia exigua,Arthropoda,Insecta,Hymenoptera,Vespidae,Protopolybia,Protopolybia exigua,terrestrial,terrestrial
P42716,31921,MCD family,14,,Venom,,Amidation,Amidation:1,,,,,,,,venom_tissue,14,14,Parapolybia indica,Arthropoda,Insecta,Hymenoptera,Vespidae,Parapolybia,Parapolybia indica,terrestrial,terrestrial
P01517,7457,MCD family,14,,Venom,,Amidation,Amidation:1,,,,,,,,venom_tissue,14,14,Polistes jokahamae,Arthropoda,Insecta,Hymenoptera,Vespidae,Polistes,Polistes jokahamae,terrestrial,terrestrial
P21654,7444,MCD family,14,,Venom,,Amidation,Amidation:1,,,,,,,,venom_tissue,14,14,Vespa basalis,Arthropoda,Insecta,Hymenoptera,Vespidae,Vespa,Vespa basalis,terrestrial,terrestrial
P01516,7445,MCD family,14,,Venom,,Amidation,Amidation:1,,,,,,,,venom_tissue,14,14,Vespa crabro,Arthropoda,Insecta,Hymenoptera,Vespidae,Vespa,Vespa crabro,terrestrial,terrestrial
P01514,7452,MCD family,14,,Venom,,Amidation,Amidation:1,,,,,,,,venom_tissue,14,14,Vespula lewisii,Arthropoda,Insecta,Hymenoptera,Vespidae,Vespula,Vespula lewisii,terrestrial,terrestrial
P04205,7446,MCD family,14,,Venom,,Amidation,Amidation:1,,,,,,,,venom_tissue,14,14,Vespa mandarinia,Arthropoda,Insecta,Hymenoptera,Vespidae,Vespa,Vespa mandarinia,terrestrial,terrestrial
P17238,7447,MCD family,14,,Venom,,Amidation,Amidation:1,,,,,,,,venom_tissue,14,14,Vespa orientalis,Arthropoda,Insecta,Hymenoptera,Vespidae,Vespa,Vespa orientalis,terrestrial,terrestrial
P01515,7448,MCD family,14,,Venom,,Amidation,Amidation:1,,,,,,,,venom_tissue,14,14,Vespa simillima xanthoptera,Arthropoda,Insecta,Hymenoptera,Vespidae,Vespa,Vespa simillima,terrestrial,terrestrial
P01499,7460,,50,,Venom; Venom gland,,Amidation; Formylation,Formylation:3; Disulfide bond:2; Amidation:1,Yes,Yes,,,,,,both,31,22,Apis mellifera,Arthropoda,Insecta,Hymenoptera,Apidae,Apis,Apis mellifera,terrestrial,terrestrial
P04567,28643,,28,,Venom,,,Disulfide bond:2,,,,,,,,venom_tissue,28,28,Bombus pensylvanicus,Arthropoda,Insecta,Hymenoptera,Apidae,Bombus,Bombus pensylvanicus,terrestrial,terrestrial
P68407,94128,Melittin family,70,,Venom gland,,Amidation,Amidation:1,Yes,Yes,,,,,,both,49,26,Apis cerana cerana,Arthropoda,Insecta,Hymenoptera,Apidae,Apis,Apis cerana,terrestrial,terrestrial
Q8LW54,7461,Melittin family,77,,,,Amidation,Amidation:1,Yes,Yes,,,,,,both,47,26,Apis cerana,Arthropoda,Insecta,Hymenoptera,Apidae,Apis,Apis cerana,terrestrial,terrestrial
P01502,7462,Melittin family,26,,,,Amidation,Amidation:1,,,,,,,,both,26,26,Apis dorsata,Arthropoda,Insecta,Hymenoptera,Apidae,Apis,Apis dorsata,terrestrial,terrestrial
P01504,7463,Melittin family,26,,,,Amidation,Amidation:1,,,,,,,,kw_toxin,26,26,Apis florea,Arthropoda,Insecta,Hymenoptera,Apidae,Apis,Apis florea,terrestrial,terrestrial
P01501,7460,Melittin family,70,,,,Amidation; Formylation,Amidation:1; Formylation:1,Yes,Yes,,,,,,both,49,26,Apis mellifera,Arthropoda,Insecta,Hymenoptera,Apidae,Apis,Apis mellifera,terrestrial,terrestrial
P59261,202806,Melittin family,70,,Venom gland,,Amidation,Amidation:1,Yes,Yes,,,,,,both,49,26,Polistes hebraeus,Arthropoda,Insecta,Hymenoptera,Vespidae,Polistes,Polistes hebraeus,terrestrial,terrestrial
P59262,7453,Melittin family,70,,Venom gland,,Amidation,Amidation:1,Yes,Yes,,,,,,both,49,26,Vespula maculifrons,Arthropoda,Insecta,Hymenoptera,Vespidae,Vespula,Vespula maculifrons,terrestrial,terrestrial
P68408,202807,Melittin family,70,,Venom gland,,Amidation,Amidation:1,Yes,Yes,,,,,,both,49,26,Vespa magnifica,Arthropoda,Insecta,Hymenoptera,Vespidae,Vespa,Vespa magnifica,terrestrial,terrestrial
P68409,202809,Melittin family,70,,Venom gland,,Amidation,Amidation:1,Yes,Yes,,,,,,both,49,26,Vespa velutina nigrithorax,Arthropoda,Insecta,Hymenoptera,Vespidae,Vespa,Vespa velutina,terrestrial,terrestrial
P60273,29015,Spider potassium channel inhibitory toxin family,31,,,,,Disulfide bond:3,,,,,,,,both,31,31,Grammostola rosea,Arthropoda,Arachnida,Araneae,Theraphosidae,Grammostola,Grammostola rosea,terrestrial,terrestrial
Q7YT39,29015,Spider potassium channel inhibitory toxin family,82,,Venom; Venom gland,,Amidation,Amidation:1,Yes,Yes,,,,,,both,61,34,Grammostola rosea,Arthropoda,Arachnida,Araneae,Theraphosidae,Grammostola,Grammostola rosea,terrestrial,terrestrial
O57540,8732,Snake toxin myotoxin family,65,,Venom gland,,,Disulfide bond:3,Yes,,,,,,,both,43,43,Crotalus durissus terrificus,Chordata,Lepidosauria,Squamata,Viperidae,Crotalus,Crotalus durissus,terrestrial,terrestrial
Q9PWF3,8732,Snake toxin myotoxin family,65,,Liver; Venom gland,,,Disulfide bond:3,Yes,,,,,,,both,43,43,Crotalus durissus terrificus,Chordata,Lepidosauria,Squamata,Viperidae,Crotalus,Crotalus durissus,terrestrial,terrestrial
O73799,8732,Snake toxin myotoxin family,64,,Venom gland,,,Disulfide bond:3,Yes,,,,,,,both,42,42,Crotalus durissus terrificus,Chordata,Lepidosauria,Squamata,Viperidae,Crotalus,Crotalus durissus,terrestrial,terrestrial
Q07932,13618,,112,,Venom,,,,Yes,Yes,,,,,,venom_tissue,95,45,Myrmecia pilosula,Arthropoda,Insecta,Hymenoptera,Formicidae,Myrmecia,Myrmecia pilosula,terrestrial,terrestrial
Q26464,13618,,75,,Venom,,,,Yes,Yes,,,,,,venom_tissue,58,27,Myrmecia pilosula,Arthropoda,Insecta,Hymenoptera,Formicidae,Myrmecia,Myrmecia pilosula,terrestrial,terrestrial
P24331,8732,Snake toxin myotoxin family,65,,Venom gland,,,Disulfide bond:3,Yes,,,,,,,both,43,42,Crotalus durissus terrificus,Chordata,Lepidosauria,Squamata,Viperidae,Crotalus,Crotalus durissus,terrestrial,terrestrial
P12028,8740,Snake toxin myotoxin family,43,,,,,Disulfide bond:3,,,,,,,,both,43,43,Crotalus concolor,Chordata,Lepidosauria,Squamata,Viperidae,Crotalus,Crotalus concolor,terrestrial,terrestrial
P01476,8742,Snake toxin myotoxin family,42,,Venom,LD(50) is 3.0 mg/kg by intramuscular injection.,,Disulfide bond:3,,,,,,,,both,42,42,Crotalus viridis viridis,Chordata,Lepidosauria,Squamata,Viperidae,Crotalus,Crotalus viridis,terrestrial,terrestrial
P24332,8732,Snake toxin myotoxin family,64,fragment,Venom gland,,,Disulfide bond:1,Yes,,,,,,,both,43,42,Crotalus durissus terrificus,Chordata,Lepidosauria,Squamata,Viperidae,Crotalus,Crotalus durissus,terrestrial,terrestrial
P12029,8740,Snake toxin myotoxin family,43,,,,,Disulfide bond:3,,,,,,,,both,43,43,Crotalus concolor,Chordata,Lepidosauria,Squamata,Viperidae,Crotalus,Crotalus concolor,terrestrial,terrestrial
P63175,8742,Snake toxin myotoxin family,45,,Venom,,,Disulfide bond:3,,,,,,,,both,45,43,Crotalus viridis viridis,Chordata,Lepidosauria,Squamata,Viperidae,Crotalus,Crotalus viridis,terrestrial,terrestrial
P24333,8732,Snake toxin myotoxin family,65,,Venom gland,,,Disulfide bond:3,Yes,,,,,,,both,43,42,Crotalus durissus terrificus,Chordata,Lepidosauria,Squamata,Viperidae,Crotalus,Crotalus durissus,terrestrial,terrestrial
P63176,8742,Snake toxin myotoxin family,45,,Venom,,,Disulfide bond:3,,,,,,,,both,45,45,Crotalus viridis viridis,Chordata,Lepidosauria,Squamata,Viperidae,Crotalus,Crotalus viridis,terrestrial,terrestrial
P24334,8732,Snake toxin myotoxin family,51,fragment,Venom gland,,,Disulfide bond:3,Yes,,,,,,,both,43,43,Crotalus durissus terrificus,Chordata,Lepidosauria,Squamata,Viperidae,Crotalus,Crotalus durissus,terrestrial,terrestrial
P01475,8732,Snake toxin myotoxin family,42,,,LD(50) is 1.5 mg/kg by intravenous injection. LD(50) is 32.8 mg/kg by intraperitoneal injection into mice.,,Disulfide bond:3,,,,,,,,both,42,42,Crotalus durissus terrificus,Chordata,Lepidosauria,Squamata,Viperidae,Crotalus,Crotalus durissus,terrestrial,terrestrial
P01477,8741,Snake toxin myotoxin family,43,,,LD(50) is 1.96 mg/kg by intravenous injection.,,Disulfide bond:3,,,,,,,,both,43,43,Crotalus helleri,Chordata,Lepidosauria,Squamata,Viperidae,Crotalus,Crotalus helleri,terrestrial,terrestrial
P24330,8729,Snake toxin myotoxin family,45,,Venom,LD(50) is 0.96 mg/kg by subcutaneous injection.,,Disulfide bond:3,,,,,,,,both,45,45,Crotalus adamanteus,Chordata,Lepidosauria,Squamata,Viperidae,Crotalus,Crotalus adamanteus,terrestrial,terrestrial
P63327,221570,Snake toxin myotoxin family,42,,Venom,,,Disulfide bond:3,,,,,,,,both,42,42,Crotalus durissus ruruima,Chordata,Lepidosauria,Squamata,Viperidae,Crotalus,Crotalus durissus,terrestrial,terrestrial
P82972,47769,Natriuretic peptide family,37,,Venom,,,Disulfide bond:1,,,GO:0030146 (diuresis); GO:0045776 (negative regulation of blood pressure); GO:0009405 (pathogenesis); GO:0030828 (positive regulation of cGMP biosynthesis); GO:0005576 (extracellular region),GO:0030146 (diuresis); GO:0045776 (negative regulation of blood pressure); GO:0009405 (pathogenesis); GO:0030828 (positive regulation of cGMP biosynthesis),GO:0005576 (extracellular region),,,both,37,37,Pseudocerastes persicus,Chordata,Lepidosauria,Squamata,Viperidae,Pseudocerastes,Pseudocerastes persicus,terrestrial,terrestrial
P80958,8656,Snake toxin family,82,,Liver; Venom; Venom gland,,,Disulfide bond:4,Yes,,,,,,,both,61,61,Naja atra,Chordata,Lepidosauria,Squamata,Elapidae,Naja,Naja atra,terrestrial,terrestrial
Q9W717,8656,Snake toxin family,86,,Venom gland,,,Disulfide bond:4,Yes,,,,,,,both,65,65,Naja atra,Chordata,Lepidosauria,Squamata,Elapidae,Naja,Naja atra,terrestrial,terrestrial
O77463,6887,Alpha/beta-scorpion toxin family,84,,Venom,,Amidation,Disulfide bond:4; Amidation:1,Yes,Yes,,,,,,venom_tissue,65,62,Tityus serrulatus,Arthropoda,Arachnida,Scorpiones,Buthidae,Tityus,Tityus serrulatus,terrestrial,terrestrial
P60589,8654,Waprin toxin family,51,,Venom,,,Disulfide bond:4,,,,,,,,both,51,51,Naja nigricollis,Chordata,Lepidosauria,Squamata,Elapidae,Naja,Naja nigricollis,terrestrial,terrestrial
P83490,201391,Snake toxin family,77,,Venom,,Pyrrolidone carboxylic acid,Disulfide bond:5; Pyrrolidone carboxylic acid:1,,,,,,,,both,77,77,Coelognathus radiatus,Chordata,Lepidosauria,Squamata,Colubridae,Coelognathus,Coelognathus radiatus,terrestrial,terrestrial
Q9PUB7,54390,Snake toxin family,78,,Venom gland,,,Disulfide bond:4,Yes,,,,,,,both,57,57,Micrurus corallinus,Chordata,Lepidosauria,Squamata,Elapidae,Micrurus,Micrurus corallinus,terrestrial,terrestrial
Q9PRI1,54390,Snake toxin family,78,,Venom gland,,,Disulfide bond:4,Yes,,,,,,,both,57,57,Micrurus corallinus,Chordata,Lepidosauria,Squamata,Elapidae,Micrurus,Micrurus corallinus,terrestrial,terrestrial
P58370,54390,Snake toxin family,86,,Venom gland,,,Disulfide bond:5,Yes,,,,,,,both,65,65,Micrurus corallinus,Chordata,Lepidosauria,Squamata,Elapidae,Micrurus,Micrurus corallinus,terrestrial,terrestrial
P01526,6221,Worm B-toxin family,55,,,,Hydroxylation,Disulfide bond:4; Hydroxylation:1,,,,,,,,kw_toxin,55,55,Cerebratulus lacteus,Nemertea,Pilidiophora,Heteronemertea,Lineidae,Cerebratulus,Cerebratulus lacteus,marine,marine
P01525,6221,Worm B-toxin family,55,,,,Hydroxylation,Disulfide bond:4; Hydroxylation:1,,,,,,,,kw_toxin,55,55,Cerebratulus lacteus,Nemertea,Pilidiophora,Heteronemertea,Lineidae,Cerebratulus,Cerebratulus lacteus,marine,marine
Q8AY53,92438,Snake toxin family,86,,Venom gland,,,Disulfide bond:4,Yes,,,,,,,both,65,65,Bungarus candidus,Chordata,Lepidosauria,Squamata,Elapidae,Bungarus,Bungarus candidus,terrestrial,terrestrial
Q8AY52,92438,Snake toxin family,86,,Venom gland,,,Disulfide bond:4,Yes,,,,,,,both,65,65,Bungarus candidus,Chordata,Lepidosauria,Squamata,Elapidae,Bungarus,Bungarus candidus,terrestrial,terrestrial
Q8AY56,92438,Snake toxin family,87,,Venom gland,,,Disulfide bond:5,Yes,,,,,,,both,66,66,Bungarus candidus,Chordata,Lepidosauria,Squamata,Elapidae,Bungarus,Bungarus candidus,terrestrial,terrestrial
Q8AY55,92438,Snake toxin family,87,,Venom gland,,,Disulfide bond:5,Yes,,,,,,,both,66,66,Bungarus candidus,Chordata,Lepidosauria,Squamata,Elapidae,Bungarus,Bungarus candidus,terrestrial,terrestrial
P60615,8616,Snake toxin family,95,,Liver; Venom; Venom gland,LD(50) is 0.3 mg/kg by subcutaneous injection.,,Disulfide bond:5,Yes,,,,,,,both,74,74,Bungarus multicinctus,Chordata,Lepidosauria,Squamata,Elapidae,Bungarus,Bungarus multicinctus,terrestrial,terrestrial
P60616,8616,Snake toxin family,95,,Liver; Venom; Venom gland,,,Disulfide bond:5,Yes,,,,,,,both,74,74,Bungarus multicinctus,Chordata,Lepidosauria,Squamata,Elapidae,Bungarus,Bungarus multicinctus,terrestrial,terrestrial
P01385,8605,Snake toxin family,73,,Venom,LD(50) is 0.13 mg/kg by intramuscular injection.,,Disulfide bond:5,,,,,,,,both,73,73,Acanthophis antarcticus,Chordata,Lepidosauria,Squamata,Elapidae,Acanthophis,Acanthophis antarcticus,terrestrial,terrestrial
P25670,8607,Snake toxin family,68,,Venom,LD(50) is 0.13 mg/kg by intravenous injection.,,Disulfide bond:5,,,,,,,,both,68,68,Aspidelaps scutatus,Chordata,Lepidosauria,Squamata,Elapidae,Aspidelaps,Aspidelaps scutatus,terrestrial,terrestrial
P01380,8680,Snake toxin family,70,,Venom,LD(50) is 0.096 mg/kg by intramuscular injection.,Amidation,Disulfide bond:5; Amidation:1,,,,,,,,both,70,70,Hydrophis stokesii,Chordata,Lepidosauria,Squamata,Elapidae,Hydrophis,Hydrophis stokesii,marine,marine
P34074,8610,Snake toxin family,71,,Venom,LD(50) is 0.086 mg/kg by intraperitoneal injection.,,Disulfide bond:5,,,,,,,,both,71,71,Naja annulata annulata,Chordata,Lepidosauria,Squamata,Elapidae,Naja,Naja annulata,terrestrial,terrestrial
P01398,8616,Snake toxin family,87,,Liver; Venom; Venom gland,,,Disulfide bond:5,Yes,,,,,,,both,66,66,Bungarus multicinctus,Chordata,Lepidosauria,Squamata,Elapidae,Bungarus,Bungarus multicinctus,terrestrial,terrestrial
P01393,8619,Snake toxin family,72,,Venom,LD(50) is 0.38 mg/kg by subcutaneous injection.,,Disulfide bond:5,,,,,,,,both,72,72,Dendroaspis jamesoni kaimosae,Chordata,Lepidosauria,Squamata,Elapidae,Dendroaspis,Dendroaspis jamesoni,terrestrial,terrestrial
P01396,8620,Snake toxin family,72,,,LD(50) is 0.12 mg/kg by subcutaneous injection.,,Disulfide bond:5,,,,,,,,both,72,72,Dendraspis polylepis polylepis,Chordata,Lepidosauria,Squamata,Elapidae,Dendroaspis,Dendroaspis polylepis,terrestrial,terrestrial
P01394,8621,Snake toxin family,72,,Venom,LD(50) is 0.9 mg/kg by intraperitoneal injection.,,Disulfide bond:5,,,,,,,,both,72,72,Dendroaspis viridis,Chordata,Lepidosauria,Squamata,Elapidae,Dendroaspis,Dendroaspis viridis,terrestrial,terrestrial
P01379,8631,Snake toxin family,87,,Venom; Venom gland,LD(50) is 1.24 mg/kg by intramuscular injection.,,Disulfide bond:5,Yes,,,,,,,both,66,66,Laticauda semifasciata,Chordata,Lepidosauria,Squamata,Elapidae,Laticauda,Laticauda semifasciata,marine,marine
P01389,263737,Snake toxin family,72,,Venom,LD(50) is 0.067 mg/kg by subcutaneous injection.,,Disulfide bond:5,,,,,,,,both,72,72,Naja anchietae,Chordata,Lepidosauria,Squamata,Elapidae,Naja,Naja anchietae,terrestrial,terrestrial
P25674,8642,Snake toxin family,71,,Venom,LD(50) is 0.11 mg/kg by intravenous injection.,,Disulfide bond:5,,,,,,,,both,71,71,Naja haje haje,Chordata,Lepidosauria,Squamata,Elapidae,Naja,Naja haje,terrestrial,terrestrial
P01391,8649,Snake toxin family,71,,Venom,LD(50) is 0.1 mg/kg by intravenous injection.,,Disulfide bond:5,,,,,,,,both,71,71,Naja kaouthia,Chordata,Lepidosauria,Squamata,Elapidae,Naja,Naja kaouthia,terrestrial,terrestrial
P01383,8643,Snake toxin family,71,,Venom,LD(50) is 1.5 mg/kg by intraperitoneal injection.,,Disulfide bond:5,,,,,,,,both,71,71,Naja melanoleuca,Chordata,Lepidosauria,Squamata,Elapidae,Naja,Naja melanoleuca,terrestrial,terrestrial
P25668,35670,Snake toxin family,71,,Venom,LD(50) is 0.15 mg/kg by subcutaneous injection.,,Disulfide bond:5,,,,,,,,both,71,71,Naja naja,Chordata,Lepidosauria,Squamata,Elapidae,Naja,Naja naja,terrestrial,terrestrial
P01390,8655,Snake toxin family,71,,Venom,LD(50) is 0.076 mg/kg by subcutaneous injection.,,Disulfide bond:5,,,,,,,,both,71,71,Naja nivea,Chordata,Lepidosauria,Squamata,Elapidae,Naja,Naja nivea,terrestrial,terrestrial
P01382,8657,Snake toxin family,73,,Venom,LD(50) is 0.56 mg/kg by intraperitoneal injection.,,Disulfide bond:5,,,,,,,,both,73,73,Naja oxiana,Chordata,Lepidosauria,Squamata,Elapidae,Naja,Naja oxiana,terrestrial,terrestrial
P01384,70142,Snake toxin family,73,,Venom,LD(50) is 0.125 mg/kg by intravenous injection.,,Disulfide bond:5,,,,,,,,both,73,73,Notechis scutatus scutatus,Chordata,Lepidosauria,Squamata,Elapidae,Notechis,Notechis scutatus,terrestrial,terrestrial
P01387,8665,Snake toxin family,73,,Venom,LD(50) is 0.3 mg/kg by subcutaneous injection.,,Disulfide bond:5,,,,,,,,both,73,73,Ophiophagus hannah,Chordata,Lepidosauria,Squamata,Elapidae,Ophiophagus,Ophiophagus hannah,terrestrial,terrestrial
P01381,8680,Snake toxin family,72,,Venom,LD(50) is 0.096 mg/kg by intramuscular injection.,Amidation,Disulfide bond:5; Amidation:1,,,,,,,,both,72,72,Hydrophis stokesii,Chordata,Lepidosauria,Squamata,Elapidae,Hydrophis,Hydrophis stokesii,marine,marine
P15815,8615,Snake toxin family,66,,Venom,,,Disulfide bond:5,,,,,,,,both,66,66,Bungarus flaviceps flaviceps,Chordata,Lepidosauria,Squamata,Elapidae,Bungarus,Bungarus flaviceps,terrestrial,terrestrial
P01397,8620,Snake toxin family,72,,,,,Disulfide bond:5,,,,,,,,both,72,72,Dendraspis polylepis polylepis,Chordata,Lepidosauria,Squamata,Elapidae,Dendroaspis,Dendroaspis polylepis,terrestrial,terrestrial
P01395,8621,Snake toxin family,73,,Venom,"LD(50) is 0.045 mg/kg by subcutaneous injection for variant I, and 0.08 mg/kg for variant V.",,Disulfide bond:5,,,,,,,,both,73,73,Dendroaspis viridis,Chordata,Lepidosauria,Squamata,Elapidae,Dendroaspis,Dendroaspis viridis,terrestrial,terrestrial
P01388,8643,Snake toxin family,71,,,,,Disulfide bond:5,,,,,,,,both,71,71,Naja melanoleuca,Chordata,Lepidosauria,Squamata,Elapidae,Naja,Naja melanoleuca,terrestrial,terrestrial
P25669,35670,Snake toxin family,71,,Venom,,,Disulfide bond:5,,,,,,,,both,71,71,Naja naja,Chordata,Lepidosauria,Squamata,Elapidae,Naja,Naja naja,terrestrial,terrestrial
P01386,8665,Snake toxin family,73,,Venom,LD(50) is 0.35 mg/kg by subcutaneous injection.,,Disulfide bond:5,,,,,,,,both,73,73,Ophiophagus hannah,Chordata,Lepidosauria,Squamata,Elapidae,Ophiophagus,Ophiophagus hannah,terrestrial,terrestrial
P25667,8620,Snake toxin family,72,,,LD(50) is 0.4 mg/kg by subcutaneous injection.,,Disulfide bond:5,,,,,,,,both,72,72,Dendraspis polylepis polylepis,Chordata,Lepidosauria,Squamata,Elapidae,Dendroaspis,Dendroaspis polylepis,terrestrial,terrestrial
P25671,35670,Snake toxin family,71,,Venom,LD(50) is 0.10 to 0.15 mg/kg by subcutaneous injection.,,Disulfide bond:5,,,,,,,,both,71,71,Naja naja,Chordata,Lepidosauria,Squamata,Elapidae,Naja,Naja naja,terrestrial,terrestrial
P07526,8665,Snake toxin family,73,,Venom,,,Disulfide bond:5,,,,,,,,both,73,73,Ophiophagus hannah,Chordata,Lepidosauria,Squamata,Elapidae,Ophiophagus,Ophiophagus hannah,terrestrial,terrestrial
O12961,8616,Snake toxin family,87,,Venom gland,,,Disulfide bond:5,Yes,,,,,,,both,66,66,Bungarus multicinctus,Chordata,Lepidosauria,Squamata,Elapidae,Bungarus,Bungarus multicinctus,terrestrial,terrestrial
P25672,35670,Snake toxin family,71,,Venom,LD(50) is 0.22 mg/kg by subcutaneous injection.,,Disulfide bond:5,,,,,,,,both,71,71,Naja naja,Chordata,Lepidosauria,Squamata,Elapidae,Naja,Naja naja,terrestrial,terrestrial
P80156,8665,Snake toxin family,72,,Venom,,,Disulfide bond:5,,,,,,,,both,72,72,Ophiophagus hannah,Chordata,Lepidosauria,Squamata,Elapidae,Ophiophagus,Ophiophagus hannah,terrestrial,terrestrial
O12962,8616,Snake toxin family,87,,Venom gland,,,Disulfide bond:5,Yes,,,,,,,both,66,66,Bungarus multicinctus,Chordata,Lepidosauria,Squamata,Elapidae,Bungarus,Bungarus multicinctus,terrestrial,terrestrial
P25673,35670,Snake toxin family,71,,Venom,,,Disulfide bond:5,,,,,,,,both,71,71,Naja naja,Chordata,Lepidosauria,Squamata,Elapidae,Naja,Naja naja,terrestrial,terrestrial
P80965,8665,Snake toxin family,72,,Venom,,,Disulfide bond:5,,,,,,,,both,72,72,Ophiophagus hannah,Chordata,Lepidosauria,Squamata,Elapidae,Ophiophagus,Ophiophagus hannah,terrestrial,terrestrial
Q9W729,8616,Snake toxin family,87,,Venom gland,,,Disulfide bond:5,Yes,,,,,,,both,66,66,Bungarus multicinctus,Chordata,Lepidosauria,Squamata,Elapidae,Bungarus,Bungarus multicinctus,terrestrial,terrestrial
P82662,8665,Snake toxin family,70,,Venom,,,Disulfide bond:5,,,,,,,,both,70,70,Ophiophagus hannah,Chordata,Lepidosauria,Squamata,Elapidae,Ophiophagus,Ophiophagus hannah,terrestrial,terrestrial
O42257,33626,Snake toxin family,90,,Venom gland,LD(50) is 0.14 mg/kg by intravenous injection into mice.,,Disulfide bond:5,Yes,,,,,,,both,69,69,Naja sputatrix,Chordata,Lepidosauria,Squamata,Elapidae,Naja,Naja sputatrix,terrestrial,terrestrial
Q7T3J2,92438,Snake toxin family,95,,Skin; Venom; Venom gland,LD(50) is 0.23 mg/kg by intraperitoneal injection into mice.,,Disulfide bond:5,Yes,,,,,,,both,74,74,Bungarus candidus,Chordata,Lepidosauria,Squamata,Elapidae,Bungarus,Bungarus candidus,terrestrial,terrestrial
P15816,8616,Snake toxin family,87,,Venom gland,,,Disulfide bond:5,Yes,,,,,,,both,66,66,Bungarus multicinctus,Chordata,Lepidosauria,Squamata,Elapidae,Bungarus,Bungarus multicinctus,terrestrial,terrestrial
P13495,8673,Snake toxin family,71,,Venom,LD(50) is 0.015 mg/kg by intraperitoneal injection into mice.,,Disulfide bond:5,,,,,,,,both,71,71,Pseudonaja textilis,Chordata,Lepidosauria,Squamata,Elapidae,Pseudonaja,Pseudonaja textilis,terrestrial,terrestrial
P34073,8605,Snake toxin family,74,,Venom,,,Disulfide bond:5,,,,,,,,both,74,74,Acanthophis antarcticus,Chordata,Lepidosauria,Squamata,Elapidae,Acanthophis,Acanthophis antarcticus,terrestrial,terrestrial
Q9YGH9,8616,Snake toxin family,89,,Venom gland,,,Disulfide bond:5,Yes,,,,,,,both,68,68,Bungarus multicinctus,Chordata,Lepidosauria,Squamata,Elapidae,Bungarus,Bungarus multicinctus,terrestrial,terrestrial
Q9W796,8616,Snake toxin family,89,,Venom; Venom gland,,,Disulfide bond:5,Yes,,,,,,,both,68,68,Bungarus multicinctus,Chordata,Lepidosauria,Squamata,Elapidae,Bungarus,Bungarus multicinctus,terrestrial,terrestrial
O12963,8616,Snake toxin family,89,,Venom gland,,,Disulfide bond:5,Yes,,,,,,,both,68,68,Bungarus multicinctus,Chordata,Lepidosauria,Squamata,Elapidae,Bungarus,Bungarus multicinctus,terrestrial,terrestrial
Q9YGJ0,8616,Snake toxin family,89,,Liver; Venom; Venom gland,,,Disulfide bond:5,Yes,,,,,,,both,68,68,Bungarus multicinctus,Chordata,Lepidosauria,Squamata,Elapidae,Bungarus,Bungarus multicinctus,terrestrial,terrestrial
P15818,8616,Snake toxin family,87,,Liver; Venom gland,,,Disulfide bond:5,Yes,,,,,,,both,66,66,Bungarus multicinctus,Chordata,Lepidosauria,Squamata,Elapidae,Bungarus,Bungarus multicinctus,terrestrial,terrestrial
P14612,8670,Snake toxin family,68,,Venom,,,Disulfide bond:5,,,,,,,,both,68,68,Pseudechis australis,Chordata,Lepidosauria,Squamata,Elapidae,Pseudechis,Pseudechis australis,terrestrial,terrestrial
Q9W7J5,8673,Snake toxin family,103,,Liver; Venom; Venom gland,,,Disulfide bond:5,Yes,,,,,,,both,82,82,Pseudonaja textilis,Chordata,Lepidosauria,Squamata,Elapidae,Pseudonaja,Pseudonaja textilis,terrestrial,terrestrial
P15817,8616,Snake toxin family,87,,Liver; Venom gland,,,Disulfide bond:5,Yes,,,,,,,both,66,66,Bungarus multicinctus,Chordata,Lepidosauria,Squamata,Elapidae,Bungarus,Bungarus multicinctus,terrestrial,terrestrial
Q7ZT13,8616,Snake toxin family,86,,Venom gland,,,Disulfide bond:4,Yes,,,,,,,both,65,65,Bungarus multicinctus,Chordata,Lepidosauria,Squamata,Elapidae,Bungarus,Bungarus multicinctus,terrestrial,terrestrial
Q800Y3,8616,Snake toxin family,86,,Venom gland,,,Disulfide bond:4,Yes,,,,,,,both,65,65,Bungarus multicinctus,Chordata,Lepidosauria,Squamata,Elapidae,Bungarus,Bungarus multicinctus,terrestrial,terrestrial
Q8QGR0,8618,Snake toxin family,86,,Venom; Venom gland,,,Disulfide bond:4,Yes,,GO:0009405 (pathogenesis); GO:0005576 (extracellular region); GO:0048019 (receptor antagonist activity),GO:0009405 (pathogenesis),GO:0005576 (extracellular region),GO:0048019 (receptor antagonist activity),,both,65,65,Dendroaspis angusticeps,Chordata,Lepidosauria,Squamata,Elapidae,Dendroaspis,Dendroaspis angusticeps,terrestrial,terrestrial
P60234,8618,Snake toxin family,65,,Venom,,,Disulfide bond:4,,,,,,,,both,65,65,Dendroaspis angusticeps,Chordata,Lepidosauria,Squamata,Elapidae,Dendroaspis,Dendroaspis angusticeps,terrestrial,terrestrial
P60235,8618,Snake toxin family,40,fragment,Venom,,,Disulfide bond:1,,,,,,,,both,40,40,Dendroaspis angusticeps,Chordata,Lepidosauria,Squamata,Elapidae,Dendroaspis,Dendroaspis angusticeps,terrestrial,terrestrial
P60236,8618,Snake toxin family,40,fragment,Venom,,,Disulfide bond:1,,,,,,,,both,40,40,Dendroaspis angusticeps,Chordata,Lepidosauria,Squamata,Elapidae,Dendroaspis,Dendroaspis angusticeps,terrestrial,terrestrial
P60237,8618,Snake toxin family,63,,Venom; Venom gland,,,Disulfide bond:4,,,,,,,,both,63,63,Dendroaspis angusticeps,Chordata,Lepidosauria,Squamata,Elapidae,Dendroaspis,Dendroaspis angusticeps,terrestrial,terrestrial
P83302,8665,Snake toxin family,57,,Venom,LD(50) is 2 mg/kg by intravenous injection.,,Disulfide bond:4,,,,,,,,both,57,57,Ophiophagus hannah,Chordata,Lepidosauria,Squamata,Elapidae,Ophiophagus,Ophiophagus hannah,terrestrial,terrestrial
P01434,8605,Snake toxin family,62,,Venom,LD(50) is 0.08 mg/kg by intramuscular injection.,,Disulfide bond:4,,,,,,,,both,62,62,Acanthophis antarcticus,Chordata,Lepidosauria,Squamata,Elapidae,Acanthophis,Acanthophis antarcticus,terrestrial,terrestrial
P32879,8678,Snake toxin family,60,,Venom,LD(50) is 0.067 mg/kg by intramuscular injection.,,Disulfide bond:4,,,,,,,,both,60,60,Aipysurus laevis,Chordata,Lepidosauria,Squamata,Elapidae,Aipysurus,Aipysurus laevis,marine,marine
P68412,8680,Snake toxin family,60,,Venom,LD(50) is 0.13 mg/kg by intramuscular injection.,,Disulfide bond:4,,,,,,,,both,60,60,Hydrophis stokesii,Chordata,Lepidosauria,Squamata,Elapidae,Hydrophis,Hydrophis stokesii,marine,marine
P34075,8610,Snake toxin family,61,,Venom,LD(50) is 0.052 mg/kg by intraperitoneal injection.,,Disulfide bond:4,,,,,,,,both,61,61,Naja annulata annulata,Chordata,Lepidosauria,Squamata,Elapidae,Naja,Naja annulata,terrestrial,terrestrial
P34076,8611,Snake toxin family,62,,Venom,LD(50) is 0.083 mg/kg by intraperitoneal injection.,,Disulfide bond:4,,,,,,,,both,62,62,Naja christyi,Chordata,Lepidosauria,Squamata,Elapidae,Naja,Naja christyi,terrestrial,terrestrial
P10808,8613,Snake toxin family,64,,Venom,,,Disulfide bond:4,,,,,,,,both,64,64,Bungarus fasciatus,Chordata,Lepidosauria,Squamata,Elapidae,Bungarus,Bungarus fasciatus,terrestrial,terrestrial
P01417,8619,Snake toxin family,60,,Venom,LD(50) is 0.11 mg/kg by subcutaneous injection.,,Disulfide bond:4,,,,,,,,both,60,60,Dendroaspis jamesoni kaimosae,Chordata,Lepidosauria,Squamata,Elapidae,Dendroaspis,Dendroaspis jamesoni,terrestrial,terrestrial
P01416,8620,Snake toxin family,60,,Venom,LD(50) is 0.09 mg/kg by subcutaneous injection.,,Disulfide bond:4,,,,,,,,both,60,60,Dendraspis polylepis polylepis,Chordata,Lepidosauria,Squamata,Elapidae,Dendroaspis,Dendroaspis polylepis,terrestrial,terrestrial
P01418,8621,Snake toxin family,60,,Venom,LD(50) is 0.08 mg/kg by intraperitoneal injection.,,Disulfide bond:4,,,,,,,,both,60,60,Dendroaspis viridis,Chordata,Lepidosauria,Squamata,Elapidae,Dendroaspis,Dendroaspis viridis,terrestrial,terrestrial
P68415,8682,Snake toxin family,60,,Venom,LD(50) is 0.2 mg/kg by intravenous injection.,,Disulfide bond:4,,,,,,,,both,60,60,Hydrophis schistosus,Chordata,Lepidosauria,Squamata,Elapidae,Hydrophis,Hydrophis schistosus,marine,marine
P01425,8626,Snake toxin family,61,,Venom,LD(50) is 0.11 mg/kg by intravenous injection.,,Disulfide bond:4,,,,,,,,both,61,61,Hemachatus haemachatus,Chordata,Lepidosauria,Squamata,Elapidae,Hemachatus,Hemachatus haemachatus,terrestrial,terrestrial
P25494,8686,Snake toxin family,60,,Venom,,,Disulfide bond:4,,,,,,,,both,60,60,Hydrophis cyanocinctus,Chordata,Lepidosauria,Squamata,Elapidae,Hydrophis,Hydrophis cyanocinctus,marine,marine
P01437,8684,Snake toxin family,60,,Venom,LD(50) is 0.09 mg/kg by intramuscular injection.,,Disulfide bond:4,,,,,,,,both,60,60,Hydrophis lapemoides,Chordata,Lepidosauria,Squamata,Elapidae,Hydrophis,Hydrophis lapemoides,marine,marine
P68413,8685,Snake toxin family,60,,Venom,,,Disulfide bond:4,,,,,,,,both,60,60,Hydrophis ornatus,Chordata,Lepidosauria,Squamata,Elapidae,Hydrophis,Hydrophis ornatus,marine,marine
P68416,8781,Snake toxin family,60,,Venom,,,Disulfide bond:4,,,,,,,,both,60,60,Hydrophis hardwickii,Chordata,Lepidosauria,Squamata,Elapidae,Hydrophis,Hydrophis hardwickii,marine,marine
Q9YGC2,8630,Snake toxin family,83,,Venom gland,,,Disulfide bond:4,Yes,,,,,,,both,62,62,Laticauda laticaudata,Chordata,Lepidosauria,Squamata,Elapidae,Laticauda,Laticauda laticaudata,marine,marine
P80548,8635,Snake toxin family,60,,Venom,,,Disulfide bond:4,,,,,,,,both,60,60,Micrurus nigrocinctus,Chordata,Lepidosauria,Squamata,Elapidae,Micrurus,Micrurus nigrocinctus,terrestrial,terrestrial
P60770,8656,Snake toxin family,83,,Liver; Venom; Venom gland,LD(50) is 0.09 mg/kg by subcutaneous injection.,,Disulfide bond:4,Yes,,,,,,,both,62,62,Naja atra,Chordata,Lepidosauria,Squamata,Elapidae,Naja,Naja atra,terrestrial,terrestrial
P68417,8641,Snake toxin family,61,,Venom,LD(50) is 0.105 mg/kg by subcutaneous injection.,,Disulfide bond:4,,,,,,,,both,61,61,Naja annulifera,Chordata,Lepidosauria,Squamata,Elapidae,Naja,Naja annulifera,terrestrial,terrestrial
P68418,8642,Snake toxin family,61,,Venom,LD(50) is 0.10 mg/kg by intravenous injection.,,Disulfide bond:4,,,,,,,,both,61,61,Naja haje haje,Chordata,Lepidosauria,Squamata,Elapidae,Naja,Naja haje,terrestrial,terrestrial
P60771,8649,Snake toxin family,62,,Venom,LD(50) is 3.25 ug/kg by intraperitoneal injection into mice.,,Disulfide bond:4,,,,,,,,both,62,62,Naja kaouthia,Chordata,Lepidosauria,Squamata,Elapidae,Naja,Naja kaouthia,terrestrial,terrestrial
P01424,8643,Snake toxin family,61,,Venom,,,Disulfide bond:4,,,,,,,,both,61,61,Naja melanoleuca,Chordata,Lepidosauria,Squamata,Elapidae,Naja,Naja melanoleuca,terrestrial,terrestrial
P01431,8644,Snake toxin family,62,,Venom,LD(50) is 0.04 mg/kg by subcutaneous injection.,,Disulfide bond:4,,,,,,,,both,62,62,Naja mossambica,Chordata,Lepidosauria,Squamata,Elapidae,Naja,Naja mossambica,terrestrial,terrestrial
P68419,8655,Snake toxin family,61,,Venom,LD(50) is 0.086 mg/kg by intravenous injection.,,Disulfide bond:4,,,,,,,,both,61,61,Naja nivea,Chordata,Lepidosauria,Squamata,Elapidae,Naja,Naja nivea,terrestrial,terrestrial
P01427,8657,Snake toxin family,61,,Venom,,,Disulfide bond:4,,,,,,,,both,61,61,Naja oxiana,Chordata,Lepidosauria,Squamata,Elapidae,Naja,Naja oxiana,terrestrial,terrestrial
P01426,8658,Snake toxin family,61,,Venom,LD(50) is 0.036 mg/kg by subcutaneous injection.,,Disulfide bond:4,,,,,,,,both,61,61,Naja pallida,Chordata,Lepidosauria,Squamata,Elapidae,Naja,Naja pallida,terrestrial,terrestrial
P60773,8659,Snake toxin family,61,,Venom,LD(50) is 0.05 mg/kg by intravenous injection.,,Disulfide bond:4,,,,,,,,both,61,61,Naja philippinensis,Chordata,Lepidosauria,Squamata,Elapidae,Naja,Naja philippinensis,terrestrial,terrestrial
P60774,8660,Snake toxin family,61,,Venom,,,Disulfide bond:4,,,,,,,,both,61,61,Naja samarensis,Chordata,Lepidosauria,Squamata,Elapidae,Naja,Naja samarensis,terrestrial,terrestrial
P25497,8670,Snake toxin family,62,,Venom,LD(50) is 0.076 mg/kg by intravenous injection.,,Disulfide bond:4,,,,,,,,both,62,62,Pseudechis australis,Chordata,Lepidosauria,Squamata,Elapidae,Pseudechis,Pseudechis australis,terrestrial,terrestrial
Q9W7K2,8673,Snake toxin family,79,,Venom gland,,,Disulfide bond:4,Yes,,,,,,,both,58,58,Pseudonaja textilis,Chordata,Lepidosauria,Squamata,Elapidae,Pseudonaja,Pseudonaja textilis,terrestrial,terrestrial
P19959,8678,Snake toxin family,81,,Venom; Venom gland,LD(50) is 0.067 mg/kg by intramuscular injection.,,Disulfide bond:4,Yes,,,,,,,both,60,60,Aipysurus laevis,Chordata,Lepidosauria,Squamata,Elapidae,Aipysurus,Aipysurus laevis,marine,marine
P14534,8613,Snake toxin family,63,,Venom,,,Disulfide bond:4,,,,,,,,both,63,63,Bungarus fasciatus,Chordata,Lepidosauria,Squamata,Elapidae,Bungarus,Bungarus fasciatus,terrestrial,terrestrial
P01433,8626,Snake toxin family,61,,Venom,LD(50) is 0.09 mg/kg by intravenous injection.,,Disulfide bond:4,,,,,,,,both,61,61,Hemachatus haemachatus,Chordata,Lepidosauria,Squamata,Elapidae,Hemachatus,Hemachatus haemachatus,terrestrial,terrestrial
P62376,8686,Snake toxin family,60,,Venom,LD(50) is 0.085 mg/kg by intravenous injection.,,Disulfide bond:4,,,,,,,,both,60,60,Hydrophis cyanocinctus,Chordata,Lepidosauria,Squamata,Elapidae,Hydrophis,Hydrophis cyanocinctus,marine,marine
P10457,8628,Snake toxin family,83,,Venom; Venom gland,,,Disulfide bond:4,Yes,,,,,,,both,62,62,Laticauda colubrina,Chordata,Lepidosauria,Squamata,Elapidae,Laticauda,Laticauda colubrina,marine,marine
Q9YGW9,8630,Snake toxin family,83,,Venom gland,,,Disulfide bond:4,Yes,,,,,,,both,62,62,Laticauda laticaudata,Chordata,Lepidosauria,Squamata,Elapidae,Laticauda,Laticauda laticaudata,marine,marine
Q9DE57,8656,Snake toxin family,83,,Venom gland,,,Disulfide bond:4,Yes,,,,,,,both,62,62,Naja atra,Chordata,Lepidosauria,Squamata,Elapidae,Naja,Naja atra,terrestrial,terrestrial
P01422,8641,Snake toxin family,61,,Venom,LD(50) is 0.12 mg/kg by subcutaneous injection.,,Disulfide bond:4,,,,,,,,both,61,61,Naja annulifera,Chordata,Lepidosauria,Squamata,Elapidae,Naja,Naja annulifera,terrestrial,terrestrial
P25675,8642,Snake toxin family,61,,Venom,LD(50) is 0.08 mg/kg by intravenous injection.,,Disulfide bond:4,,,,,,,,both,61,61,Naja haje haje,Chordata,Lepidosauria,Squamata,Elapidae,Naja,Naja haje,terrestrial,terrestrial
P01423,8655,Snake toxin family,61,,Venom,LD(50) is 0.08 mg/kg by intravenous injection.,,Disulfide bond:4,,,,,,,,both,61,61,Naja nivea,Chordata,Lepidosauria,Squamata,Elapidae,Naja,Naja nivea,terrestrial,terrestrial
Q9W7K1,8673,Snake toxin family,79,,Venom gland,,,Disulfide bond:4,Yes,,,,,,,both,58,58,Pseudonaja textilis,Chordata,Lepidosauria,Squamata,Elapidae,Pseudonaja,Pseudonaja textilis,terrestrial,terrestrial
P19958,8678,Snake toxin family,60,,Venom,LD(50) is 0.076 mg/kg by intramuscular injection.,,Disulfide bond:4,,,,,,,,both,60,60,Aipysurus laevis,Chordata,Lepidosauria,Squamata,Elapidae,Aipysurus,Aipysurus laevis,marine,marine
Q9YGC4,8630,Snake toxin family,83,,Venom gland,,,Disulfide bond:4,Yes,,,,,,,both,62,62,Laticauda laticaudata,Chordata,Lepidosauria,Squamata,Elapidae,Laticauda,Laticauda laticaudata,marine,marine
Q9YHU9,8656,Snake toxin family,62,,Venom gland,,,Disulfide bond:4,,,,,,,,both,62,62,Naja atra,Chordata,Lepidosauria,Squamata,Elapidae,Naja,Naja atra,terrestrial,terrestrial
P01420,8641,Snake toxin family,61,,Venom,LD(50) is 5.0 mg/kg by subcutaneous injection.,,Disulfide bond:4,,,,,,,,both,61,61,Naja annulifera,Chordata,Lepidosauria,Squamata,Elapidae,Naja,Naja annulifera,terrestrial,terrestrial
P01432,8644,Snake toxin family,62,,Venom,LD(50) is 0.05 mg/kg by subcutaneous injection.,,Disulfide bond:4,,,,,,,,both,62,62,Naja mossambica,Chordata,Lepidosauria,Squamata,Elapidae,Naja,Naja mossambica,terrestrial,terrestrial
Q9PSN6,33626,Snake toxin family,62,,Venom,LD(50) is 0.12 mg/kg by intravenous injection into mice.,,Disulfide bond:4,,,,,,,,both,62,62,Naja sputatrix,Chordata,Lepidosauria,Squamata,Elapidae,Naja,Naja sputatrix,terrestrial,terrestrial
Q9W7K0,8673,Snake toxin family,79,,Venom gland,,,Disulfide bond:4,Yes,,,,,,,both,58,58,Pseudonaja textilis,Chordata,Lepidosauria,Squamata,Elapidae,Pseudonaja,Pseudonaja textilis,terrestrial,terrestrial
P19960,8678,Snake toxin family,81,,Venom gland,,,Disulfide bond:4,Yes,,,,,,,both,60,60,Aipysurus laevis,Chordata,Lepidosauria,Squamata,Elapidae,Aipysurus,Aipysurus laevis,marine,marine
Q9YGX0,8628,Snake toxin family,83,,Venom gland,,,Disulfide bond:4,Yes,,,,,,,both,62,62,Laticauda colubrina,Chordata,Lepidosauria,Squamata,Elapidae,Laticauda,Laticauda colubrina,marine,marine
Q9YGW8,8630,Snake toxin family,83,,Venom gland,,,Disulfide bond:4,Yes,,,,,,,both,62,62,Laticauda laticaudata,Chordata,Lepidosauria,Squamata,Elapidae,Laticauda,Laticauda laticaudata,marine,marine
Q9YHV0,8656,Snake toxin family,61,,Venom gland,,,Disulfide bond:4,,,,,,,,both,61,61,Naja atra,Chordata,Lepidosauria,Squamata,Elapidae,Naja,Naja atra,terrestrial,terrestrial
P01421,8641,Snake toxin family,61,,Venom,LD(50) is 62.5 mg/kg by subcutaneous injection.,,Disulfide bond:4,,,,,,,,both,61,61,Naja annulifera,Chordata,Lepidosauria,Squamata,Elapidae,Naja,Naja annulifera,terrestrial,terrestrial
Q9W7J9,8673,Snake toxin family,79,,Venom gland,,,Disulfide bond:3,Yes,,,,,,,both,58,58,Pseudonaja textilis,Chordata,Lepidosauria,Squamata,Elapidae,Pseudonaja,Pseudonaja textilis,terrestrial,terrestrial
P62389,8682,Snake toxin family,60,,Venom,,,Disulfide bond:4,,,,,,,,both,60,60,Hydrophis schistosus,Chordata,Lepidosauria,Squamata,Elapidae,Hydrophis,Hydrophis schistosus,marine,marine
Q9YGC7,8628,Snake toxin family,83,,Venom gland,,,Disulfide bond:4,Yes,,,,,,,both,62,62,Laticauda colubrina,Chordata,Lepidosauria,Squamata,Elapidae,Laticauda,Laticauda colubrina,marine,marine
P60772,33626,Snake toxin family,61,,Venom,LD(50) is 0.07 mg/kg by intravenous injection into mice.,,Disulfide bond:4,,,,,,,,both,61,61,Naja sputatrix,Chordata,Lepidosauria,Squamata,Elapidae,Naja,Naja sputatrix,terrestrial,terrestrial
Q9W7J7,8673,Snake toxin family,79,,Venom gland,,,Disulfide bond:4,Yes,,,,,,,both,58,58,Pseudonaja textilis,Chordata,Lepidosauria,Squamata,Elapidae,Pseudonaja,Pseudonaja textilis,terrestrial,terrestrial
Q9W7J6,8673,Snake toxin family,79,,Venom gland,,,Disulfide bond:4,Yes,,,,,,,both,58,58,Pseudonaja textilis,Chordata,Lepidosauria,Squamata,Elapidae,Pseudonaja,Pseudonaja textilis,terrestrial,terrestrial
Q9YGJ6,33626,Snake toxin family,83,,Liver,,,Disulfide bond:4,Yes,,,,,,,both,62,62,Naja sputatrix,Chordata,Lepidosauria,Squamata,Elapidae,Naja,Naja sputatrix,terrestrial,terrestrial
Q9YGJ5,33626,Snake toxin family,83,,Liver,,,Disulfide bond:4,Yes,,,,,,,both,62,62,Naja sputatrix,Chordata,Lepidosauria,Squamata,Elapidae,Naja,Naja sputatrix,terrestrial,terrestrial
O57326,33626,Snake toxin family,83,,Venom gland,,,Disulfide bond:4,Yes,,,,,,,both,62,62,Naja sputatrix,Chordata,Lepidosauria,Squamata,Elapidae,Naja,Naja sputatrix,terrestrial,terrestrial
O57327,33626,Snake toxin family,83,,Liver,,,Disulfide bond:4,Yes,,,,,,,both,62,62,Naja sputatrix,Chordata,Lepidosauria,Squamata,Elapidae,Naja,Naja sputatrix,terrestrial,terrestrial
P68414,8676,Snake toxin family,60,,Venom,"LD(50) is 0.170 mg/kg by intravenous injection into mice for the minor toxin, and 0.125 mg/kg for the major toxin.",,Disulfide bond:4,,,,,,,,both,60,60,Hydrophis peronii,Chordata,Lepidosauria,Squamata,Elapidae,Hydrophis,Hydrophis peronii,marine,marine
P25495,8629,Snake toxin family,62,,Venom,,,Disulfide bond:4,,,,,,,,both,62,62,Laticauda crockeri,Chordata,Lepidosauria,Squamata,Elapidae,Laticauda,Laticauda crockeri,marine,marine
P60775,8631,Snake toxin family,83,,Liver; Venom gland,LD(50) is 0.15 mg/kg by intramuscular injection.,,Disulfide bond:4,Yes,,,,,,,both,62,62,Laticauda semifasciata,Chordata,Lepidosauria,Squamata,Elapidae,Laticauda,Laticauda semifasciata,marine,marine
P62388,8688,Snake toxin family,60,,Venom,LD(50) is 0.07 mg/kg by intraperitoneal injection for pelamitoxin A.,,Disulfide bond:4,,,,,,,,both,60,60,Hydrophis platurus,Chordata,Lepidosauria,Squamata,Elapidae,Hydrophis,Hydrophis platurus,marine,marine
P25496,8629,Snake toxin family,62,,Venom,,,Disulfide bond:4,,,,,,,,both,62,62,Laticauda crockeri,Chordata,Lepidosauria,Squamata,Elapidae,Laticauda,Laticauda crockeri,marine,marine
P10459,8630,Snake toxin family,83,,Venom; Venom gland,,,Disulfide bond:4,Yes,,,,,,,both,62,62,Laticauda laticaudata,Chordata,Lepidosauria,Squamata,Elapidae,Laticauda,Laticauda laticaudata,marine,marine
Q90VW1,8631,Snake toxin family,83,,Liver; Venom gland,LD(50) is 0.15 mg/kg by intramuscular injection.,,Disulfide bond:4,Yes,,,,,,,both,62,62,Laticauda semifasciata,Chordata,Lepidosauria,Squamata,Elapidae,Laticauda,Laticauda semifasciata,marine,marine
P59275,8649,Snake toxin family,61,,Venom,LD(50) is 400 mg/kg by intraperitoneal injection.,,Disulfide bond:4,,,,,,,,both,61,61,Naja kaouthia,Chordata,Lepidosauria,Squamata,Elapidae,Naja,Naja kaouthia,terrestrial,terrestrial
P10455,8628,Snake toxin family,83,,Venom; Venom gland,,,Disulfide bond:4,Yes,,,,,,,both,62,62,Laticauda colubrina,Chordata,Lepidosauria,Squamata,Elapidae,Laticauda,Laticauda colubrina,marine,marine
P10458,8629,Snake toxin family,62,,Venom,,,Disulfide bond:4,,,,,,,,both,62,62,Laticauda crockeri,Chordata,Lepidosauria,Squamata,Elapidae,Laticauda,Laticauda crockeri,marine,marine
P10460,8630,Snake toxin family,62,,Venom,,,Disulfide bond:4,,,,,,,,both,62,62,Laticauda laticaudata,Chordata,Lepidosauria,Squamata,Elapidae,Laticauda,Laticauda laticaudata,marine,marine
Q7T2I5,8631,Snake toxin family,83,,Liver,LD(50) is 0.15 mg/kg by intramuscular injection.,,Disulfide bond:4,Yes,,,,,,,both,62,62,Laticauda semifasciata,Chordata,Lepidosauria,Squamata,Elapidae,Laticauda,Laticauda semifasciata,marine,marine
P59276,8649,Snake toxin family,61,,Venom,LD(50) is 80 mg/kg by intraperitoneal injection.,,Disulfide bond:4,,,,,,,,both,61,61,Naja kaouthia,Chordata,Lepidosauria,Squamata,Elapidae,Naja,Naja kaouthia,terrestrial,terrestrial
P10456,8628,Snake toxin family,83,,Venom; Venom gland,,,Disulfide bond:4,Yes,,,,,,,both,62,62,Laticauda colubrina,Chordata,Lepidosauria,Squamata,Elapidae,Laticauda,Laticauda colubrina,marine,marine
Q9YGI0,8616,Snake toxin family,86,,Venom gland,,,Disulfide bond:4,Yes,,,,,,,both,65,65,Bungarus multicinctus,Chordata,Lepidosauria,Squamata,Elapidae,Bungarus,Bungarus multicinctus,terrestrial,terrestrial
Q9YGI8,8616,Snake toxin family,86,,Venom gland,,,Disulfide bond:4,Yes,,,,,,,both,65,65,Bungarus multicinctus,Chordata,Lepidosauria,Squamata,Elapidae,Bungarus,Bungarus multicinctus,terrestrial,terrestrial
P43445,8616,Snake toxin family,83,,Venom gland,,,Disulfide bond:4,Yes,,,,,,,both,62,62,Bungarus multicinctus,Chordata,Lepidosauria,Squamata,Elapidae,Bungarus,Bungarus multicinctus,terrestrial,terrestrial
Q9W6X0,8656,Snake toxin family,82,,Venom gland,,,Disulfide bond:4,Yes,,,,,,,both,61,61,Naja atra,Chordata,Lepidosauria,Squamata,Elapidae,Naja,Naja atra,terrestrial,terrestrial
Q9PTT0,35670,Snake toxin family,83,,Venom gland,,,Disulfide bond:4,Yes,,,,,,,both,62,62,Naja naja,Chordata,Lepidosauria,Squamata,Elapidae,Naja,Naja naja,terrestrial,terrestrial
P59072,8673,Snake toxin family,11,fragment,Venom,LD(50) is 0.84 mg/kg by intravenous injection.,,,,,,,,,,both,11,11,Pseudonaja textilis,Chordata,Lepidosauria,Squamata,Elapidae,Pseudonaja,Pseudonaja textilis,terrestrial,terrestrial
P59073,8673,Snake toxin family,15,fragment,Venom,LD(50) is 0.80 mg/kg by intravenous injection.,,,,,,,,,,both,15,15,Pseudonaja textilis,Chordata,Lepidosauria,Squamata,Elapidae,Pseudonaja,Pseudonaja textilis,terrestrial,terrestrial
P83234,8665,Contains 1 B30,107,,Venom,,,,,,GO:0009405 (pathogenesis); GO:0005576 (extracellular region),GO:0009405 (pathogenesis),GO:0005576 (extracellular region),,,venom_tissue,107,107,Ophiophagus hannah,Chordata,Lepidosauria,Squamata,Elapidae,Ophiophagus,Ophiophagus hannah,terrestrial,terrestrial
P83313,190115,Antimicrobial peptide scorpion family,44,,Venom,,,,,,,,,,,venom_tissue,44,44,Opistophthalmus carinatus,Arthropoda,Arachnida,Scorpiones,Scorpionidae,Opistophthalmus,Opistophthalmus carinatus,terrestrial,terrestrial
P83314,190115,Antimicrobial peptide scorpion family,44,,Venom,,,,,,,,,,,venom_tissue,44,44,Opistophthalmus carinatus,Arthropoda,Arachnida,Scorpiones,Scorpionidae,Opistophthalmus,Opistophthalmus carinatus,terrestrial,terrestrial
P83952,111177,Waprin toxin family,50,,Venom,,,Disulfide bond:4,,,,,,,,both,50,50,Oxyuranus microlepidotus,Chordata,Lepidosauria,Squamata,Elapidae,Oxyuranus,Oxyuranus microlepidotus,terrestrial,terrestrial
P81382,8717,Flavin monoamine oxidase family,516,,Venom; Venom gland,,Glycoprotein,Glycosylation:2,Yes,,,,,,,both,498,498,Calloselasma rhodostoma,Chordata,Lepidosauria,Squamata,Viperidae,Calloselasma,Calloselasma rhodostoma,terrestrial,terrestrial
O93364,8729,Flavin monoamine oxidase family,516,,Venom,,Glycoprotein,Glycosylation:1,Yes,,,,,,,both,498,498,Crotalus adamanteus,Chordata,Lepidosauria,Squamata,Viperidae,Crotalus,Crotalus adamanteus,terrestrial,terrestrial
P56742,8730,Flavin monoamine oxidase family,20,fragment,Venom,,,,,,,,,,,both,20,20,Crotalus atrox,Chordata,Lepidosauria,Squamata,Viperidae,Crotalus,Crotalus atrox,terrestrial,terrestrial
P81383,8665,Flavin monoamine oxidase family,19,fragment,Venom,,Glycoprotein,,,,,,,,,both,19,19,Ophiophagus hannah,Chordata,Lepidosauria,Squamata,Elapidae,Ophiophagus,Ophiophagus hannah,terrestrial,terrestrial
P81375,8709,Flavin monoamine oxidase family,27,fragment,Venom,,,,,,,,,,,both,27,27,Macrovipera lebetinus,Chordata,Lepidosauria,Squamata,Viperidae,Macrovipera,Macrovipera lebetinus,terrestrial,terrestrial
Q8UW08,8781,Phospholipase A2 family,146,,,,,Disulfide bond:7,Yes,Yes,,,,,,venom_tissue,125,119,Hydrophis hardwickii,Chordata,Lepidosauria,Squamata,Elapidae,Hydrophis,Hydrophis hardwickii,marine,marine
Q9PUH4,29156,Phospholipase A2 family,146,,Venom gland,,,Disulfide bond:7,Yes,Yes,,,,,,kw_toxin,127,119,Austrelaps superbus,Chordata,Lepidosauria,Squamata,Elapidae,Austrelaps,Austrelaps superbus,terrestrial,terrestrial
Q9PUH3,29156,Phospholipase A2 family,146,,Venom gland,,,Disulfide bond:7,Yes,Yes,,,,,,kw_toxin,127,119,Austrelaps superbus,Chordata,Lepidosauria,Squamata,Elapidae,Austrelaps,Austrelaps superbus,terrestrial,terrestrial
Q9PUH2,29156,Phospholipase A2 family,146,,Venom gland,,,Disulfide bond:7,Yes,Yes,,,,,,kw_toxin,127,119,Austrelaps superbus,Chordata,Lepidosauria,Squamata,Elapidae,Austrelaps,Austrelaps superbus,terrestrial,terrestrial
Q9PUH1,29156,Phospholipase A2 family,146,,Venom gland,,,Disulfide bond:7,Yes,Yes,,,,,,kw_toxin,127,119,Austrelaps superbus,Chordata,Lepidosauria,Squamata,Elapidae,Austrelaps,Austrelaps superbus,terrestrial,terrestrial
Q9PUH0,29156,Phospholipase A2 family,146,,Venom gland,,,Disulfide bond:7,Yes,Yes,,,,,,kw_toxin,127,119,Austrelaps superbus,Chordata,Lepidosauria,Squamata,Elapidae,Austrelaps,Austrelaps superbus,terrestrial,terrestrial
Q9PUG9,29156,Phospholipase A2 family,144,,Venom gland,,,Disulfide bond:7,Yes,Yes,,,,,,kw_toxin,125,117,Austrelaps superbus,Chordata,Lepidosauria,Squamata,Elapidae,Austrelaps,Austrelaps superbus,terrestrial,terrestrial
Q9PUG8,29156,Phospholipase A2 family,152,,Venom gland,,,Disulfide bond:6,Yes,Yes,,,,,,kw_toxin,133,125,Austrelaps superbus,Chordata,Lepidosauria,Squamata,Elapidae,Austrelaps,Austrelaps superbus,terrestrial,terrestrial
Q9PUG7,29156,Phospholipase A2 family,152,,Venom gland,,,Disulfide bond:7,Yes,Yes,,,,,,kw_toxin,133,125,Austrelaps superbus,Chordata,Lepidosauria,Squamata,Elapidae,Austrelaps,Austrelaps superbus,terrestrial,terrestrial
P04417,242054,Phospholipase A2 family,122,,Venom,,,Disulfide bond:7,,,,,,,,venom_tissue,122,122,Gloydius blomhoffii,Chordata,Lepidosauria,Squamata,Viperidae,Gloydius,Gloydius blomhoffii,terrestrial,terrestrial
P59359,29156,Phospholipase A2 family,145,,Venom gland,,,Disulfide bond:7,Yes,Yes,,,,,,kw_toxin,126,118,Austrelaps superbus,Chordata,Lepidosauria,Squamata,Elapidae,Austrelaps,Austrelaps superbus,terrestrial,terrestrial
P20474,8722,Phospholipase A2 family,122,,Venom,,,Disulfide bond:7,,,,,,,,kw_toxin,122,122,Bothrops asper,Chordata,Lepidosauria,Squamata,Viperidae,Bothrops,Bothrops asper,terrestrial,terrestrial
P82114,98334,Phospholipase A2 family,121,,Venom,,,Disulfide bond:7,,,,,,,,kw_toxin,121,121,Bothrops moojeni,Chordata,Lepidosauria,Squamata,Viperidae,Bothrops,Bothrops moojeni,terrestrial,terrestrial
P58399,113192,Phospholipase A2 family,121,,Venom,LD(50) is 8 mg/kg by intraperitoneal injection.,,Disulfide bond:7,,,,,,,,kw_toxin,121,121,Bothrops pirajai,Chordata,Lepidosauria,Squamata,Viperidae,Bothrops,Bothrops pirajai,terrestrial,terrestrial
Q8QFW4,132961,Phospholipase A2 family,147,,Venom gland,,,Disulfide bond:7,Yes,Yes,,,,,,kw_toxin,128,120,Bungarus caeruleus,Chordata,Lepidosauria,Squamata,Elapidae,Bungarus,Bungarus caeruleus,terrestrial,terrestrial
P00617,8616,Phospholipase A2 family,147,,Liver; Venom; Venom gland,LD(50) is 0.019 mg/kg by intraperitoneal injection in beta-1 bungarotoxin and 0.028 mg/kg in beta-2.,,Disulfide bond:7,Yes,Yes,,,,,,kw_toxin,128,120,Bungarus multicinctus,Chordata,Lepidosauria,Squamata,Elapidae,Bungarus,Bungarus multicinctus,terrestrial,terrestrial
P19000,8630,Phospholipase A2 family,145,,Venom gland,,,Disulfide bond:7,Yes,Yes,,,,,,venom_tissue,124,118,Laticauda laticaudata,Chordata,Lepidosauria,Squamata,Elapidae,Laticauda,Laticauda laticaudata,marine,marine
P00611,8631,Phospholipase A2 family,145,,Liver; Venom,,,Disulfide bond:7,Yes,Yes,,,,,,venom_tissue,124,118,Laticauda semifasciata,Chordata,Lepidosauria,Squamata,Elapidae,Laticauda,Laticauda semifasciata,marine,marine
P24644,8633,Phospholipase A2 family,38,fragment,Venom,,,,,,,,,,,kw_toxin,38,38,Calliophis bivirgatus,Chordata,Lepidosauria,Squamata,Elapidae,Calliophis,Calliophis bivirgatus,terrestrial,terrestrial
P21790,8635,Phospholipase A2 family,27,fragment,Venom,,,,,,,,,,,kw_toxin,27,27,Micrurus nigrocinctus,Chordata,Lepidosauria,Squamata,Elapidae,Micrurus,Micrurus nigrocinctus,terrestrial,terrestrial
P80966,8665,Phospholipase A2 family,151,,Venom; Venom gland,,,Disulfide bond:7,Yes,Yes,,,,,,both,130,124,Ophiophagus hannah,Chordata,Lepidosauria,Squamata,Elapidae,Ophiophagus,Ophiophagus hannah,terrestrial,terrestrial
P00614,8667,Phospholipase A2 family,119,,Venom,LD(50) is 0.3 mg/kg by intravenous injection.,,Disulfide bond:7,,,,,,,,kw_toxin,119,119,Oxyuranus scutellatus scutellatus,Chordata,Lepidosauria,Squamata,Elapidae,Oxyuranus,Oxyuranus scutellatus,terrestrial,terrestrial
Q9W7J4,8673,Phospholipase A2 family,154,,Venom; Venom gland,,,Disulfide bond:7,Yes,Yes,,,,,,venom_tissue,135,127,Pseudonaja textilis,Chordata,Lepidosauria,Squamata,Elapidae,Pseudonaja,Pseudonaja textilis,terrestrial,terrestrial
P06859,88087,Phospholipase A2 family,138,,Liver; Venom; Venom gland,,,Disulfide bond:7,Yes,,,,,,,venom_tissue,122,122,Protobothrops flavoviridis,Chordata,Lepidosauria,Squamata,Viperidae,Protobothrops,Protobothrops flavoviridis,terrestrial,terrestrial
P00625,8769,Phospholipase A2 family,139,,Liver; Venom; Venom gland,,,Disulfide bond:7,Yes,,,,,,,venom_tissue,123,123,Ovophis okinavensis,Chordata,Lepidosauria,Squamata,Viperidae,Ovophis,Ovophis okinavensis,terrestrial,terrestrial
P14420,73841,Phospholipase A2 family,122,,Venom,,,Disulfide bond:7,,,,,,,,kw_toxin,122,122,Vipera ammodytes meridionalis,Chordata,Lepidosauria,Squamata,Viperidae,Vipera,Vipera ammodytes,terrestrial,terrestrial
Q8JFG0,194601,Phospholipase A2 family,138,,Venom gland,,,Disulfide bond:7,Yes,,,,,,,kw_toxin,122,122,Vipera aspis aspis,Chordata,Lepidosauria,Squamata,Viperidae,Vipera,Vipera aspis,terrestrial,terrestrial
Q10754,55427,Phospholipase A2 family,138,,Venom,,,Disulfide bond:7,Yes,,,,,,,kw_toxin,122,122,Vipera aspis zinnikeri,Chordata,Lepidosauria,Squamata,Viperidae,Vipera,Vipera aspis,terrestrial,terrestrial
P18997,8714,Phospholipase A2 family,32,fragment,Venom,,,,,,,,,,,kw_toxin,32,32,Gloydius halys,Chordata,Lepidosauria,Squamata,Viperidae,Gloydius,Gloydius halys,terrestrial,terrestrial
Q9PUI1,29156,Phospholipase A2 family,145,,Venom gland,,,Disulfide bond:7,Yes,Yes,,,,,,kw_toxin,126,118,Austrelaps superbus,Chordata,Lepidosauria,Squamata,Elapidae,Austrelaps,Austrelaps superbus,terrestrial,terrestrial
P24605,8722,Phospholipase A2 family,121,,Venom,,,Disulfide bond:7,,,,,,,,kw_toxin,121,121,Bothrops asper,Chordata,Lepidosauria,Squamata,Viperidae,Bothrops,Bothrops asper,terrestrial,terrestrial
Q9I834,98334,Phospholipase A2 family,122,,Venom; Venom gland,,,Disulfide bond:7,,,,,,,,kw_toxin,122,122,Bothrops moojeni,Chordata,Lepidosauria,Squamata,Viperidae,Bothrops,Bothrops moojeni,terrestrial,terrestrial
P82287,113192,Phospholipase A2 family,121,,Venom,,,Disulfide bond:7,,,,,,,,kw_toxin,121,121,Bothrops pirajai,Chordata,Lepidosauria,Squamata,Viperidae,Bothrops,Bothrops pirajai,terrestrial,terrestrial
Q8QFW3,132961,Phospholipase A2 family,147,,Venom gland,,,Disulfide bond:7,Yes,Yes,,,,,,kw_toxin,128,120,Bungarus caeruleus,Chordata,Lepidosauria,Squamata,Elapidae,Bungarus,Bungarus caeruleus,terrestrial,terrestrial
P00618,8616,Phospholipase A2 family,145,,Venom; Venom gland,LD(50) is 0.066 mg/kg by intraperitoneal injection in beta-3 bungarotoxin and 0.073 mg/kg in beta-4.,,Disulfide bond:7,Yes,Yes,,,,,,kw_toxin,128,120,Bungarus multicinctus,Chordata,Lepidosauria,Squamata,Elapidae,Bungarus,Bungarus multicinctus,terrestrial,terrestrial
P81165,44722,Phospholipase A2 family,121,,Venom; Venom gland,,,Disulfide bond:7,,,,,,,,kw_toxin,121,121,Cerrophidion godmani,Chordata,Lepidosauria,Squamata,Viperidae,Cerrophidion,Cerrophidion godmani,terrestrial,terrestrial
P10116,8628,Phospholipase A2 family,118,,Venom,LD(50) is 0.045 mg/kg by intravenous injection.,,Disulfide bond:7,,,,,,,,both,118,118,Laticauda colubrina,Chordata,Lepidosauria,Squamata,Elapidae,Laticauda,Laticauda colubrina,marine,marine
P24645,8633,Phospholipase A2 family,38,fragment,Venom,,,,,,,,,,,kw_toxin,38,38,Calliophis bivirgatus,Chordata,Lepidosauria,Squamata,Elapidae,Calliophis,Calliophis bivirgatus,terrestrial,terrestrial
P21791,8635,Phospholipase A2 family,28,fragment,Venom,,,,,,,,,,,kw_toxin,28,28,Micrurus nigrocinctus,Chordata,Lepidosauria,Squamata,Elapidae,Micrurus,Micrurus nigrocinctus,terrestrial,terrestrial
P00608,70142,Phospholipase A2 family,119,,Venom,LD(50) is 0.025 mg/kg by intravenous injection.,,Disulfide bond:7,,,,,,,,kw_toxin,119,119,Notechis scutatus scutatus,Chordata,Lepidosauria,Squamata,Elapidae,Notechis,Notechis scutatus,terrestrial,terrestrial
Q9DF33,8665,Phospholipase A2 family,146,,Venom gland,,,Disulfide bond:7,Yes,Yes,,,,,,venom_tissue,125,119,Ophiophagus hannah,Chordata,Lepidosauria,Squamata,Elapidae,Ophiophagus,Ophiophagus hannah,terrestrial,terrestrial
P00615,8667,Phospholipase A2 family,118,,Venom,,,Disulfide bond:7,,,,,,,,kw_toxin,118,118,Oxyuranus scutellatus scutellatus,Chordata,Lepidosauria,Squamata,Elapidae,Oxyuranus,Oxyuranus scutellatus,terrestrial,terrestrial
Q9W7J3,8673,Phospholipase A2 family,154,,Venom; Venom gland,,,Disulfide bond:7,Yes,Yes,,,,,,venom_tissue,135,127,Pseudonaja textilis,Chordata,Lepidosauria,Squamata,Elapidae,Pseudonaja,Pseudonaja textilis,terrestrial,terrestrial
Q10755,55427,Phospholipase A2 family,122,,Venom,,,Disulfide bond:7,,,,,,,,kw_toxin,122,122,Vipera aspis zinnikeri,Chordata,Lepidosauria,Squamata,Viperidae,Vipera,Vipera aspis,terrestrial,terrestrial
P14421,8714,Phospholipase A2 family,122,,Venom,,,Disulfide bond:7,,,,,,,,kw_toxin,122,122,Gloydius halys,Chordata,Lepidosauria,Squamata,Viperidae,Gloydius,Gloydius halys,terrestrial,terrestrial
Q9PRG0,29156,Phospholipase A2 family,145,,Venom gland,,,Disulfide bond:5,Yes,Yes,,,,,,kw_toxin,126,118,Austrelaps superbus,Chordata,Lepidosauria,Squamata,Elapidae,Austrelaps,Austrelaps superbus,terrestrial,terrestrial
Q9PVE3,8722,Phospholipase A2 family,138,,Venom gland,,,Disulfide bond:7,Yes,,,,,,,kw_toxin,122,122,Bothrops asper,Chordata,Lepidosauria,Squamata,Viperidae,Bothrops,Bothrops asper,terrestrial,terrestrial
P58464,113192,Phospholipase A2 family,120,,Venom,,,Disulfide bond:7,,,,,,,,kw_toxin,120,120,Bothrops pirajai,Chordata,Lepidosauria,Squamata,Viperidae,Bothrops,Bothrops pirajai,terrestrial,terrestrial
P00619,8616,Phospholipase A2 family,147,,Venom; Venom gland,LD(50) is 0.13 mg/kg by intraperitoneal injection.,,Disulfide bond:7,Yes,Yes,,,,,,kw_toxin,128,120,Bungarus multicinctus,Chordata,Lepidosauria,Squamata,Elapidae,Bungarus,Bungarus multicinctus,terrestrial,terrestrial
Q8UUI0,8628,Phospholipase A2 family,155,,Liver,,,Disulfide bond:7,Yes,Yes,,,,,,kw_toxin,134,128,Laticauda colubrina,Chordata,Lepidosauria,Squamata,Elapidae,Laticauda,Laticauda colubrina,marine,marine
P00612,8631,Phospholipase A2 family,118,,Venom,,,Disulfide bond:7,,,,,,,,venom_tissue,118,118,Laticauda semifasciata,Chordata,Lepidosauria,Squamata,Elapidae,Laticauda,Laticauda semifasciata,marine,marine
P21792,8635,Phospholipase A2 family,28,fragment,Venom,,,,,,,,,,,kw_toxin,28,28,Micrurus nigrocinctus,Chordata,Lepidosauria,Squamata,Elapidae,Micrurus,Micrurus nigrocinctus,terrestrial,terrestrial
P00609,70142,Phospholipase A2 family,119,,Venom,LD(50) is 0.045 mg/kg by intravenous injection.,,Disulfide bond:7,,,,,,,,kw_toxin,119,119,Notechis scutatus scutatus,Chordata,Lepidosauria,Squamata,Elapidae,Notechis,Notechis scutatus,terrestrial,terrestrial
Q9DF56,8665,Phospholipase A2 family,152,,Venom gland,,,Disulfide bond:7,Yes,Yes,,,,,,venom_tissue,131,125,Ophiophagus hannah,Chordata,Lepidosauria,Squamata,Elapidae,Ophiophagus,Ophiophagus hannah,terrestrial,terrestrial
P00616,8667,Phospholipase A2 family,133,,Venom,,Glycoprotein,Glycosylation:1,,,,,,,,kw_toxin,133,133,Oxyuranus scutellatus scutellatus,Chordata,Lepidosauria,Squamata,Elapidae,Oxyuranus,Oxyuranus scutellatus,terrestrial,terrestrial
Q92152,8769,Phospholipase A2 family,137,,Venom gland,,,Disulfide bond:7,Yes,,,,,,,venom_tissue,121,121,Ovophis okinavensis,Chordata,Lepidosauria,Squamata,Viperidae,Ovophis,Ovophis okinavensis,terrestrial,terrestrial
P82894,39682,Phospholipase A2 family,28,fragment,Venom,,,,,,,,,,,venom_tissue,28,28,Trimeresurus stejnegeri,Chordata,Lepidosauria,Squamata,Viperidae,Trimeresurus,Trimeresurus stejnegeri,terrestrial,terrestrial
Q9PUI0,29156,Phospholipase A2 family,147,,Venom gland,,,Disulfide bond:7,Yes,Yes,,,,,,kw_toxin,128,120,Austrelaps superbus,Chordata,Lepidosauria,Squamata,Elapidae,Austrelaps,Austrelaps superbus,terrestrial,terrestrial
Q9PRT7,8722,Phospholipase A2 family,23,fragment,Venom,,,,,,,,,,,kw_toxin,23,23,Bothrops asper,Chordata,Lepidosauria,Squamata,Viperidae,Bothrops,Bothrops asper,terrestrial,terrestrial
P17934,8616,Phospholipase A2 family,147,,Venom gland,,,Disulfide bond:7,Yes,Yes,,,,,,kw_toxin,128,120,Bungarus multicinctus,Chordata,Lepidosauria,Squamata,Elapidae,Bungarus,Bungarus multicinctus,terrestrial,terrestrial
Q02471,8708,Phospholipase A2 family,138,,Venom gland,LD(50) is 0.32 mg/kg by intravenous injection for RV-4 and 0.15 mg/kg for RV-4/RV-7 complex.,,Disulfide bond:7,Yes,,,,,,,kw_toxin,122,122,Daboia siamensis,Chordata,Lepidosauria,Squamata,Viperidae,Daboia,Daboia siamensis,terrestrial,terrestrial
P59170,124223,Phospholipase A2 family,139,,Venom gland,,,Disulfide bond:7,Yes,,,,,,,venom_tissue,123,123,Echis carinatus sochureki,Chordata,Lepidosauria,Squamata,Viperidae,Echis,Echis carinatus,terrestrial,terrestrial
Q8UUH9,8628,Phospholipase A2 family,155,,Liver,,,Disulfide bond:7,Yes,Yes,,,,,,kw_toxin,134,128,Laticauda colubrina,Chordata,Lepidosauria,Squamata,Elapidae,Laticauda,Laticauda colubrina,marine,marine
P00613,8631,Phospholipase A2 family,118,,Venom,,,Disulfide bond:7,,,,,,,,venom_tissue,118,118,Laticauda semifasciata,Chordata,Lepidosauria,Squamata,Elapidae,Laticauda,Laticauda semifasciata,marine,marine
P82895,39682,Phospholipase A2 family,24,fragment,Venom,,,,,,,,,,,venom_tissue,24,24,Trimeresurus stejnegeri,Chordata,Lepidosauria,Squamata,Viperidae,Trimeresurus,Trimeresurus stejnegeri,terrestrial,terrestrial
Q9PUH9,29156,Phospholipase A2 family,147,,Venom gland,,,Disulfide bond:7,Yes,Yes,,,,,,kw_toxin,128,120,Austrelaps superbus,Chordata,Lepidosauria,Squamata,Elapidae,Austrelaps,Austrelaps superbus,terrestrial,terrestrial
P59018,8616,Phospholipase A2 family,137,fragment,Venom gland,,,Disulfide bond:7,Yes,,,,,,,kw_toxin,120,120,Bungarus multicinctus,Chordata,Lepidosauria,Squamata,Elapidae,Bungarus,Bungarus multicinctus,terrestrial,terrestrial
P59171,99586,Phospholipase A2 family,138,,Venom gland,,,Disulfide bond:7,Yes,,,,,,,venom_tissue,122,122,Echis ocellatus,Chordata,Lepidosauria,Squamata,Viperidae,Echis,Echis ocellatus,terrestrial,terrestrial
P59172,38415,Phospholipase A2 family,139,,Venom gland,,,Disulfide bond:7,Yes,,,,,,,venom_tissue,123,123,Echis pyramidum leakeyi,Chordata,Lepidosauria,Squamata,Viperidae,Echis,Echis pyramidum,terrestrial,terrestrial
Q8UW31,8781,Phospholipase A2 family,152,,,,,Disulfide bond:7,Yes,Yes,,,,,,venom_tissue,131,125,Hydrophis hardwickii,Chordata,Lepidosauria,Squamata,Elapidae,Hydrophis,Hydrophis hardwickii,marine,marine
Q8UUH8,8628,Phospholipase A2 family,145,,Liver,,,Disulfide bond:7,Yes,Yes,,,,,,kw_toxin,124,118,Laticauda colubrina,Chordata,Lepidosauria,Squamata,Elapidae,Laticauda,Laticauda colubrina,marine,marine
P82896,39682,Phospholipase A2 family,122,,Venom,,,Disulfide bond:7,,,,,,,,venom_tissue,122,122,Trimeresurus stejnegeri,Chordata,Lepidosauria,Squamata,Viperidae,Trimeresurus,Trimeresurus stejnegeri,terrestrial,terrestrial
Q9PUH8,29156,Phospholipase A2 family,147,,Venom gland,,,Disulfide bond:7,Yes,Yes,,,,,,kw_toxin,128,120,Austrelaps superbus,Chordata,Lepidosauria,Squamata,Elapidae,Austrelaps,Austrelaps superbus,terrestrial,terrestrial
P00627,8613,Phospholipase A2 family,118,,Venom,LD(50) is 3.6 mg/kg by intraperitoneal injection.,,Disulfide bond:7,,,,,,,,kw_toxin,118,118,Bungarus fasciatus,Chordata,Lepidosauria,Squamata,Elapidae,Bungarus,Bungarus fasciatus,terrestrial,terrestrial
Q90251,8616,Phospholipase A2 family,137,fragment,Venom gland,,,Disulfide bond:7,Yes,,,,,,,kw_toxin,120,120,Bungarus multicinctus,Chordata,Lepidosauria,Squamata,Elapidae,Bungarus,Bungarus multicinctus,terrestrial,terrestrial
Q8UUH7,8628,Phospholipase A2 family,154,,Liver,,,Disulfide bond:7,Yes,Yes,,,,,,kw_toxin,133,127,Laticauda colubrina,Chordata,Lepidosauria,Squamata,Elapidae,Laticauda,Laticauda colubrina,marine,marine
Q9PUH7,29156,Phospholipase A2 family,144,,Venom gland,,,Disulfide bond:7,Yes,Yes,,,,,,kw_toxin,125,117,Austrelaps superbus,Chordata,Lepidosauria,Squamata,Elapidae,Austrelaps,Austrelaps superbus,terrestrial,terrestrial
Q9PU97,8616,Phospholipase A2 family,137,fragment,Venom gland,,,Disulfide bond:7,Yes,,,,,,,kw_toxin,120,120,Bungarus multicinctus,Chordata,Lepidosauria,Squamata,Elapidae,Bungarus,Bungarus multicinctus,terrestrial,terrestrial
P31100,8708,Phospholipase A2 family,138,,Venom gland,,,Disulfide bond:7,Yes,,,,,,,kw_toxin,122,122,Daboia siamensis,Chordata,Lepidosauria,Squamata,Viperidae,Daboia,Daboia siamensis,terrestrial,terrestrial
Q8UW30,8781,Phospholipase A2 family,118,fragment,,,,Disulfide bond:7,,,,,,,,venom_tissue,118,118,Hydrophis hardwickii,Chordata,Lepidosauria,Squamata,Elapidae,Hydrophis,Hydrophis hardwickii,marine,marine
Q9PWR6,48068,Phospholipase A2 family,138,,Liver,,,Disulfide bond:7,Yes,,,,,,,both,122,122,Daboia palaestinae,Chordata,Lepidosauria,Squamata,Viperidae,Daboia,Daboia palaestinae,terrestrial,terrestrial
Q9PUH6,29156,Phospholipase A2 family,145,,Venom gland,,,Disulfide bond:7,Yes,Yes,,,,,,kw_toxin,126,118,Austrelaps superbus,Chordata,Lepidosauria,Squamata,Elapidae,Austrelaps,Austrelaps superbus,terrestrial,terrestrial
P59071,97228,Phospholipase A2 family,121,,Venom,LD(50) is 5.3 mg/kg body weight by intraperitoneal injection into mice.,,Disulfide bond:7,,,,,,,,both,121,121,Daboia russelii pulchella,Chordata,Lepidosauria,Squamata,Viperidae,Daboia,Daboia russelii,terrestrial,terrestrial
Q9YGJ7,48068,Phospholipase A2 family,137,,Liver,,,Disulfide bond:7,Yes,,,,,,,both,121,121,Daboia palaestinae,Chordata,Lepidosauria,Squamata,Viperidae,Daboia,Daboia palaestinae,terrestrial,terrestrial
Q9PUH5,29156,Phospholipase A2 family,145,,Venom gland,,,Disulfide bond:7,Yes,Yes,,,,,,kw_toxin,126,118,Austrelaps superbus,Chordata,Lepidosauria,Squamata,Elapidae,Austrelaps,Austrelaps superbus,terrestrial,terrestrial
Q7LZQ4,35671,Phospholipase A2 family,124,,Venom,,,Disulfide bond:7,,,,,,,,both,124,124,Gloydius ussuriensis,Chordata,Lepidosauria,Squamata,Viperidae,Gloydius,Gloydius ussuriensis,terrestrial,terrestrial
Q9PVF1,8717,Phospholipase A2 family,126,fragment,Venom gland,,,Disulfide bond:7,Yes,,,,,,,kw_toxin,123,123,Calloselasma rhodostoma,Chordata,Lepidosauria,Squamata,Viperidae,Calloselasma,Calloselasma rhodostoma,terrestrial,terrestrial
P00628,8613,Phospholipase A2 family,118,,Venom,,,Disulfide bond:7,,,,,,,,kw_toxin,118,118,Bungarus fasciatus,Chordata,Lepidosauria,Squamata,Elapidae,Bungarus,Bungarus fasciatus,terrestrial,terrestrial
Q9PTA1,8616,Phospholipase A2 family,138,fragment,Liver; Venom,,,Disulfide bond:6,Yes,,,,,,,kw_toxin,120,120,Bungarus multicinctus,Chordata,Lepidosauria,Squamata,Elapidae,Bungarus,Bungarus multicinctus,terrestrial,terrestrial
P08878,8732,Phospholipase A2 family,138,,Venom; Venom gland,,Pyrrolidone carboxylic acid,Disulfide bond:7; Pyrrolidone carboxylic acid:2,Yes,Yes,,,,,,both,122,89,Crotalus durissus terrificus,Chordata,Lepidosauria,Squamata,Viperidae,Crotalus,Crotalus durissus,terrestrial,terrestrial
P18998,8738,Phospholipase A2 family,138,,Liver; Venom,,Pyrrolidone carboxylic acid,Disulfide bond:7; Pyrrolidone carboxylic acid:1,Yes,Yes,,,,,,kw_toxin,122,88,Crotalus scutulatus scutulatus,Chordata,Lepidosauria,Squamata,Viperidae,Crotalus,Crotalus scutulatus,terrestrial,terrestrial
P81166,8635,Phospholipase A2 family,118,,Venom,,,Disulfide bond:7,,,,,,,,kw_toxin,118,118,Micrurus nigrocinctus,Chordata,Lepidosauria,Squamata,Elapidae,Micrurus,Micrurus nigrocinctus,terrestrial,terrestrial
Q92084,33626,Phospholipase A2 family,146,,Liver; Venom; Venom gland,,,Disulfide bond:7,Yes,Yes,,,,,,kw_toxin,125,119,Naja sputatrix,Chordata,Lepidosauria,Squamata,Elapidae,Naja,Naja sputatrix,terrestrial,terrestrial
P23026,8673,Phospholipase A2 family,118,,Venom,All subunits are necessary for maximum lethality. LD(50) is 0.001 mg/kg by intraperitoneal injection.,,Disulfide bond:7,,,,,,,,both,118,118,Pseudonaja textilis,Chordata,Lepidosauria,Squamata,Elapidae,Pseudonaja,Pseudonaja textilis,terrestrial,terrestrial
P59264,88087,Phospholipase A2 family,122,,Venom,,,Disulfide bond:7,,,,,,,,venom_tissue,122,122,Protobothrops flavoviridis,Chordata,Lepidosauria,Squamata,Viperidae,Protobothrops,Protobothrops flavoviridis,terrestrial,terrestrial
Q90W39,103944,Phospholipase A2 family,138,,Venom; Venom gland,LD(50) is 1.2 mg/kg by intravenous injection into mice.,,Disulfide bond:7,Yes,,,,,,,both,122,122,Protobothrops mucrosquamatus,Chordata,Lepidosauria,Squamata,Viperidae,Protobothrops,Protobothrops mucrosquamatus,terrestrial,terrestrial
P00626,8705,Phospholipase A2 family,138,,Venom; Venom gland,LD(50) is 0.021 mg/kg by intravenous injection.,,Disulfide bond:7,Yes,,,,,,,kw_toxin,122,122,Vipera ammodytes ammodytes,Chordata,Lepidosauria,Squamata,Viperidae,Vipera,Vipera ammodytes,terrestrial,terrestrial
Q98996,48068,Phospholipase A2 family,138,,Venom gland,,,Disulfide bond:7,Yes,,,,,,,both,122,122,Daboia palaestinae,Chordata,Lepidosauria,Squamata,Viperidae,Daboia,Daboia palaestinae,terrestrial,terrestrial
P82892,39682,Phospholipase A2 family,16,fragment,Venom,,,,,,,,,,,venom_tissue,16,16,Trimeresurus stejnegeri,Chordata,Lepidosauria,Squamata,Viperidae,Trimeresurus,Trimeresurus stejnegeri,terrestrial,terrestrial
P82893,39682,Phospholipase A2 family,70,fragment,Venom,,,Disulfide bond:1,,,,,,,,venom_tissue,70,70,Trimeresurus stejnegeri,Chordata,Lepidosauria,Squamata,Viperidae,Trimeresurus,Trimeresurus stejnegeri,terrestrial,terrestrial
Q9PVF0,8717,Phospholipase A2 family,126,fragment,Venom gland,,,Disulfide bond:7,Yes,,,,,,,kw_toxin,123,123,Calloselasma rhodostoma,Chordata,Lepidosauria,Squamata,Viperidae,Calloselasma,Calloselasma rhodostoma,terrestrial,terrestrial
P00629,8613,Phospholipase A2 family,118,,Venom,,,Disulfide bond:7,,,,,,,,kw_toxin,118,118,Bungarus fasciatus,Chordata,Lepidosauria,Squamata,Elapidae,Bungarus,Bungarus fasciatus,terrestrial,terrestrial
Q9PTA7,8616,Phospholipase A2 family,133,fragment,Liver,,,Disulfide bond:7,Yes,,,,,,,kw_toxin,120,120,Bungarus multicinctus,Chordata,Lepidosauria,Squamata,Elapidae,Bungarus,Bungarus multicinctus,terrestrial,terrestrial
P62022,8732,Phospholipase A2 family,138,,Venom; Venom gland,,,Disulfide bond:7,Yes,,,,,,,both,122,122,Crotalus durissus terrificus,Chordata,Lepidosauria,Squamata,Viperidae,Crotalus,Crotalus durissus,terrestrial,terrestrial
P62023,8738,Phospholipase A2 family,138,,Liver; Venom,,,Disulfide bond:7,Yes,,,,,,,both,122,122,Crotalus scutulatus scutulatus,Chordata,Lepidosauria,Squamata,Viperidae,Crotalus,Crotalus scutulatus,terrestrial,terrestrial
P81167,8635,Phospholipase A2 family,118,,Venom,,,Disulfide bond:7,,,,,,,,kw_toxin,118,118,Micrurus nigrocinctus,Chordata,Lepidosauria,Squamata,Elapidae,Micrurus,Micrurus nigrocinctus,terrestrial,terrestrial
Q92085,33626,Phospholipase A2 family,146,,Venom gland,,,Disulfide bond:7,Yes,Yes,,,,,,kw_toxin,125,119,Naja sputatrix,Chordata,Lepidosauria,Squamata,Elapidae,Naja,Naja sputatrix,terrestrial,terrestrial
P23027,8673,Phospholipase A2 family,121,,Venom,All subunits are necessary for maximum lethality. LD(50) is 0.001 mg/kg by intraperitoneal injection.,,Disulfide bond:7,,,,,,,,both,121,121,Pseudonaja textilis,Chordata,Lepidosauria,Squamata,Elapidae,Pseudonaja,Pseudonaja textilis,terrestrial,terrestrial
P59265,88087,Phospholipase A2 family,122,,Venom,,,Disulfide bond:7,,,,,,,,venom_tissue,122,122,Protobothrops flavoviridis,Chordata,Lepidosauria,Squamata,Viperidae,Protobothrops,Protobothrops flavoviridis,terrestrial,terrestrial
P14424,8705,Phospholipase A2 family,138,,Venom; Venom gland,LD(50) is 0.58 mg/kg by intravenous injection. Ammodytoxin B is 29 times less toxic than ammodytoxin A.,,Disulfide bond:7,Yes,,,,,,,kw_toxin,122,122,Vipera ammodytes ammodytes,Chordata,Lepidosauria,Squamata,Viperidae,Vipera,Vipera ammodytes,terrestrial,terrestrial
Q9PVE9,8717,Phospholipase A2 family,139,,Venom gland,,,Disulfide bond:7,Yes,,,,,,,kw_toxin,123,123,Calloselasma rhodostoma,Chordata,Lepidosauria,Squamata,Viperidae,Calloselasma,Calloselasma rhodostoma,terrestrial,terrestrial
Q9PTA6,8616,Phospholipase A2 family,138,fragment,Liver,,,Disulfide bond:7,Yes,,,,,,,kw_toxin,120,119,Bungarus multicinctus,Chordata,Lepidosauria,Squamata,Elapidae,Bungarus,Bungarus multicinctus,terrestrial,terrestrial
Q92086,33626,Phospholipase A2 family,146,,Venom gland,,,Disulfide bond:7,Yes,Yes,,,,,,kw_toxin,125,119,Naja sputatrix,Chordata,Lepidosauria,Squamata,Elapidae,Naja,Naja sputatrix,terrestrial,terrestrial
P30811,8673,Phospholipase A2 family,118,,Venom,All subunits are necessary for maximum lethality. LD(50) is 0.001 mg/kg by intraperitoneal injection.,,Disulfide bond:7,,,,,,,,both,118,118,Pseudonaja textilis,Chordata,Lepidosauria,Squamata,Elapidae,Pseudonaja,Pseudonaja textilis,terrestrial,terrestrial
P11407,8705,Phospholipase A2 family,138,,Venom; Venom gland,,,Disulfide bond:7,Yes,,,,,,,kw_toxin,122,122,Vipera ammodytes ammodytes,Chordata,Lepidosauria,Squamata,Viperidae,Vipera,Vipera ammodytes,terrestrial,terrestrial
Q9PVF4,8717,Phospholipase A2 family,137,,Venom gland,,,Disulfide bond:7,Yes,,,,,,,kw_toxin,121,121,Calloselasma rhodostoma,Chordata,Lepidosauria,Squamata,Viperidae,Calloselasma,Calloselasma rhodostoma,terrestrial,terrestrial
Q7LZQ6,8613,Phospholipase A2 family,31,fragment,Venom,,,,,,,,,,,both,31,31,Bungarus fasciatus,Chordata,Lepidosauria,Squamata,Elapidae,Bungarus,Bungarus fasciatus,terrestrial,terrestrial
Q9PTA5,8616,Phospholipase A2 family,137,fragment,Liver,,,Disulfide bond:7,Yes,,,,,,,kw_toxin,119,119,Bungarus multicinctus,Chordata,Lepidosauria,Squamata,Elapidae,Bungarus,Bungarus multicinctus,terrestrial,terrestrial
Q9I900,33626,Phospholipase A2 family,146,,Liver; Venom,,,Disulfide bond:7,Yes,Yes,,,,,,kw_toxin,125,119,Naja sputatrix,Chordata,Lepidosauria,Squamata,Elapidae,Naja,Naja sputatrix,terrestrial,terrestrial
P23028,8673,Phospholipase A2 family,133,,Venom,All subunits are necessary for maximum lethality. LD(50) is 0.001 mg/kg by intraperitoneal injection.,Glycoprotein,Disulfide bond:8; Glycosylation:1,,,,,,,,both,133,133,Pseudonaja textilis,Chordata,Lepidosauria,Squamata,Elapidae,Pseudonaja,Pseudonaja textilis,terrestrial,terrestrial
Q9PVF2,8717,Phospholipase A2 family,139,,Venom gland,,,Disulfide bond:7,Yes,,,,,,,kw_toxin,123,123,Calloselasma rhodostoma,Chordata,Lepidosauria,Squamata,Viperidae,Calloselasma,Calloselasma rhodostoma,terrestrial,terrestrial
Q9PSN5,70142,Phospholipase A2 family,125,,Venom,,,Disulfide bond:7,,,,,,,,both,125,125,Notechis scutatus scutatus,Chordata,Lepidosauria,Squamata,Elapidae,Notechis,Notechis scutatus,terrestrial,terrestrial
Q9PVF3,8717,Phospholipase A2 family,138,,Venom gland,,,Disulfide bond:7,Yes,,,,,,,kw_toxin,122,122,Calloselasma rhodostoma,Chordata,Lepidosauria,Squamata,Viperidae,Calloselasma,Calloselasma rhodostoma,terrestrial,terrestrial
O57385,36307,Phospholipase A2 family,138,,Venom gland,,,Disulfide bond:7,Yes,,,,,,,both,122,122,Deinagkistrodon acutus,Chordata,Lepidosauria,Squamata,Viperidae,Deinagkistrodon,Deinagkistrodon acutus,terrestrial,terrestrial
P82950,44730,Phospholipase A2 family,121,,Venom,,,Disulfide bond:7,,,,,,,,kw_toxin,121,121,Metlapilcoatlus nummifer,Chordata,Lepidosauria,Squamata,Viperidae,Metlapilcoatlus,Metlapilcoatlus nummifer,terrestrial,terrestrial
Q90249,8726,Phospholipase A2 family,121,,Venom; Venom gland,,,Disulfide bond:7,,,,,,,,kw_toxin,121,121,Bothrops jararacussu,Chordata,Lepidosauria,Squamata,Viperidae,Bothrops,Bothrops jararacussu,terrestrial,terrestrial
Q9IAT9,95649,Phospholipase A2 family,119,fragment,Venom; Venom gland,,,Disulfide bond:7,,,,,,,,kw_toxin,119,119,Bothrops pauloensis,Chordata,Lepidosauria,Squamata,Viperidae,Bothrops,Bothrops pauloensis,terrestrial,terrestrial
P80963,44725,Phospholipase A2 family,137,,Venom; Venom gland,,,Disulfide bond:7,Yes,,,,,,,kw_toxin,121,121,Bothriechis schlegelii,Chordata,Lepidosauria,Squamata,Viperidae,Bothriechis,Bothriechis schlegelii,terrestrial,terrestrial
Q8UVU7,44722,Phospholipase A2 family,137,,Venom; Venom gland,,,Disulfide bond:7,Yes,,,,,,,both,121,121,Cerrophidion godmani,Chordata,Lepidosauria,Squamata,Viperidae,Cerrophidion,Cerrophidion godmani,terrestrial,terrestrial
Q8UVZ7,8730,Phospholipase A2 family,137,,Venom; Venom gland,,,Disulfide bond:7,Yes,,,,,,,both,121,121,Crotalus atrox,Chordata,Lepidosauria,Squamata,Viperidae,Crotalus,Crotalus atrox,terrestrial,terrestrial
P10117,8628,Phospholipase A2 family,118,,Venom,,,Disulfide bond:7,,,,,,,,venom_tissue,118,118,Laticauda colubrina,Chordata,Lepidosauria,Squamata,Elapidae,Laticauda,Laticauda colubrina,marine,marine
P04084,73841,Phospholipase A2 family,122,,Venom,,,Disulfide bond:7,,,,,,,,kw_toxin,122,122,Vipera ammodytes meridionalis,Chordata,Lepidosauria,Squamata,Viperidae,Vipera,Vipera ammodytes,terrestrial,terrestrial
Q8JFG1,194601,Phospholipase A2 family,138,,Venom gland,,,Disulfide bond:7,Yes,,,,,,,kw_toxin,122,122,Vipera aspis aspis,Chordata,Lepidosauria,Squamata,Viperidae,Vipera,Vipera aspis,terrestrial,terrestrial
Q9DF52,132961,Phospholipase A2 family,145,,Venom gland,,,Disulfide bond:7,Yes,Yes,,,,,,both,126,118,Bungarus caeruleus,Chordata,Lepidosauria,Squamata,Elapidae,Bungarus,Bungarus caeruleus,terrestrial,terrestrial
P17935,8705,Phospholipase A2 family,138,,Venom; Venom gland,LD(50) is 3.6 mg/kg.,,Disulfide bond:7,Yes,,,,,,,kw_toxin,122,122,Vipera ammodytes ammodytes,Chordata,Lepidosauria,Squamata,Viperidae,Vipera,Vipera ammodytes,terrestrial,terrestrial
P49121,37195,Phospholipase A2 family,137,,Venom gland,,,Disulfide bond:7,Yes,,,,,,,both,121,121,Agkistrodon laticinctus,Chordata,Lepidosauria,Squamata,Viperidae,Agkistrodon,Agkistrodon laticinctus,terrestrial,terrestrial
P48650,40353,Phospholipase A2 family,122,,Venom,,,Disulfide bond:7,,,,,,,,kw_toxin,122,122,Echis carinatus,Chordata,Lepidosauria,Squamata,Viperidae,Echis,Echis carinatus,terrestrial,terrestrial
Q805A2,88087,Phospholipase A2 family,138,,Venom; Venom gland,LD(50) is 1.34 mg/kg by intravenous injection into mice (in Amami-Oshima and Tokunoshima strains).,,Disulfide bond:7,Yes,,,,,,,both,122,122,Protobothrops flavoviridis,Chordata,Lepidosauria,Squamata,Viperidae,Protobothrops,Protobothrops flavoviridis,terrestrial,terrestrial
Q92147,88087,Phospholipase A2 family,138,,Liver,,,Disulfide bond:7,Yes,,,,,,,venom_tissue,122,122,Protobothrops flavoviridis,Chordata,Lepidosauria,Squamata,Viperidae,Protobothrops,Protobothrops flavoviridis,terrestrial,terrestrial
Q8JIG0,88087,Phospholipase A2 family,138,,Venom gland,,,Disulfide bond:7,Yes,,,,,,,venom_tissue,122,122,Protobothrops flavoviridis,Chordata,Lepidosauria,Squamata,Viperidae,Protobothrops,Protobothrops flavoviridis,terrestrial,terrestrial
P59067,29156,Phospholipase A2 family,62,fragment,Venom,,,Disulfide bond:1,,,,,,,,both,62,62,Austrelaps superbus,Chordata,Lepidosauria,Squamata,Elapidae,Austrelaps,Austrelaps superbus,terrestrial,terrestrial
P59068,29156,Phospholipase A2 family,57,fragment,Venom,,,Disulfide bond:1,,,,,,,,both,57,57,Austrelaps superbus,Chordata,Lepidosauria,Squamata,Elapidae,Austrelaps,Austrelaps superbus,terrestrial,terrestrial
P59069,29156,Phospholipase A2 family,46,fragment,Venom,,,Disulfide bond:1,,,,,,,,both,46,46,Austrelaps superbus,Chordata,Lepidosauria,Squamata,Elapidae,Austrelaps,Austrelaps superbus,terrestrial,terrestrial
P59070,29156,Phospholipase A2 family,48,fragment,Venom,,,Disulfide bond:1,,,,,,,,both,48,48,Austrelaps superbus,Chordata,Lepidosauria,Squamata,Elapidae,Austrelaps,Austrelaps superbus,terrestrial,terrestrial
Q02517,88087,Phospholipase A2 family,138,,Venom gland,,,Disulfide bond:7,Yes,,,,,,,venom_tissue,122,122,Protobothrops flavoviridis,Chordata,Lepidosauria,Squamata,Viperidae,Protobothrops,Protobothrops flavoviridis,terrestrial,terrestrial
P06860,88087,Phospholipase A2 family,122,,Venom,,,Disulfide bond:7,,,,,,,,venom_tissue,122,122,Protobothrops flavoviridis,Chordata,Lepidosauria,Squamata,Viperidae,Protobothrops,Protobothrops flavoviridis,terrestrial,terrestrial
Q90Y77,88087,Phospholipase A2 family,138,,,,,Disulfide bond:7,Yes,,,,,,,venom_tissue,122,122,Protobothrops flavoviridis,Chordata,Lepidosauria,Squamata,Viperidae,Protobothrops,Protobothrops flavoviridis,terrestrial,terrestrial
Q9PSF9,8718,Phospholipase A2 family,39,fragment,Venom,,,,,,,,,,,both,39,39,Agkistrodon bilineatus,Chordata,Lepidosauria,Squamata,Viperidae,Agkistrodon,Agkistrodon bilineatus,terrestrial,terrestrial
P59066,29156,Phospholipase A2 family,17,fragment,Venom,,,,,,,,,,,both,17,17,Austrelaps superbus,Chordata,Lepidosauria,Squamata,Elapidae,Austrelaps,Austrelaps superbus,terrestrial,terrestrial
P00622,8693,Phospholipase A2 family,121,,Venom,LD(50) is 0.18 mg/kg by intraperitoneal injection.,,Disulfide bond:7,,,,,,,,kw_toxin,121,121,Bitis caudalis,Chordata,Lepidosauria,Squamata,Viperidae,Bitis,Bitis caudalis,terrestrial,terrestrial
Q8QG87,8723,Phospholipase A2 family,138,,Venom gland,,,Disulfide bond:7,Yes,,,,,,,venom_tissue,122,122,Bothrops insularis,Chordata,Lepidosauria,Squamata,Viperidae,Bothrops,Bothrops insularis,terrestrial,terrestrial
P18999,8708,Phospholipase A2 family,22,fragment,Venom,,,,,,,,,,,kw_toxin,22,22,Daboia siamensis,Chordata,Lepidosauria,Squamata,Viperidae,Daboia,Daboia siamensis,terrestrial,terrestrial
P00610,8682,Phospholipase A2 family,119,,Venom,LD(50) is 0.11 mg/kg by intravenous injection.,,Disulfide bond:7,,,,,,,,kw_toxin,119,119,Hydrophis schistosus,Chordata,Lepidosauria,Squamata,Elapidae,Hydrophis,Hydrophis schistosus,marine,marine
P14556,8658,Phospholipase A2 family,118,,Venom,,,Disulfide bond:7,,,,,,,,kw_toxin,118,118,Naja pallida,Chordata,Lepidosauria,Squamata,Elapidae,Naja,Naja pallida,terrestrial,terrestrial
Q10756,33626,Phospholipase A2 family,16,fragment,Venom,,,,,,,,,,,kw_toxin,16,16,Naja sputatrix,Chordata,Lepidosauria,Squamata,Elapidae,Naja,Naja sputatrix,terrestrial,terrestrial
P43318,42738,Phospholipase A2 family,32,fragment,Tentacle,LD(50) is 6 ug/g by injection.,,,,,,,,,,kw_toxin,32,32,Rhopilema nomadica,Cnidaria,Scyphozoa,Rhizostomeae,Rhizostomatidae,Rhopilema,Rhopilema nomadica,marine,marine
Q8JIY9,135726,Phospholipase A2 family,138,,Venom,,,Disulfide bond:7,Yes,,,,,,,both,122,122,Protobothrops jerdonii,Chordata,Lepidosauria,Squamata,Viperidae,Protobothrops,Protobothrops jerdonii,terrestrial,terrestrial
P83239,55084,Antimicrobial peptide scorpion family,44,,Venom,,,,,,,,,,,venom_tissue,44,44,Pandinus imperator,Arthropoda,Arachnida,Scorpiones,Scorpionidae,Pandinus,Pandinus imperator,terrestrial,terrestrial
P83240,55084,,24,,Venom,,,,,,,,,,,venom_tissue,24,24,Pandinus imperator,Arthropoda,Arachnida,Scorpiones,Scorpionidae,Pandinus,Pandinus imperator,terrestrial,terrestrial
Q7M3V4,7447,,152,,Venom,,,,,,,,,,,both,152,152,Vespa orientalis,Arthropoda,Insecta,Hymenoptera,Vespidae,Vespa,Vespa orientalis,terrestrial,terrestrial
Q7M3V3,7447,,139,,Venom,,,,,,,,,,,both,139,139,Vespa orientalis,Arthropoda,Insecta,Hymenoptera,Vespidae,Vespa,Vespa orientalis,terrestrial,terrestrial
P81863,31087,Pardaxin family,10,fragment,Skin secretion,,,,,,,,,,,kw_toxin,10,10,Pardachirus marmoratus,Chordata,Actinopteri,Pleuronectiformes,Soleidae,Pardachirus,Pardachirus marmoratus,marine,marine
P81865,8286,Pardaxin family,33,,,,,,,,,,,,,kw_toxin,33,33,Pardachirus pavoninus,Chordata,Actinopteri,Pleuronectiformes,Soleidae,Pardachirus,Pardachirus pavoninus,marine,marine
P81864,31087,Pardaxin family,5,fragment,Skin secretion,,,,,,,,,,,kw_toxin,5,5,Pardachirus marmoratus,Chordata,Actinopteri,Pleuronectiformes,Soleidae,Pardachirus,Pardachirus marmoratus,marine,marine
P23067,8286,Pardaxin family,33,,,,,,,,,,,,,kw_toxin,33,33,Pardachirus pavoninus,Chordata,Actinopteri,Pleuronectiformes,Soleidae,Pardachirus,Pardachirus pavoninus,marine,marine
P81866,8286,Pardaxin family,33,,,,,,,,,,,,,kw_toxin,33,33,Pardachirus pavoninus,Chordata,Actinopteri,Pleuronectiformes,Soleidae,Pardachirus,Pardachirus pavoninus,marine,marine
P81861,31087,Pardaxin family,33,,Skin secretion,,,,,,,,,,,kw_toxin,33,33,Pardachirus marmoratus,Chordata,Actinopteri,Pleuronectiformes,Soleidae,Pardachirus,Pardachirus marmoratus,marine,marine
P81862,31087,Pardaxin family,33,,Skin secretion,,,,,,,,,,,kw_toxin,33,33,Pardachirus marmoratus,Chordata,Actinopteri,Pleuronectiformes,Soleidae,Pardachirus,Pardachirus marmoratus,marine,marine
P83312,190110,,45,,Venom,,,,,,,,,,,both,45,45,Parabuthus schlechteri,Arthropoda,Arachnida,Scorpiones,Buthidae,Parabuthus,Parabuthus schlechteri,terrestrial,terrestrial
P84032,6918,Contains 2 thyroglobulin type-I domains,128,,Venom,,,,,,,,,,,venom_tissue,128,128,Phoneutria nigriventer,Arthropoda,Arachnida,Araneae,Ctenidae,Phoneutria,Phoneutria nigriventer,terrestrial,terrestrial
P84033,6918,,39,fragment,Venom,,,,,,,,,,,venom_tissue,39,39,Phoneutria nigriventer,Arthropoda,Arachnida,Araneae,Ctenidae,Phoneutria,Phoneutria nigriventer,terrestrial,terrestrial
P41736,55425,,25,,Venom,,Amidation,Amidation:1,,,,,,,,kw_toxin,25,25,Paraponera clavata,Arthropoda,Insecta,Hymenoptera,Formicidae,Paraponera,Paraponera clavata,terrestrial,terrestrial
P58606,181095,,34,,Saliva,,,Disulfide bond:3,,,,,,,,both,34,34,Peirates turpis,Arthropoda,Insecta,Hemiptera,Reduviidae,Peirates,Peirates turpis,terrestrial,terrestrial
P58805,192919,FARP (FMRFamide related peptide) family,12,,Venom,,Amidation,Amidation:1,,,,,,,,both,12,12,Conus spurius,Mollusca,Gastropoda,Neogastropoda,Conidae,Conus,Conus spurius,marine,marine
Q9NJC5,34649,Alpha/beta-scorpion toxin family,85,,Venom gland,,,Disulfide bond:4,Yes,,,,,,,both,66,66,Olivierus martensii,Arthropoda,Arachnida,Scorpiones,Buthidae,Olivierus,Olivierus martensii,terrestrial,terrestrial
Q9NJC7,34649,Alpha/beta-scorpion toxin family,85,,Venom gland,,,Disulfide bond:4,Yes,,,,,,,both,66,66,Olivierus martensii,Arthropoda,Arachnida,Scorpiones,Buthidae,Olivierus,Olivierus martensii,terrestrial,terrestrial
Q9GQW3,34649,Alpha/beta-scorpion toxin family,85,,Venom gland,,,Disulfide bond:4,Yes,Yes,,,,,,both,66,64,Olivierus martensii,Arthropoda,Arachnida,Scorpiones,Buthidae,Olivierus,Olivierus martensii,terrestrial,terrestrial
Q9NJC8,34649,Alpha/beta-scorpion toxin family,84,,Venom gland,,,Disulfide bond:4,Yes,Yes,,,,,,both,65,64,Olivierus martensii,Arthropoda,Arachnida,Scorpiones,Buthidae,Olivierus,Olivierus martensii,terrestrial,terrestrial
Q9GNG8,34649,Alpha/beta-scorpion toxin family,85,,Venom gland,,,Disulfide bond:4,Yes,,,,,,,both,66,66,Olivierus martensii,Arthropoda,Arachnida,Scorpiones,Buthidae,Olivierus,Olivierus martensii,terrestrial,terrestrial
Q9GQV6,34649,Alpha/beta-scorpion toxin family,84,,Venom gland,,,Disulfide bond:4,Yes,Yes,,,,,,both,65,64,Olivierus martensii,Arthropoda,Arachnida,Scorpiones,Buthidae,Olivierus,Olivierus martensii,terrestrial,terrestrial
Q9NJC4,34649,Alpha/beta-scorpion toxin family,74,fragment,Venom gland,,,,Yes,Yes,,,,,,both,66,64,Olivierus martensii,Arthropoda,Arachnida,Scorpiones,Buthidae,Olivierus,Olivierus martensii,terrestrial,terrestrial
P58570,34649,Alpha/beta-scorpion toxin family,20,fragment,Venom,,,,,,,,,,,both,20,20,Olivierus martensii,Arthropoda,Arachnida,Scorpiones,Buthidae,Olivierus,Olivierus martensii,terrestrial,terrestrial
P60264,29941,Alpha/beta-scorpion toxin family,29,fragment,Venom,,,,,,,,,,,both,29,29,Centruroides limpidus limpidus,Arthropoda,Arachnida,Scorpiones,Buthidae,Centruroides,Centruroides limpidus,terrestrial,terrestrial
P59899,29941,Alpha/beta-scorpion toxin family,87,,Venom; Venom gland,,Amidation,Disulfide bond:4; Amidation:1,Yes,,,,,,,both,68,66,Centruroides limpidus limpidus,Arthropoda,Arachnida,Scorpiones,Buthidae,Centruroides,Centruroides limpidus,terrestrial,terrestrial
P60212,184226,Alpha/beta-scorpion toxin family,37,fragment,Venom,,,,,,,,,,,both,37,37,Tityus obscurus,Arthropoda,Arachnida,Scorpiones,Buthidae,Tityus,Tityus obscurus,terrestrial,terrestrial
P60213,184226,Alpha/beta-scorpion toxin family,39,fragment,Venom,,,,,,,,,,,both,39,39,Tityus obscurus,Arthropoda,Arachnida,Scorpiones,Buthidae,Tityus,Tityus obscurus,terrestrial,terrestrial
P60214,184226,Alpha/beta-scorpion toxin family,64,,Venom,,,Disulfide bond:4,,,,,,,,both,64,64,Tityus obscurus,Arthropoda,Arachnida,Scorpiones,Buthidae,Tityus,Tityus obscurus,terrestrial,terrestrial
P60215,184226,Alpha/beta-scorpion toxin family,28,fragment,Venom,,,,,,,,,,,both,28,28,Tityus obscurus,Arthropoda,Arachnida,Scorpiones,Buthidae,Tityus,Tityus obscurus,terrestrial,terrestrial
P46110,6884,Short scorpion toxin family,38,,Venom,,,Disulfide bond:3,,,,,,,,both,38,38,Leiurus hebraeus,Arthropoda,Arachnida,Scorpiones,Buthidae,Leiurus,Leiurus hebraeus,terrestrial,terrestrial
Q9GYX2,34649,Alpha/beta-scorpion toxin family,85,,Venom gland,,,Disulfide bond:4,Yes,,,,,,,both,66,66,Olivierus martensii,Arthropoda,Arachnida,Scorpiones,Buthidae,Olivierus,Olivierus martensii,terrestrial,terrestrial
P46111,6884,Short scorpion toxin family,38,,Venom,,,Disulfide bond:3,,,,,,,,both,38,38,Leiurus hebraeus,Arthropoda,Arachnida,Scorpiones,Buthidae,Leiurus,Leiurus hebraeus,terrestrial,terrestrial
P46112,6884,Short scorpion toxin family,38,,Venom,,,Disulfide bond:3,,,,,,,,both,38,38,Leiurus hebraeus,Arthropoda,Arachnida,Scorpiones,Buthidae,Leiurus,Leiurus hebraeus,terrestrial,terrestrial
Q9GUA7,34649,Alpha/beta-scorpion toxin family,85,,Venom gland,,,Disulfide bond:4,Yes,,,,,,,both,66,66,Olivierus martensii,Arthropoda,Arachnida,Scorpiones,Buthidae,Olivierus,Olivierus martensii,terrestrial,terrestrial
Q95P69,34649,Alpha/beta-scorpion toxin family,85,,Venom gland,,,Disulfide bond:4,Yes,,,,,,,both,66,66,Olivierus martensii,Arthropoda,Arachnida,Scorpiones,Buthidae,Olivierus,Olivierus martensii,terrestrial,terrestrial
Q9UAC9,34649,Alpha/beta-scorpion toxin family,85,,Venom; Venom gland,,,Disulfide bond:4,Yes,,,,,,,both,66,66,Olivierus martensii,Arthropoda,Arachnida,Scorpiones,Buthidae,Olivierus,Olivierus martensii,terrestrial,terrestrial
Q9UAC8,34649,Alpha/beta-scorpion toxin family,85,,Venom; Venom gland,,,Disulfide bond:4,Yes,,,,,,,both,66,66,Olivierus martensii,Arthropoda,Arachnida,Scorpiones,Buthidae,Olivierus,Olivierus martensii,terrestrial,terrestrial
P82815,34649,Alpha/beta-scorpion toxin family,65,,Venom,,,Disulfide bond:4,,,,,,,,both,65,65,Olivierus martensii,Arthropoda,Arachnida,Scorpiones,Buthidae,Olivierus,Olivierus martensii,terrestrial,terrestrial
P83405,6863,Scorpion toxin 6 family,28,,Venom,,,Disulfide bond:3,,,GO:0009405 (pathogenesis); GO:0005576 (extracellular region); GO:0005246 (calcium channel regulator activity),GO:0009405 (pathogenesis),GO:0005576 (extracellular region),GO:0005246 (calcium channel regulator activity),,both,28,28,Hottentotta judaicus,Arthropoda,Arachnida,Scorpiones,Buthidae,Hottentotta,Hottentotta judaicus,terrestrial,terrestrial
P83406,6863,Scorpion toxin 6 family,28,,Venom,,,Disulfide bond:3,,,GO:0009405 (pathogenesis); GO:0005576 (extracellular region); GO:0005246 (calcium channel regulator activity),GO:0009405 (pathogenesis),GO:0005576 (extracellular region),GO:0005246 (calcium channel regulator activity),,both,28,28,Hottentotta judaicus,Arthropoda,Arachnida,Scorpiones,Buthidae,Hottentotta,Hottentotta judaicus,terrestrial,terrestrial
Q9NBW2,34649,Alpha/beta-scorpion toxin family,83,,Venom; Venom gland,LD(50) is 1.50 ug/mouse by intracerebroventricular injection.,,Disulfide bond:4,Yes,Yes,,,,,,both,64,63,Olivierus martensii,Arthropoda,Arachnida,Scorpiones,Buthidae,Olivierus,Olivierus martensii,terrestrial,terrestrial
P83407,34649,Short scorpion toxin family,31,,Venom,,,Disulfide bond:3,,,,,,,,both,31,31,Olivierus martensii,Arthropoda,Arachnida,Scorpiones,Buthidae,Olivierus,Olivierus martensii,terrestrial,terrestrial
Q9UAD0,34649,Short scorpion toxin family,59,,Venom gland,,,Disulfide bond:4,Yes,,,,,,,both,35,35,Olivierus martensii,Arthropoda,Arachnida,Scorpiones,Buthidae,Olivierus,Olivierus martensii,terrestrial,terrestrial
Q9BJW4,34649,Short scorpion toxin family,59,,,,,Disulfide bond:4,Yes,,,,,,,both,35,35,Olivierus martensii,Arthropoda,Arachnida,Scorpiones,Buthidae,Olivierus,Olivierus martensii,terrestrial,terrestrial
Q95WD2,218467,Alpha/beta-scorpion toxin family,87,,Venom gland,,Amidation,Disulfide bond:4; Amidation:1,Yes,,,,,,,both,68,66,Centruroides sculpturatus,Arthropoda,Arachnida,Scorpiones,Buthidae,Centruroides,Centruroides sculpturatus,terrestrial,terrestrial
P81761,34647,Short scorpion toxin family,62,,Venom; Venom gland,,,Disulfide bond:4,Yes,Yes,GO:0009405 (pathogenesis); GO:0005576 (extracellular region); GO:0019870 (potassium channel inhibitor activity),GO:0009405 (pathogenesis),GO:0005576 (extracellular region),GO:0019870 (potassium channel inhibitor activity),,both,38,37,Hottentotta tamulus,Arthropoda,Arachnida,Scorpiones,Buthidae,Hottentotta,Hottentotta tamulus,terrestrial,terrestrial
P24662,6860,Short scorpion toxin family,38,,Venom,,Amidation,Disulfide bond:3; Amidation:1,,,,,,,,both,38,38,Androctonus mauritanicus mauritanicus,Arthropoda,Arachnida,Scorpiones,Buthidae,Androctonus,Androctonus mauritanicus,terrestrial,terrestrial
P45629,29941,Short scorpion toxin family,38,,Venom,,,Disulfide bond:3,,,,,,,,both,38,38,Centruroides limpidus limpidus,Arthropoda,Arachnida,Scorpiones,Buthidae,Centruroides,Centruroides limpidus,terrestrial,terrestrial
P59847,244936,Short scorpion toxin family,39,,Venom,,,,,,,,,,,both,39,39,Centruroides limbatus,Arthropoda,Arachnida,Scorpiones,Buthidae,Centruroides,Centruroides limbatus,terrestrial,terrestrial
O46028,6878,Short scorpion toxin family,62,,Venom gland,,Amidation,Disulfide bond:3; Amidation:1,Yes,,,,,,,both,40,38,Centruroides noxius,Arthropoda,Arachnida,Scorpiones,Buthidae,Centruroides,Centruroides noxius,terrestrial,terrestrial
P59867,118530,Short scorpion toxin family,34,,Venom,,Amidation,Disulfide bond:4; Amidation:1,,,,,,,,both,34,34,Heterometrus spinifer,Arthropoda,Arachnida,Scorpiones,Scorpionidae,Heterometrus,Heterometrus spinifer,terrestrial,terrestrial
Q9NII6,34649,Short scorpion toxin family,57,,Venom,,Pyrrolidone carboxylic acid,Disulfide bond:3; Pyrrolidone carboxylic acid:1,Yes,,,,,,,both,37,37,Olivierus martensii,Arthropoda,Arachnida,Scorpiones,Buthidae,Olivierus,Olivierus martensii,terrestrial,terrestrial
P55896,6892,Short scorpion toxin family,38,,Venom,,,Disulfide bond:3,,,,,,,,both,38,38,Orthochirus scrobiculosus,Arthropoda,Arachnida,Scorpiones,Buthidae,Orthochirus,Orthochirus scrobiculosus,terrestrial,terrestrial
P60164,252780,Short scorpion toxin family,37,,Venom,,,Disulfide bond:3,,,,,,,,both,37,37,Parabuthus villosus,Arthropoda,Arachnida,Scorpiones,Buthidae,Parabuthus,Parabuthus villosus,terrestrial,terrestrial
P83243,184226,Short scorpion toxin family,23,,Venom,,,Disulfide bond:3,,,GO:0019835 (cytolysis); GO:0009405 (pathogenesis); GO:0005576 (extracellular region); GO:0019870 (potassium channel inhibitor activity),GO:0019835 (cytolysis); GO:0009405 (pathogenesis),GO:0005576 (extracellular region),GO:0019870 (potassium channel inhibitor activity),,both,23,23,Tityus obscurus,Arthropoda,Arachnida,Scorpiones,Buthidae,Tityus,Tityus obscurus,terrestrial,terrestrial
P59925,57059,Short scorpion toxin family,37,,Venom,,,Disulfide bond:3,,,,,,,,both,37,37,Tityus discrepans,Arthropoda,Arachnida,Scorpiones,Buthidae,Tityus,Tityus discrepans,terrestrial,terrestrial
P45696,6858,Short scorpion toxin family,59,,Venom,,,Disulfide bond:3,Yes,,,,,,,both,37,37,Androctonus australis,Arthropoda,Arachnida,Scorpiones,Buthidae,Androctonus,Androctonus australis,terrestrial,terrestrial
P45630,29941,Short scorpion toxin family,36,fragment,Venom,,,Disulfide bond:3,,,,,,,,both,36,36,Centruroides limpidus limpidus,Arthropoda,Arachnida,Scorpiones,Buthidae,Centruroides,Centruroides limpidus,terrestrial,terrestrial
P59848,244936,Short scorpion toxin family,36,fragment,,,,,,,,,,,,both,36,36,Centruroides limbatus,Arthropoda,Arachnida,Scorpiones,Buthidae,Centruroides,Centruroides limbatus,terrestrial,terrestrial
P58504,6878,Short scorpion toxin family,32,,Venom,,,Disulfide bond:3,,,,,,,,both,32,32,Centruroides noxius,Arthropoda,Arachnida,Scorpiones,Buthidae,Centruroides,Centruroides noxius,terrestrial,terrestrial
Q9NII5,34649,Short scorpion toxin family,58,,,,Pyrrolidone carboxylic acid,Disulfide bond:3; Pyrrolidone carboxylic acid:1,Yes,,,,,,,both,37,37,Olivierus martensii,Arthropoda,Arachnida,Scorpiones,Buthidae,Olivierus,Olivierus martensii,terrestrial,terrestrial
P60209,34647,Scorpion toxin 6 family,32,,Venom,,,Disulfide bond:3,,,,,,,,both,32,32,Hottentotta tamulus,Arthropoda,Arachnida,Scorpiones,Buthidae,Hottentotta,Hottentotta tamulus,terrestrial,terrestrial
P83244,6892,Short scorpion toxin family,28,,Venom,,,Disulfide bond:3,,,GO:0019835 (cytolysis); GO:0009405 (pathogenesis); GO:0005576 (extracellular region); GO:0019870 (potassium channel inhibitor activity),GO:0019835 (cytolysis); GO:0009405 (pathogenesis),GO:0005576 (extracellular region),GO:0019870 (potassium channel inhibitor activity),,both,28,28,Orthochirus scrobiculosus,Arthropoda,Arachnida,Scorpiones,Buthidae,Orthochirus,Orthochirus scrobiculosus,terrestrial,terrestrial
P60165,252780,Short scorpion toxin family,37,,Venom,,,Disulfide bond:3,,,,,,,,both,37,37,Parabuthus villosus,Arthropoda,Arachnida,Scorpiones,Buthidae,Parabuthus,Parabuthus villosus,terrestrial,terrestrial
P08816,6887,Short scorpion toxin family,30,fragment,Venom,,,Disulfide bond:1,,,,,,,,both,30,30,Tityus serrulatus,Arthropoda,Arachnida,Scorpiones,Buthidae,Tityus,Tityus serrulatus,terrestrial,terrestrial
P60210,184226,Short scorpion toxin family,37,,Venom,,,Disulfide bond:3,,,,,,,,both,37,37,Tityus obscurus,Arthropoda,Arachnida,Scorpiones,Buthidae,Tityus,Tityus obscurus,terrestrial,terrestrial
P60211,184226,Short scorpion toxin family,35,,Venom,,,Disulfide bond:3,,,,,,,,both,35,35,Tityus obscurus,Arthropoda,Arachnida,Scorpiones,Buthidae,Tityus,Tityus obscurus,terrestrial,terrestrial
P60208,6860,Short scorpion toxin family,37,,Venom,,Pyrrolidone carboxylic acid,Disulfide bond:3; Pyrrolidone carboxylic acid:1,,,,,,,,both,37,37,Androctonus mauritanicus mauritanicus,Arthropoda,Arachnida,Scorpiones,Buthidae,Androctonus,Androctonus mauritanicus,terrestrial,terrestrial
P59290,6871,Short scorpion toxin family,37,,Venom,LD(50) is 5.5 ug/kg by intracerebroventricular injection.,,Disulfide bond:3,,,,,,,,both,37,37,Buthus occitanus tunetanus,Arthropoda,Arachnida,Scorpiones,Buthidae,Buthus,Buthus occitanus,terrestrial,terrestrial
P59849,244936,Short scorpion toxin family,34,fragment,,,,,,,,,,,,both,34,34,Centruroides limbatus,Arthropoda,Arachnida,Scorpiones,Buthidae,Centruroides,Centruroides limbatus,terrestrial,terrestrial
P45660,6884,Short scorpion toxin family,36,,Venom,,,Disulfide bond:3,,,,,,,,both,36,36,Leiurus hebraeus,Arthropoda,Arachnida,Scorpiones,Buthidae,Leiurus,Leiurus hebraeus,terrestrial,terrestrial
P45661,6885,Short scorpion toxin family,14,fragment,Venom,,,,,,,,,,,both,14,14,Leiurus quinquestriatus quinquestriatus,Arthropoda,Arachnida,Scorpiones,Buthidae,Leiurus,Leiurus quinquestriatus,terrestrial,terrestrial
Q8I0L5,34649,Short scorpion toxin family,59,,Venom; Venom gland,,Pyrrolidone carboxylic acid,Disulfide bond:3; Pyrrolidone carboxylic acid:1,Yes,,,,,,,both,37,37,Olivierus martensii,Arthropoda,Arachnida,Scorpiones,Buthidae,Olivierus,Olivierus martensii,terrestrial,terrestrial
P83112,170972,Short scorpion toxin family,37,,Venom,,,Disulfide bond:3,,,,,,,,both,37,37,Parabuthus transvaalicus,Arthropoda,Arachnida,Scorpiones,Buthidae,Parabuthus,Parabuthus transvaalicus,terrestrial,terrestrial
P60233,6858,Short scorpion toxin family,37,,,,Pyrrolidone carboxylic acid,Disulfide bond:3; Pyrrolidone carboxylic acid:1,,,,,,,,both,37,37,Androctonus australis,Arthropoda,Arachnida,Scorpiones,Buthidae,Androctonus,Androctonus australis,terrestrial,terrestrial
P59850,244936,Short scorpion toxin family,23,fragment,,,,,,,,,,,,both,23,23,Centruroides limbatus,Arthropoda,Arachnida,Scorpiones,Buthidae,Centruroides,Centruroides limbatus,terrestrial,terrestrial
Q86BX0,34649,Short scorpion toxin family,60,,Venom gland,,,Disulfide bond:3,Yes,,,,,,,both,38,38,Olivierus martensii,Arthropoda,Arachnida,Scorpiones,Buthidae,Olivierus,Olivierus martensii,terrestrial,terrestrial
P58498,55084,Short scorpion toxin family,38,,Venom,,,Disulfide bond:4,,,,,,,,both,38,38,Pandinus imperator,Arthropoda,Arachnida,Scorpiones,Scorpionidae,Pandinus,Pandinus imperator,terrestrial,terrestrial
P59936,6887,Short scorpion toxin family,41,,Venom,LD(50) is 826 ug/kg in mouse by intravenous injection.,Amidation,Disulfide bond:4; Amidation:1,,,,,,,,both,41,41,Tityus serrulatus,Arthropoda,Arachnida,Scorpiones,Buthidae,Tityus,Tityus serrulatus,terrestrial,terrestrial
P31719,6860,Short scorpion toxin family,31,,Venom,,,Disulfide bond:3,,,,,,,,both,31,31,Androctonus mauritanicus mauritanicus,Arthropoda,Arachnida,Scorpiones,Buthidae,Androctonus,Androctonus mauritanicus,terrestrial,terrestrial
P59851,244936,Short scorpion toxin family,20,fragment,,,,,,,,,,,,both,20,20,Centruroides limbatus,Arthropoda,Arachnida,Scorpiones,Buthidae,Centruroides,Centruroides limbatus,terrestrial,terrestrial
Q9TVX3,34649,Short scorpion toxin family,61,,,,,Disulfide bond:3,Yes,,,,,,,both,33,33,Olivierus martensii,Arthropoda,Arachnida,Scorpiones,Buthidae,Olivierus,Olivierus martensii,terrestrial,terrestrial
Q7M463,34649,Short scorpion toxin family,29,,,,,,,,,,,,,both,29,29,Olivierus martensii,Arthropoda,Arachnida,Scorpiones,Buthidae,Olivierus,Olivierus martensii,terrestrial,terrestrial
P59938,34649,Short scorpion toxin family,57,,Venom gland,,,Disulfide bond:3,,,,,,,,both,57,57,Olivierus martensii,Arthropoda,Arachnida,Scorpiones,Buthidae,Olivierus,Olivierus martensii,terrestrial,terrestrial
P58490,55084,Short scorpion toxin family,38,,Venom,,,Disulfide bond:4,,,,,,,,both,38,38,Pandinus imperator,Arthropoda,Arachnida,Scorpiones,Scorpionidae,Pandinus,Pandinus imperator,terrestrial,terrestrial
P13487,6884,Short scorpion toxin family,59,,Single abdominal segment; Venom,,Pyrrolidone carboxylic acid,Disulfide bond:3; Pyrrolidone carboxylic acid:1,Yes,,,,,,,both,37,37,Leiurus hebraeus,Arthropoda,Arachnida,Scorpiones,Buthidae,Leiurus,Leiurus hebraeus,terrestrial,terrestrial
P55927,55084,Short scorpion toxin family,47,fragment,Venom,,,Disulfide bond:3,,,,,,,,both,47,35,Pandinus imperator,Arthropoda,Arachnida,Scorpiones,Scorpionidae,Pandinus,Pandinus imperator,terrestrial,terrestrial
P46114,6887,Short scorpion toxin family,37,,Venom,,,Disulfide bond:3,,,,,,,,both,37,37,Tityus serrulatus,Arthropoda,Arachnida,Scorpiones,Buthidae,Tityus,Tityus serrulatus,terrestrial,terrestrial
P59943,6884,Short scorpion toxin family,59,,Single abdominal segment,,Pyrrolidone carboxylic acid,Disulfide bond:3; Pyrrolidone carboxylic acid:1,Yes,,,,,,,both,37,37,Leiurus hebraeus,Arthropoda,Arachnida,Scorpiones,Buthidae,Leiurus,Leiurus hebraeus,terrestrial,terrestrial
P55928,55084,Short scorpion toxin family,35,,Venom,,,Disulfide bond:3,,,,,,,,both,35,35,Pandinus imperator,Arthropoda,Arachnida,Scorpiones,Scorpionidae,Pandinus,Pandinus imperator,terrestrial,terrestrial
P69940,6887,Long chain potassium channel inhibitor scorpion toxin family,85,fragment,Venom; Venom gland,,,Disulfide bond:3,Yes,Yes,,,,,,both,68,60,Tityus serrulatus,Arthropoda,Arachnida,Scorpiones,Buthidae,Tityus,Tityus serrulatus,terrestrial,terrestrial
P59944,6884,Short scorpion toxin family,37,,Venom,,Pyrrolidone carboxylic acid,Disulfide bond:3; Pyrrolidone carboxylic acid:1,,,,,,,,both,37,37,Leiurus hebraeus,Arthropoda,Arachnida,Scorpiones,Buthidae,Leiurus,Leiurus hebraeus,terrestrial,terrestrial
P45628,6884,Short scorpion toxin family,59,,Single abdominal segment; Venom,,Pyrrolidone carboxylic acid,Disulfide bond:3; Pyrrolidone carboxylic acid:1,Yes,,,,,,,both,37,37,Leiurus hebraeus,Arthropoda,Arachnida,Scorpiones,Buthidae,Leiurus,Leiurus hebraeus,terrestrial,terrestrial
Q10726,55084,Short scorpion toxin family,35,,Venom,,,Disulfide bond:4,,,,,,,,both,35,35,Pandinus imperator,Arthropoda,Arachnida,Scorpiones,Scorpionidae,Pandinus,Pandinus imperator,terrestrial,terrestrial
Q7Z0F1,34649,Short scorpion toxin family,55,,,,,,Yes,,,,,,,both,32,31,Olivierus martensii,Arthropoda,Arachnida,Scorpiones,Buthidae,Olivierus,Olivierus martensii,terrestrial,terrestrial
Q7Z0H4,34649,Short scorpion toxin family,55,,,,,,Yes,,,,,,,both,32,32,Olivierus martensii,Arthropoda,Arachnida,Scorpiones,Buthidae,Olivierus,Olivierus martensii,terrestrial,terrestrial
P24663,34647,Short scorpion toxin family,37,,Venom,,Pyrrolidone carboxylic acid,Disulfide bond:3; Pyrrolidone carboxylic acid:1,,,,,,,,both,37,37,Hottentotta tamulus,Arthropoda,Arachnida,Scorpiones,Buthidae,Hottentotta,Hottentotta tamulus,terrestrial,terrestrial
Q7Z0H5,34649,Short scorpion toxin family,55,,,,,,Yes,,,,,,,both,32,32,Olivierus martensii,Arthropoda,Arachnida,Scorpiones,Buthidae,Olivierus,Olivierus martensii,terrestrial,terrestrial
P56219,6887,Short scorpion toxin family,57,,Venom; Venom gland,,,Disulfide bond:3,Yes,Yes,,,,,,both,37,35,Tityus serrulatus,Arthropoda,Arachnida,Scorpiones,Buthidae,Tityus,Tityus serrulatus,terrestrial,terrestrial
P16341,6884,Short scorpion toxin family,31,,Venom,,Amidation,Disulfide bond:3; Amidation:1,,,,,,,,both,31,31,Leiurus hebraeus,Arthropoda,Arachnida,Scorpiones,Buthidae,Leiurus,Leiurus hebraeus,terrestrial,terrestrial
P40755,29018,Short scorpion toxin family,39,,Venom,,,Disulfide bond:3,,,,,,,,both,39,39,Centruroides margaritatus,Arthropoda,Arachnida,Scorpiones,Buthidae,Centruroides,Centruroides margaritatus,terrestrial,terrestrial
Q9NBG9,34649,Short scorpion toxin family,59,,Venom gland,,,Disulfide bond:3,Yes,,,,,,,both,37,37,Olivierus martensii,Arthropoda,Arachnida,Scorpiones,Buthidae,Olivierus,Olivierus martensii,terrestrial,terrestrial
P08815,6878,Short scorpion toxin family,39,,Venom,,Amidation,Disulfide bond:3; Amidation:1,,,,,,,,both,39,39,Centruroides noxius,Arthropoda,Arachnida,Scorpiones,Buthidae,Centruroides,Centruroides noxius,terrestrial,terrestrial
Q9TXD1,6878,Short scorpion toxin family,38,,Venom,,,Disulfide bond:3,,,,,,,,both,38,38,Centruroides noxius,Arthropoda,Arachnida,Scorpiones,Buthidae,Centruroides,Centruroides noxius,terrestrial,terrestrial
P59869,34647,Short scorpion toxin family,31,,Venom,,Amidation,Disulfide bond:3; Amidation:1,,,,,,,,both,31,31,Hottentotta tamulus,Arthropoda,Arachnida,Scorpiones,Buthidae,Hottentotta,Hottentotta tamulus,terrestrial,terrestrial
P59870,34647,Short scorpion toxin family,31,,Venom,,Amidation,Disulfide bond:3; Amidation:1,,,,,,,,both,31,31,Hottentotta tamulus,Arthropoda,Arachnida,Scorpiones,Buthidae,Hottentotta,Hottentotta tamulus,terrestrial,terrestrial
Q9NII7,34649,Short scorpion toxin family,60,,,,Amidation,Disulfide bond:3; Amidation:1,Yes,,,,,,,both,38,37,Olivierus martensii,Arthropoda,Arachnida,Scorpiones,Buthidae,Olivierus,Olivierus martensii,terrestrial,terrestrial
Q8MQL0,34649,Short scorpion toxin family,59,,,,,Disulfide bond:3,Yes,,,,,,,both,37,37,Olivierus martensii,Arthropoda,Arachnida,Scorpiones,Buthidae,Olivierus,Olivierus martensii,terrestrial,terrestrial
O96669,34647,,45,fragment,,,,,,,,,,,,both,45,45,Hottentotta tamulus,Arthropoda,Arachnida,Scorpiones,Buthidae,Hottentotta,Hottentotta tamulus,terrestrial,terrestrial
P56678,6884,Alpha/beta-scorpion toxin family,67,,Venom,LD(50) is 50 mg/kg by intracerebroventricular injection into mice.,Amidation,Disulfide bond:4; Amidation:1,,,,,,,,both,67,67,Leiurus hebraeus,Arthropoda,Arachnida,Scorpiones,Buthidae,Leiurus,Leiurus hebraeus,terrestrial,terrestrial
P59356,6884,Alpha/beta-scorpion toxin family,64,,Venom,LD(50) is 34.3 nmol/kg to cockroaches (Blatella germanica).,Amidation,Disulfide bond:4; Amidation:1,,,,,,,,both,64,64,Leiurus hebraeus,Arthropoda,Arachnida,Scorpiones,Buthidae,Leiurus,Leiurus hebraeus,terrestrial,terrestrial
P59357,6884,Alpha/beta-scorpion toxin family,66,,Venom,LD(50) is 28.7 nmol/kg to cockroaches (Blatella germanica).,,Disulfide bond:4,,,,,,,,both,66,66,Leiurus hebraeus,Arthropoda,Arachnida,Scorpiones,Buthidae,Leiurus,Leiurus hebraeus,terrestrial,terrestrial
P58488,34649,Alpha/beta-scorpion toxin family,64,,,,,Disulfide bond:4,,,,,,,,both,64,64,Olivierus martensii,Arthropoda,Arachnida,Scorpiones,Buthidae,Olivierus,Olivierus martensii,terrestrial,terrestrial
Q9BKJ1,34649,Alpha/beta-scorpion toxin family,85,,Venom gland,,,Disulfide bond:4,Yes,,,,,,,both,64,64,Olivierus martensii,Arthropoda,Arachnida,Scorpiones,Buthidae,Olivierus,Olivierus martensii,terrestrial,terrestrial
Q9BKJ0,34649,Alpha/beta-scorpion toxin family,85,,Venom gland,,,Disulfide bond:4,Yes,,,,,,,both,64,64,Olivierus martensii,Arthropoda,Arachnida,Scorpiones,Buthidae,Olivierus,Olivierus martensii,terrestrial,terrestrial
Q9U8D2,34649,Scorpion toxin 6 family,57,,Venom gland,,,Disulfide bond:3,Yes,,,,,,,both,29,29,Olivierus martensii,Arthropoda,Arachnida,Scorpiones,Buthidae,Olivierus,Olivierus martensii,terrestrial,terrestrial
Q9NJP7,34649,Scorpion toxin 6 family,56,,Venom gland,,,Disulfide bond:3,Yes,,,,,,,both,28,28,Olivierus martensii,Arthropoda,Arachnida,Scorpiones,Buthidae,Olivierus,Olivierus martensii,terrestrial,terrestrial
Q9U8D1,34649,Scorpion toxin 6 family,56,,Venom gland,,,Disulfide bond:3,Yes,,,,,,,both,28,28,Olivierus martensii,Arthropoda,Arachnida,Scorpiones,Buthidae,Olivierus,Olivierus martensii,terrestrial,terrestrial
P56972,55084,,94,,Venom; Venom gland,,,,Yes,,,,,,,both,75,75,Pandinus imperator,Arthropoda,Arachnida,Scorpiones,Scorpionidae,Pandinus,Pandinus imperator,terrestrial,terrestrial
Q95P89,34649,,60,,,,Amidation,Disulfide bond:3; Amidation:1,Yes,,,,,,,both,32,31,Olivierus martensii,Arthropoda,Arachnida,Scorpiones,Buthidae,Olivierus,Olivierus martensii,terrestrial,terrestrial
Q867F4,6858,Short scorpion toxin family,59,,Muscle; Venom; Venom gland,,Pyrrolidone carboxylic acid,Disulfide bond:3; Pyrrolidone carboxylic acid:1,Yes,,,,,,,both,37,37,Androctonus australis,Arthropoda,Arachnida,Scorpiones,Buthidae,Androctonus,Androctonus australis,terrestrial,terrestrial
Q86SD8,6858,Short scorpion toxin family,59,,Venom gland,,Pyrrolidone carboxylic acid,Disulfide bond:3; Pyrrolidone carboxylic acid:1,Yes,,,,,,,both,37,37,Androctonus australis,Arthropoda,Arachnida,Scorpiones,Buthidae,Androctonus,Androctonus australis,terrestrial,terrestrial
P63019,6878,Alpha/beta-scorpion toxin family,67,,Venom,,,Disulfide bond:4,,,,,,,,both,67,67,Centruroides noxius,Arthropoda,Arachnida,Scorpiones,Buthidae,Centruroides,Centruroides noxius,terrestrial,terrestrial
Q86SE1,112024,Alpha/beta-scorpion toxin family,83,,Venom; Venom gland,,,Disulfide bond:4,Yes,,,,,,,both,64,63,Androctonus amoreuxi,Arthropoda,Arachnida,Scorpiones,Buthidae,Androctonus,Androctonus amoreuxi,terrestrial,terrestrial
P01479,6858,Alpha/beta-scorpion toxin family,83,,Venom,,,Disulfide bond:4,Yes,Yes,,,,,,both,64,63,Androctonus australis,Arthropoda,Arachnida,Scorpiones,Buthidae,Androctonus,Androctonus australis,terrestrial,terrestrial
P56215,6860,Scorpion toxin 6 family,29,,Venom,,,Disulfide bond:3,,,,,,,,both,29,29,Androctonus mauritanicus mauritanicus,Arthropoda,Arachnida,Scorpiones,Buthidae,Androctonus,Androctonus mauritanicus,terrestrial,terrestrial
P15220,34648,Short scorpion toxin family,36,,Venom,,,Disulfide bond:4,,,,,,,,both,36,36,Mesobuthus eupeus,Arthropoda,Arachnida,Scorpiones,Buthidae,Mesobuthus,Mesobuthus eupeus,terrestrial,terrestrial
P01488,6871,Alpha/beta-scorpion toxin family,65,,Venom,,Amidation,Disulfide bond:4; Amidation:1,,,,,,,,both,65,65,Buthus occitanus tunetanus,Arthropoda,Arachnida,Scorpiones,Buthidae,Buthus,Buthus occitanus,terrestrial,terrestrial
P15229,42519,Short scorpion toxin family,35,,Venom,,,Disulfide bond:4,,,,,,,,both,35,35,Hottentotta tamulus,Arthropoda,Arachnida,Scorpiones,Buthidae,Hottentotta,Hottentotta tamulus,terrestrial,terrestrial
P59897,42200,Alpha/beta-scorpion toxin family,66,,,,Amidation,Disulfide bond:4; Amidation:1,,,,,,,,both,66,66,Centruroides infamatus infamatus,Arthropoda,Arachnida,Scorpiones,Buthidae,Centruroides,Centruroides infamatus,terrestrial,terrestrial
P18926,6877,Alpha/beta-scorpion toxin family,66,,Venom,,,Disulfide bond:4,,,,,,,,both,66,66,Centruroides tecomanus,Arthropoda,Arachnida,Scorpiones,Buthidae,Centruroides,Centruroides tecomanus,terrestrial,terrestrial
P45666,29941,Alpha/beta-scorpion toxin family,66,,Venom,,Amidation,Disulfide bond:4; Amidation:1,,,,,,,,both,66,66,Centruroides limpidus limpidus,Arthropoda,Arachnida,Scorpiones,Buthidae,Centruroides,Centruroides limpidus,terrestrial,terrestrial
P15223,6878,Alpha/beta-scorpion toxin family,86,,Venom,,Amidation,Disulfide bond:4; Amidation:1,Yes,,,,,,,both,67,65,Centruroides noxius,Arthropoda,Arachnida,Scorpiones,Buthidae,Centruroides,Centruroides noxius,terrestrial,terrestrial
P01492,218467,Alpha/beta-scorpion toxin family,87,,Venom; Venom gland,,Amidation,Disulfide bond:4; Amidation:1,Yes,,,,,,,both,68,65,Centruroides sculpturatus,Arthropoda,Arachnida,Scorpiones,Buthidae,Centruroides,Centruroides sculpturatus,terrestrial,terrestrial
P45697,34649,Alpha/beta-scorpion toxin family,84,,Venom; Venom gland,LD(50) is 0.75 mg/kg by intravenous injection into mice.,,Disulfide bond:4,Yes,Yes,,,,,,both,65,64,Olivierus martensii,Arthropoda,Arachnida,Scorpiones,Buthidae,Olivierus,Olivierus martensii,terrestrial,terrestrial
P60277,34647,Alpha/beta-scorpion toxin family,64,,,,,Disulfide bond:4,,,,,,,,both,64,64,Hottentotta tamulus,Arthropoda,Arachnida,Scorpiones,Buthidae,Hottentotta,Hottentotta tamulus,terrestrial,terrestrial
P60252,190115,Scorpion calcine family,66,,Venom gland,,Cleavage on pair of basic residues,Disulfide bond:3,Yes,Yes,,,,,,both,44,33,Opistophthalmus carinatus,Arthropoda,Arachnida,Scorpiones,Scorpionidae,Opistophthalmus,Opistophthalmus carinatus,terrestrial,terrestrial
P15224,6892,Alpha/beta-scorpion toxin family,66,,Venom,,,Disulfide bond:4,,,,,,,,both,66,66,Orthochirus scrobiculosus,Arthropoda,Arachnida,Scorpiones,Buthidae,Orthochirus,Orthochirus scrobiculosus,terrestrial,terrestrial
P60271,190110,Short scorpion toxin family,25,,Venom,,,,,,,,,,,both,25,25,Parabuthus schlechteri,Arthropoda,Arachnida,Scorpiones,Buthidae,Parabuthus,Parabuthus schlechteri,terrestrial,terrestrial
P56608,50343,Alpha/beta-scorpion toxin family,62,,Venom,,,Disulfide bond:4,,,,,,,,both,62,62,Tityus bahiensis,Arthropoda,Arachnida,Scorpiones,Buthidae,Tityus,Tityus bahiensis,terrestrial,terrestrial
P60260,57059,Alpha/beta-scorpion toxin family,26,fragment,Venom,,,,,,,,,,,both,26,26,Tityus discrepans,Arthropoda,Arachnida,Scorpiones,Buthidae,Tityus,Tityus discrepans,terrestrial,terrestrial
P01496,6887,Alpha/beta-scorpion toxin family,80,fragment,Venom,,Amidation,Disulfide bond:4; Amidation:1,Yes,,,,,,,both,67,64,Tityus serrulatus,Arthropoda,Arachnida,Scorpiones,Buthidae,Tityus,Tityus serrulatus,terrestrial,terrestrial
Q86SE0,112024,Alpha/beta-scorpion toxin family,86,,Venom; Venom gland,,Amidation,Disulfide bond:4; Amidation:1,Yes,,,,,,,both,66,64,Androctonus amoreuxi,Arthropoda,Arachnida,Scorpiones,Buthidae,Androctonus,Androctonus amoreuxi,terrestrial,terrestrial
P01484,6858,Alpha/beta-scorpion toxin family,85,,Venom,,Amidation,Disulfide bond:4; Amidation:1,Yes,,,,,,,both,66,64,Androctonus australis,Arthropoda,Arachnida,Scorpiones,Buthidae,Androctonus,Androctonus australis,terrestrial,terrestrial
P15221,34648,Alpha/beta-scorpion toxin family,62,,Venom,,,Disulfide bond:4,,,,,,,,both,62,62,Mesobuthus eupeus,Arthropoda,Arachnida,Scorpiones,Buthidae,Mesobuthus,Mesobuthus eupeus,terrestrial,terrestrial
P01483,6871,Alpha/beta-scorpion toxin family,65,,Venom,,Amidation,Disulfide bond:4; Amidation:1,,,,,,,,both,65,65,Buthus occitanus tunetanus,Arthropoda,Arachnida,Scorpiones,Buthidae,Buthus,Buthus occitanus,terrestrial,terrestrial
P15230,42519,Scorpion toxin 6 family,28,,Venom,,,,,,,,,,,venom_tissue,28,28,Hottentotta tamulus,Arthropoda,Arachnida,Scorpiones,Buthidae,Hottentotta,Hottentotta tamulus,terrestrial,terrestrial
P60163,217898,Alpha/beta-scorpion toxin family,68,,,,,Disulfide bond:4,,,,,,,,both,68,68,Centruroides gracilis,Arthropoda,Arachnida,Scorpiones,Buthidae,Centruroides,Centruroides gracilis,terrestrial,terrestrial
P18927,6877,Alpha/beta-scorpion toxin family,30,fragment,Venom,,,,,,,,,,,both,30,30,Centruroides tecomanus,Arthropoda,Arachnida,Scorpiones,Buthidae,Centruroides,Centruroides tecomanus,terrestrial,terrestrial
P59898,29941,Alpha/beta-scorpion toxin family,66,,,,Amidation,Disulfide bond:4; Amidation:1,,,,,,,,both,66,66,Centruroides limpidus limpidus,Arthropoda,Arachnida,Scorpiones,Buthidae,Centruroides,Centruroides limpidus,terrestrial,terrestrial
P01495,6878,Alpha/beta-scorpion toxin family,84,fragment,Venom,LD(50) is 20 ug/kg in mice.,Amidation,Disulfide bond:4; Amidation:1,Yes,,,,,,,both,68,66,Centruroides noxius,Arthropoda,Arachnida,Scorpiones,Buthidae,Centruroides,Centruroides noxius,terrestrial,terrestrial
P01493,218467,Alpha/beta-scorpion toxin family,87,,Venom; Venom gland,,,Disulfide bond:4,Yes,,,,,,,both,68,66,Centruroides sculpturatus,Arthropoda,Arachnida,Scorpiones,Buthidae,Centruroides,Centruroides sculpturatus,terrestrial,terrestrial
P08900,6881,Alpha/beta-scorpion toxin family,66,,Venom,,Amidation,Disulfide bond:4; Amidation:1,,,,,,,,both,66,66,Centruroides suffusus suffusus,Arthropoda,Arachnida,Scorpiones,Buthidae,Centruroides,Centruroides suffusus,terrestrial,terrestrial
P59355,6884,Alpha/beta-scorpion toxin family,64,,Venom,LD(50) is 1.9 mg/kg by intracerebroventricular injection into mice.,Amidation,Disulfide bond:4; Amidation:1,,,,,,,,both,64,64,Leiurus hebraeus,Arthropoda,Arachnida,Scorpiones,Buthidae,Leiurus,Leiurus hebraeus,terrestrial,terrestrial
P59360,34649,Alpha/beta-scorpion toxin family,64,,Venom,,,Disulfide bond:4,,,,,,,,both,64,64,Olivierus martensii,Arthropoda,Arachnida,Scorpiones,Buthidae,Olivierus,Olivierus martensii,terrestrial,terrestrial
P45668,34647,Alpha/beta-scorpion toxin family,24,fragment,Venom,LD(50) is 2.25 mg/kg in mice by subcutaneous injection.,,,,,,,,,,both,24,24,Hottentotta tamulus,Arthropoda,Arachnida,Scorpiones,Buthidae,Hottentotta,Hottentotta tamulus,terrestrial,terrestrial
P60253,190115,Scorpion calcine family,66,,Venom gland,,Cleavage on pair of basic residues,Disulfide bond:3,Yes,Yes,,,,,,both,44,33,Opistophthalmus carinatus,Arthropoda,Arachnida,Scorpiones,Scorpionidae,Opistophthalmus,Opistophthalmus carinatus,terrestrial,terrestrial
P56609,50343,Alpha/beta-scorpion toxin family,62,,Venom,,Amidation,Disulfide bond:4; Amidation:1,,,,,,,,both,62,62,Tityus bahiensis,Arthropoda,Arachnida,Scorpiones,Buthidae,Tityus,Tityus bahiensis,terrestrial,terrestrial
P60261,57059,Alpha/beta-scorpion toxin family,13,fragment,Venom,,,,,,,,,,,both,13,13,Tityus discrepans,Arthropoda,Arachnida,Scorpiones,Buthidae,Tityus,Tityus discrepans,terrestrial,terrestrial
P68410,6887,Alpha/beta-scorpion toxin family,62,,Venom,LD(50) is 6 ng by intracerebroventricular injection.,Amidation,Disulfide bond:4; Amidation:1,,,,,,,,both,62,62,Tityus serrulatus,Arthropoda,Arachnida,Scorpiones,Buthidae,Tityus,Tityus serrulatus,terrestrial,terrestrial
P68411,50344,Alpha/beta-scorpion toxin family,62,,Venom,,Amidation,Disulfide bond:4; Amidation:1,,,,,,,,both,62,62,Tityus stigmurus,Arthropoda,Arachnida,Scorpiones,Buthidae,Tityus,Tityus stigmurus,terrestrial,terrestrial
Q86SD9,112024,Alpha/beta-scorpion toxin family,86,,Venom; Venom gland,,,Disulfide bond:4,Yes,,,,,,,both,67,66,Androctonus amoreuxi,Arthropoda,Arachnida,Scorpiones,Buthidae,Androctonus,Androctonus amoreuxi,terrestrial,terrestrial
P01480,6858,Alpha/beta-scorpion toxin family,84,,Venom,,,Disulfide bond:4,Yes,Yes,,,,,,both,65,64,Androctonus australis,Arthropoda,Arachnida,Scorpiones,Buthidae,Androctonus,Androctonus australis,terrestrial,terrestrial
P60268,34648,Short scorpion toxin family,36,,Venom,,,Disulfide bond:4,,,,,,,,both,36,36,Mesobuthus eupeus,Arthropoda,Arachnida,Scorpiones,Buthidae,Mesobuthus,Mesobuthus eupeus,terrestrial,terrestrial
P01485,6871,Alpha/beta-scorpion toxin family,64,,Venom,,Amidation,Disulfide bond:4; Amidation:1,,,,,,,,both,64,64,Buthus occitanus tunetanus,Arthropoda,Arachnida,Scorpiones,Buthidae,Buthus,Buthus occitanus,terrestrial,terrestrial
P13488,6869,Alpha/beta-scorpion toxin family,66,,Venom,,,Disulfide bond:4,,,,,,,,both,66,66,Buthus occitanus mardochei,Arthropoda,Arachnida,Scorpiones,Buthidae,Buthus,Buthus occitanus,terrestrial,terrestrial
Q7Z1K9,29941,Alpha/beta-scorpion toxin family,87,,,,Amidation,Disulfide bond:4; Amidation:1,Yes,,,,,,,both,68,66,Centruroides limpidus limpidus,Arthropoda,Arachnida,Scorpiones,Buthidae,Centruroides,Centruroides limpidus,terrestrial,terrestrial
P80076,6878,Alpha/beta-scorpion toxin family,66,,Venom,,,Disulfide bond:4,,,,,,,,both,66,66,Centruroides noxius,Arthropoda,Arachnida,Scorpiones,Buthidae,Centruroides,Centruroides noxius,terrestrial,terrestrial
P01494,218467,Alpha/beta-scorpion toxin family,87,,Venom; Venom gland,,Amidation,Disulfide bond:4; Amidation:1,Yes,,,,,,,both,68,65,Centruroides sculpturatus,Arthropoda,Arachnida,Scorpiones,Buthidae,Centruroides,Centruroides sculpturatus,terrestrial,terrestrial
P01487,6885,Alpha/beta-scorpion toxin family,64,,Venom,"LD(50) is 50 ug/kg by subcutaneous injection in mouse, 60 ng/g in Blatella germanica and 120 ng/g in Musca domestica.",,Disulfide bond:4,,,,,,,,both,64,64,Leiurus quinquestriatus quinquestriatus,Arthropoda,Arachnida,Scorpiones,Buthidae,Leiurus,Leiurus quinquestriatus,terrestrial,terrestrial
P15227,34649,Alpha/beta-scorpion toxin family,65,,Venom,,,Disulfide bond:4,,,,,,,,both,65,65,Olivierus martensii,Arthropoda,Arachnida,Scorpiones,Buthidae,Olivierus,Olivierus martensii,terrestrial,terrestrial
P83400,34647,Short scorpion toxin family,60,,Telson; Venom,LD(50) is 53.1 mg/kg when injected into the thoracic region of insect larvae of H.armigera.,,Disulfide bond:4,Yes,Yes,GO:0009405 (pathogenesis); GO:0005576 (extracellular region),GO:0009405 (pathogenesis),GO:0005576 (extracellular region),,,both,36,35,Hottentotta tamulus,Arthropoda,Arachnida,Scorpiones,Buthidae,Hottentotta,Hottentotta tamulus,terrestrial,terrestrial
P15225,6892,Alpha/beta-scorpion toxin family,67,,Venom,,,Disulfide bond:4,,,,,,,,both,67,67,Orthochirus scrobiculosus,Arthropoda,Arachnida,Scorpiones,Buthidae,Orthochirus,Orthochirus scrobiculosus,terrestrial,terrestrial
P60262,57059,Alpha/beta-scorpion toxin family,29,fragment,Venom,,,,,,,,,,,both,29,29,Tityus discrepans,Arthropoda,Arachnida,Scorpiones,Buthidae,Tityus,Tityus discrepans,terrestrial,terrestrial
P45658,6858,Alpha/beta-scorpion toxin family,84,,Venom; Venom gland,,,Disulfide bond:4,Yes,Yes,,,,,,both,65,64,Androctonus australis,Arthropoda,Arachnida,Scorpiones,Buthidae,Androctonus,Androctonus australis,terrestrial,terrestrial
P60269,34648,Short scorpion toxin family,35,,Venom,,,Disulfide bond:4,,,,,,,,both,35,35,Mesobuthus eupeus,Arthropoda,Arachnida,Scorpiones,Buthidae,Mesobuthus,Mesobuthus eupeus,terrestrial,terrestrial
P59354,6869,Alpha/beta-scorpion toxin family,65,,Venom,,,Disulfide bond:4,,,,,,,,both,65,65,Buthus occitanus mardochei,Arthropoda,Arachnida,Scorpiones,Buthidae,Buthus,Buthus occitanus,terrestrial,terrestrial
Q7Z1K8,29941,Alpha/beta-scorpion toxin family,87,,,,Amidation,Disulfide bond:4; Amidation:1,Yes,,,,,,,both,68,66,Centruroides limpidus limpidus,Arthropoda,Arachnida,Scorpiones,Buthidae,Centruroides,Centruroides limpidus,terrestrial,terrestrial
P45662,6878,Alpha/beta-scorpion toxin family,87,,Venom; Venom gland,,Amidation,Disulfide bond:4; Amidation:1,Yes,,,,,,,both,68,66,Centruroides noxius,Arthropoda,Arachnida,Scorpiones,Buthidae,Centruroides,Centruroides noxius,terrestrial,terrestrial
P58778,218467,Alpha/beta-scorpion toxin family,66,,Venom,,,Disulfide bond:4,,,,,,,,both,66,66,Centruroides sculpturatus,Arthropoda,Arachnida,Scorpiones,Buthidae,Centruroides,Centruroides sculpturatus,terrestrial,terrestrial
P60266,6881,Alpha/beta-scorpion toxin family,66,,Venom,,Amidation,Disulfide bond:4; Amidation:1,,,,,,,,both,66,66,Centruroides suffusus suffusus,Arthropoda,Arachnida,Scorpiones,Buthidae,Centruroides,Centruroides suffusus,terrestrial,terrestrial
P83644,6884,Alpha/beta-scorpion toxin family,65,,Venom,LD(50) is 20.3 +/- 3.0 mg/kg to the insect S.litura.,Amidation,Disulfide bond:4; Amidation:1,,,GO:0006952 (defense response); GO:0009405 (pathogenesis); GO:0005576 (extracellular region); GO:0019871 (sodium channel inhibitor activity),GO:0006952 (defense response); GO:0009405 (pathogenesis),GO:0005576 (extracellular region),GO:0019871 (sodium channel inhibitor activity),,both,65,65,Leiurus hebraeus,Arthropoda,Arachnida,Scorpiones,Buthidae,Leiurus,Leiurus hebraeus,terrestrial,terrestrial
P01489,6885,Alpha/beta-scorpion toxin family,65,,,,Amidation,Disulfide bond:4; Amidation:1,,,,,,,,both,65,65,Leiurus quinquestriatus quinquestriatus,Arthropoda,Arachnida,Scorpiones,Buthidae,Leiurus,Leiurus quinquestriatus,terrestrial,terrestrial
P58328,34649,Alpha/beta-scorpion toxin family,64,,Venom,LD(50) is 4 mg/kg by intravenous injection into mice.,,Disulfide bond:4,,,,,,,,both,64,64,Olivierus martensii,Arthropoda,Arachnida,Scorpiones,Buthidae,Olivierus,Olivierus martensii,terrestrial,terrestrial
P60263,57059,Alpha/beta-scorpion toxin family,27,fragment,Venom,,,,,,,,,,,both,27,27,Tityus discrepans,Arthropoda,Arachnida,Scorpiones,Buthidae,Tityus,Tityus discrepans,terrestrial,terrestrial
P83435,203543,Alpha/beta-scorpion toxin family,62,,Venom,,,Disulfide bond:4,,,,,,,,both,62,62,Tityus fasciolatus,Arthropoda,Arachnida,Scorpiones,Buthidae,Tityus,Tityus fasciolatus,terrestrial,terrestrial
P45659,6887,Alpha/beta-scorpion toxin family,80,fragment,Venom,,Amidation,Disulfide bond:4; Amidation:1,Yes,,,,,,,both,67,62,Tityus serrulatus,Arthropoda,Arachnida,Scorpiones,Buthidae,Tityus,Tityus serrulatus,terrestrial,terrestrial
Q7Z1K7,29941,Alpha/beta-scorpion toxin family,87,,,,,Disulfide bond:4,Yes,Yes,,,,,,both,68,66,Centruroides limpidus limpidus,Arthropoda,Arachnida,Scorpiones,Buthidae,Centruroides,Centruroides limpidus,terrestrial,terrestrial
Q7YT61,29941,Alpha/beta-scorpion toxin family,87,,Venom gland,,,Disulfide bond:4,Yes,Yes,,,,,,both,68,66,Centruroides limpidus limpidus,Arthropoda,Arachnida,Scorpiones,Buthidae,Centruroides,Centruroides limpidus,terrestrial,terrestrial
Q7Z1K6,29941,Alpha/beta-scorpion toxin family,85,,,,,Disulfide bond:4,Yes,Yes,,,,,,both,68,66,Centruroides limpidus limpidus,Arthropoda,Arachnida,Scorpiones,Buthidae,Centruroides,Centruroides limpidus,terrestrial,terrestrial
P01482,6860,Alpha/beta-scorpion toxin family,64,,Venom,,Amidation,Disulfide bond:4; Amidation:1,,,,,,,,both,64,64,Androctonus mauritanicus mauritanicus,Arthropoda,Arachnida,Scorpiones,Buthidae,Androctonus,Androctonus mauritanicus,terrestrial,terrestrial
P15222,34648,Short scorpion toxin family,35,,Venom,,Amidation,Disulfide bond:4; Amidation:1,,,,,,,,both,35,35,Mesobuthus eupeus,Arthropoda,Arachnida,Scorpiones,Buthidae,Mesobuthus,Mesobuthus eupeus,terrestrial,terrestrial
P04097,6871,Alpha/beta-scorpion toxin family,24,fragment,Venom,,,,,,,,,,,both,24,24,Buthus occitanus tunetanus,Arthropoda,Arachnida,Scorpiones,Buthidae,Buthus,Buthus occitanus,terrestrial,terrestrial
P45663,6878,Alpha/beta-scorpion toxin family,87,,Venom; Venom gland,,,Disulfide bond:4,Yes,Yes,,,,,,both,68,66,Centruroides noxius,Arthropoda,Arachnida,Scorpiones,Buthidae,Centruroides,Centruroides noxius,terrestrial,terrestrial
P58779,218467,Alpha/beta-scorpion toxin family,59,,Venom,,,Disulfide bond:4,,,,,,,,both,59,59,Centruroides sculpturatus,Arthropoda,Arachnida,Scorpiones,Buthidae,Centruroides,Centruroides sculpturatus,terrestrial,terrestrial
P01481,6885,Alpha/beta-scorpion toxin family,64,,,,Amidation,Disulfide bond:4; Amidation:1,,,,,,,,both,64,64,Leiurus quinquestriatus quinquestriatus,Arthropoda,Arachnida,Scorpiones,Buthidae,Leiurus,Leiurus quinquestriatus,terrestrial,terrestrial
P56743,6858,Alpha/beta-scorpion toxin family,66,,Venom,LD(50) is 8.5 ug/g in Blatella germanica.,Glycoprotein,Disulfide bond:4; Glycosylation:1,,,,,,,,both,66,66,Androctonus australis,Arthropoda,Arachnida,Scorpiones,Buthidae,Androctonus,Androctonus australis,terrestrial,terrestrial
Q7Z1K5,29941,Alpha/beta-scorpion toxin family,85,,,,Amidation,Disulfide bond:4; Amidation:1,Yes,,,,,,,both,66,64,Centruroides limpidus limpidus,Arthropoda,Arachnida,Scorpiones,Buthidae,Centruroides,Centruroides limpidus,terrestrial,terrestrial
P60267,6881,Alpha/beta-scorpion toxin family,66,,Venom,,Amidation,Disulfide bond:4; Amidation:1,,,,,,,,both,66,66,Centruroides suffusus suffusus,Arthropoda,Arachnida,Scorpiones,Buthidae,Centruroides,Centruroides suffusus,terrestrial,terrestrial
P56610,50343,Alpha/beta-scorpion toxin family,19,fragment,Venom,,,,,,,,,,,venom_tissue,19,19,Tityus bahiensis,Arthropoda,Arachnida,Scorpiones,Buthidae,Tityus,Tityus bahiensis,terrestrial,terrestrial
P59865,29941,Alpha/beta-scorpion toxin family,85,,,,,Disulfide bond:4,Yes,,,,,,,both,66,63,Centruroides limpidus limpidus,Arthropoda,Arachnida,Scorpiones,Buthidae,Centruroides,Centruroides limpidus,terrestrial,terrestrial
Q9TWL1,6878,Alpha/beta-scorpion toxin family,55,fragment,Venom,,,Disulfide bond:3,,,,,,,,both,55,55,Centruroides noxius,Arthropoda,Arachnida,Scorpiones,Buthidae,Centruroides,Centruroides noxius,terrestrial,terrestrial
P59854,34649,Alpha/beta-scorpion toxin family,66,,,,,Disulfide bond:4,,,,,,,,both,66,66,Olivierus martensii,Arthropoda,Arachnida,Scorpiones,Buthidae,Olivierus,Olivierus martensii,terrestrial,terrestrial
P56611,50343,Alpha/beta-scorpion toxin family,84,,Venom,,Amidation,Disulfide bond:4; Amidation:1,Yes,,,,,,,both,64,61,Tityus bahiensis,Arthropoda,Arachnida,Scorpiones,Buthidae,Tityus,Tityus bahiensis,terrestrial,terrestrial
P15226,6887,Alpha/beta-scorpion toxin family,84,,Venom,"LD(50) is 0.6 ng, intracerebroventricular.",Amidation,Disulfide bond:4; Amidation:1,Yes,,,,,,,both,64,61,Tityus serrulatus,Arthropoda,Arachnida,Scorpiones,Buthidae,Tityus,Tityus serrulatus,terrestrial,terrestrial
P56612,50344,Alpha/beta-scorpion toxin family,84,,Venom; Venom gland,,Amidation,Disulfide bond:4; Amidation:1,Yes,,,,,,,both,65,62,Tityus stigmurus,Arthropoda,Arachnida,Scorpiones,Buthidae,Tityus,Tityus stigmurus,terrestrial,terrestrial
Q7YXD3,6860,Alpha/beta-scorpion toxin family,85,,Venom gland,,,Disulfide bond:4,Yes,Yes,,,,,,both,66,65,Androctonus mauritanicus mauritanicus,Arthropoda,Arachnida,Scorpiones,Buthidae,Androctonus,Androctonus mauritanicus,terrestrial,terrestrial
P04098,6871,Alpha/beta-scorpion toxin family,36,fragment,Venom,,,,,,,,,,,both,36,36,Buthus occitanus tunetanus,Arthropoda,Arachnida,Scorpiones,Buthidae,Buthus,Buthus occitanus,terrestrial,terrestrial
Q7Z1K4,29941,Alpha/beta-scorpion toxin family,72,fragment,,,Amidation,Disulfide bond:4; Amidation:1,Yes,,,,,,,both,68,65,Centruroides limpidus limpidus,Arthropoda,Arachnida,Scorpiones,Buthidae,Centruroides,Centruroides limpidus,terrestrial,terrestrial
Q9TWL0,6878,Alpha/beta-scorpion toxin family,62,fragment,Venom,,,Disulfide bond:3,,,,,,,,both,62,62,Centruroides noxius,Arthropoda,Arachnida,Scorpiones,Buthidae,Centruroides,Centruroides noxius,terrestrial,terrestrial
Q95WD1,218467,Alpha/beta-scorpion toxin family,85,,Venom gland,,Amidation,Disulfide bond:4; Amidation:1,Yes,,,,,,,both,66,63,Centruroides sculpturatus,Arthropoda,Arachnida,Scorpiones,Buthidae,Centruroides,Centruroides sculpturatus,terrestrial,terrestrial
P55966,6884,Short scorpion toxin family,38,,Venom,,,Disulfide bond:4,,,,,,,,both,38,38,Leiurus hebraeus,Arthropoda,Arachnida,Scorpiones,Buthidae,Leiurus,Leiurus hebraeus,terrestrial,terrestrial
P54135,34649,Alpha/beta-scorpion toxin family,64,,,LD(50) is 10 mg/kg by intravenous injection into mice.,,Disulfide bond:4,,,,,,,,both,64,64,Olivierus martensii,Arthropoda,Arachnida,Scorpiones,Buthidae,Olivierus,Olivierus martensii,terrestrial,terrestrial
P09981,34648,Alpha/beta-scorpion toxin family,66,,Venom,,,Disulfide bond:4,,,,,,,,both,66,66,Mesobuthus eupeus,Arthropoda,Arachnida,Scorpiones,Buthidae,Mesobuthus,Mesobuthus eupeus,terrestrial,terrestrial
P04099,6871,Alpha/beta-scorpion toxin family,33,fragment,Venom,,,,,,,,,,,both,33,33,Buthus occitanus tunetanus,Arthropoda,Arachnida,Scorpiones,Buthidae,Buthus,Buthus occitanus,terrestrial,terrestrial
Q8WRY4,29941,Alpha/beta-scorpion toxin family,84,,Venom gland,,Cleavage on pair of basic residues,Disulfide bond:4,Yes,,,,,,,both,65,63,Centruroides limpidus limpidus,Arthropoda,Arachnida,Scorpiones,Buthidae,Centruroides,Centruroides limpidus,terrestrial,terrestrial
P60265,6878,Alpha/beta-scorpion toxin family,14,fragment,Venom,,,,,,,,,,,both,14,14,Centruroides noxius,Arthropoda,Arachnida,Scorpiones,Buthidae,Centruroides,Centruroides noxius,terrestrial,terrestrial
Q95WC9,218467,Alpha/beta-scorpion toxin family,84,,Venom gland,,,Disulfide bond:4,Yes,,,,,,,both,65,65,Centruroides sculpturatus,Arthropoda,Arachnida,Scorpiones,Buthidae,Centruroides,Centruroides sculpturatus,terrestrial,terrestrial
P45698,34649,Alpha/beta-scorpion toxin family,79,,Venom gland,,,Disulfide bond:4,Yes,Yes,,,,,,both,65,64,Olivierus martensii,Arthropoda,Arachnida,Scorpiones,Buthidae,Olivierus,Olivierus martensii,terrestrial,terrestrial
Q9BLM4,6858,Alpha/beta-scorpion toxin family,85,,,,Amidation,Disulfide bond:4; Amidation:1,Yes,,,,,,,both,66,64,Androctonus australis,Arthropoda,Arachnida,Scorpiones,Buthidae,Androctonus,Androctonus australis,terrestrial,terrestrial
P01490,34648,Alpha/beta-scorpion toxin family,65,,Venom,,,Disulfide bond:4,,,,,,,,both,65,65,Mesobuthus eupeus,Arthropoda,Arachnida,Scorpiones,Buthidae,Mesobuthus,Mesobuthus eupeus,terrestrial,terrestrial
P60255,6869,Alpha/beta-scorpion toxin family,66,,Single abdominal segment,,,Disulfide bond:4,,,,,,,,both,66,66,Buthus occitanus mardochei,Arthropoda,Arachnida,Scorpiones,Buthidae,Buthus,Buthus occitanus,terrestrial,terrestrial
Q94435,6878,Alpha/beta-scorpion toxin family,81,fragment,Venom; Venom gland,,,Disulfide bond:4,Yes,Yes,,,,,,both,68,67,Centruroides noxius,Arthropoda,Arachnida,Scorpiones,Buthidae,Centruroides,Centruroides noxius,terrestrial,terrestrial
P17728,6884,Alpha/beta-scorpion toxin family,85,,Venom; Venom gland,LD(50) is 250 ug/kg by subcutaneous injection to mice.,,Disulfide bond:4,Yes,,,,,,,both,66,66,Leiurus hebraeus,Arthropoda,Arachnida,Scorpiones,Buthidae,Leiurus,Leiurus hebraeus,terrestrial,terrestrial
O61705,34649,Alpha/beta-scorpion toxin family,84,,Venom gland,,,Disulfide bond:4,Yes,Yes,,,,,,both,65,64,Olivierus martensii,Arthropoda,Arachnida,Scorpiones,Buthidae,Olivierus,Olivierus martensii,terrestrial,terrestrial
Q9BLM3,6858,Alpha/beta-scorpion toxin family,83,,,,,Disulfide bond:4,Yes,,,,,,,both,65,65,Androctonus australis,Arthropoda,Arachnida,Scorpiones,Buthidae,Androctonus,Androctonus australis,terrestrial,terrestrial
P01486,6871,Alpha/beta-scorpion toxin family,65,,Venom,,,Disulfide bond:4,,,,,,,,both,65,65,Buthus occitanus tunetanus,Arthropoda,Arachnida,Scorpiones,Buthidae,Buthus,Buthus occitanus,terrestrial,terrestrial
P60256,6869,Alpha/beta-scorpion toxin family,66,,Single abdominal segment,,,Disulfide bond:4,,,,,,,,both,66,66,Buthus occitanus mardochei,Arthropoda,Arachnida,Scorpiones,Buthidae,Buthus,Buthus occitanus,terrestrial,terrestrial
P58296,6878,Alpha/beta-scorpion toxin family,63,,Venom,,,Disulfide bond:4,,,,,,,,both,63,63,Centruroides noxius,Arthropoda,Arachnida,Scorpiones,Buthidae,Centruroides,Centruroides noxius,terrestrial,terrestrial
Q9N682,34649,Alpha/beta-scorpion toxin family,84,,Venom gland,,,Disulfide bond:4,Yes,Yes,,,,,,both,65,64,Olivierus martensii,Arthropoda,Arachnida,Scorpiones,Buthidae,Olivierus,Olivierus martensii,terrestrial,terrestrial
Q9BLM0,6858,Alpha/beta-scorpion toxin family,72,,,,,Disulfide bond:3,Yes,Yes,,,,,,both,53,52,Androctonus australis,Arthropoda,Arachnida,Scorpiones,Buthidae,Androctonus,Androctonus australis,terrestrial,terrestrial
P60257,6869,Alpha/beta-scorpion toxin family,66,,Single abdominal segment,,,Disulfide bond:4,,,,,,,,both,66,66,Buthus occitanus mardochei,Arthropoda,Arachnida,Scorpiones,Buthidae,Buthus,Buthus occitanus,terrestrial,terrestrial
P60254,53957,Scorpion calcine family,33,,,LD(50) is 20 ug/mice by intracerebroventricular injection.,,Disulfide bond:3,,,,,,,,both,33,33,Scorpio palmatus,Arthropoda,Arachnida,Scorpiones,Scorpionidae,Scorpio,Scorpio palmatus,terrestrial,terrestrial
Q9BLM1,6858,Alpha/beta-scorpion toxin family,72,,,,,Disulfide bond:3,Yes,Yes,,,,,,both,53,52,Androctonus australis,Arthropoda,Arachnida,Scorpiones,Buthidae,Androctonus,Androctonus australis,terrestrial,terrestrial
P60258,6869,Alpha/beta-scorpion toxin family,70,,Single abdominal segment,,,Disulfide bond:4,,,,,,,,both,70,70,Buthus occitanus mardochei,Arthropoda,Arachnida,Scorpiones,Buthidae,Buthus,Buthus occitanus,terrestrial,terrestrial
Q9BLM2,6858,Alpha/beta-scorpion toxin family,72,,,,,Disulfide bond:3,Yes,,,,,,,both,53,52,Androctonus australis,Arthropoda,Arachnida,Scorpiones,Buthidae,Androctonus,Androctonus australis,terrestrial,terrestrial
P09982,34648,Alpha/beta-scorpion toxin family,66,,Venom,,,Disulfide bond:4,,,,,,,,both,66,66,Mesobuthus eupeus,Arthropoda,Arachnida,Scorpiones,Buthidae,Mesobuthus,Mesobuthus eupeus,terrestrial,terrestrial
Q17254,6871,Alpha/beta-scorpion toxin family,85,,Venom,,,Disulfide bond:4,Yes,,,,,,,both,67,67,Buthus occitanus tunetanus,Arthropoda,Arachnida,Scorpiones,Buthidae,Buthus,Buthus occitanus,terrestrial,terrestrial
P60259,6869,Alpha/beta-scorpion toxin family,66,,Single abdominal segment,,,Disulfide bond:3,,,,,,,,both,66,66,Buthus occitanus mardochei,Arthropoda,Arachnida,Scorpiones,Buthidae,Buthus,Buthus occitanus,terrestrial,terrestrial
P59896,6869,Alpha/beta-scorpion toxin family,66,,,,,Disulfide bond:4,,,,,,,,both,66,66,Buthus occitanus mardochei,Arthropoda,Arachnida,Scorpiones,Buthidae,Buthus,Buthus occitanus,terrestrial,terrestrial
P01491,218467,Alpha/beta-scorpion toxin family,86,,Venom gland,,Amidation,Disulfide bond:4; Amidation:1,Yes,,,,,,,both,67,64,Centruroides sculpturatus,Arthropoda,Arachnida,Scorpiones,Buthidae,Centruroides,Centruroides sculpturatus,terrestrial,terrestrial
P60275,50343,Alpha/beta-scorpion toxin family,63,,Venom,LD(50) is 80.0 ng/house fly.,,Disulfide bond:4,,,,,,,,both,63,63,Tityus bahiensis,Arthropoda,Arachnida,Scorpiones,Buthidae,Tityus,Tityus bahiensis,terrestrial,terrestrial
P60276,50343,Alpha/beta-scorpion toxin family,62,,Venom,LD(50) is 40.0 ng/house fly.,,Disulfide bond:4,,,,,,,,both,62,62,Tityus bahiensis,Arthropoda,Arachnida,Scorpiones,Buthidae,Tityus,Tityus bahiensis,terrestrial,terrestrial
P80950,6858,Alpha/beta-scorpion toxin family,66,,Venom,,,Disulfide bond:4,,,,,,,,venom_tissue,66,66,Androctonus australis,Arthropoda,Arachnida,Scorpiones,Buthidae,Androctonus,Androctonus australis,terrestrial,terrestrial
P45639,6885,Short scorpion toxin family,36,,Venom,,,Disulfide bond:4,,,,,,,,both,36,36,Leiurus quinquestriatus quinquestriatus,Arthropoda,Arachnida,Scorpiones,Buthidae,Leiurus,Leiurus quinquestriatus,terrestrial,terrestrial
P56646,218467,Alpha/beta-scorpion toxin family,65,,Venom,LD(50) is 87 mg/kg by subcutaneous injection in mouse.,,Disulfide bond:4,,,,,,,,both,65,65,Centruroides sculpturatus,Arthropoda,Arachnida,Scorpiones,Buthidae,Centruroides,Centruroides sculpturatus,terrestrial,terrestrial
P80719,53957,Short scorpion toxin family,34,,,LD(50) is 80 ng/mice by intracerebroventricular injection.,Amidation,Disulfide bond:4; Amidation:1,,,,,,,,both,34,34,Scorpio palmatus,Arthropoda,Arachnida,Scorpiones,Scorpionidae,Scorpio,Scorpio palmatus,terrestrial,terrestrial
P01498,6860,Short scorpion toxin family,35,,Venom,,,Disulfide bond:4,,,,,,,,both,35,35,Androctonus mauritanicus mauritanicus,Arthropoda,Arachnida,Scorpiones,Buthidae,Androctonus,Androctonus mauritanicus,terrestrial,terrestrial
P45667,29941,Alpha/beta-scorpion toxin family,66,,Venom,,Amidation,Disulfide bond:4; Amidation:1,,,,,,,,both,66,66,Centruroides limpidus limpidus,Arthropoda,Arachnida,Scorpiones,Buthidae,Centruroides,Centruroides limpidus,terrestrial,terrestrial
P60270,34648,Short scorpion toxin family,35,,Venom,,,Disulfide bond:4,,,,,,,,both,35,35,Mesobuthus eupeus,Arthropoda,Arachnida,Scorpiones,Buthidae,Mesobuthus,Mesobuthus eupeus,terrestrial,terrestrial
P46066,218467,Alpha/beta-scorpion toxin family,63,,Venom,,,Disulfide bond:4,,,,,,,,both,63,63,Centruroides sculpturatus,Arthropoda,Arachnida,Scorpiones,Buthidae,Centruroides,Centruroides sculpturatus,terrestrial,terrestrial
P46115,6887,Alpha/beta-scorpion toxin family,64,,Venom,,,Disulfide bond:4,,,,,,,,both,64,64,Tityus serrulatus,Arthropoda,Arachnida,Scorpiones,Buthidae,Tityus,Tityus serrulatus,terrestrial,terrestrial
P45664,6878,Alpha/beta-scorpion toxin family,87,,Venom,,,Disulfide bond:4,Yes,,,,,,,both,68,68,Centruroides noxius,Arthropoda,Arachnida,Scorpiones,Buthidae,Centruroides,Centruroides noxius,terrestrial,terrestrial
Q95WD3,218467,Alpha/beta-scorpion toxin family,86,,Venom gland,,Amidation,Disulfide bond:4; Amidation:1,Yes,,,,,,,both,67,64,Centruroides sculpturatus,Arthropoda,Arachnida,Scorpiones,Buthidae,Centruroides,Centruroides sculpturatus,terrestrial,terrestrial
P45665,6878,Alpha/beta-scorpion toxin family,86,,Venom gland,,Amidation,Disulfide bond:4; Amidation:1,Yes,,,,,,,both,67,65,Centruroides noxius,Arthropoda,Arachnida,Scorpiones,Buthidae,Centruroides,Centruroides noxius,terrestrial,terrestrial
Q86QV6,217897,Ergtoxin family,42,,Venom gland,,,Disulfide bond:4,,,,,,,,both,42,42,Centruroides elegans,Arthropoda,Arachnida,Scorpiones,Buthidae,Centruroides,Centruroides elegans,terrestrial,terrestrial
Q86QU1,6879,Ergtoxin family,42,,Venom gland,,,Disulfide bond:4,,,,,,,,both,42,42,Centruroides exilicauda,Arthropoda,Arachnida,Scorpiones,Buthidae,Centruroides,Centruroides exilicauda,terrestrial,terrestrial
Q86QV3,217898,Ergtoxin family,42,,Venom gland,,,Disulfide bond:4,,,,,,,,both,42,42,Centruroides gracilis,Arthropoda,Arachnida,Scorpiones,Buthidae,Centruroides,Centruroides gracilis,terrestrial,terrestrial
Q86QV0,29941,Ergtoxin family,42,,Venom gland,,,Disulfide bond:4,,,,,,,,both,42,42,Centruroides limpidus limpidus,Arthropoda,Arachnida,Scorpiones,Buthidae,Centruroides,Centruroides limpidus,terrestrial,terrestrial
Q86QT3,6878,Ergtoxin family,62,,Venom; Venom gland,,,Disulfide bond:4,Yes,,,,,,,both,42,42,Centruroides noxius,Arthropoda,Arachnida,Scorpiones,Buthidae,Centruroides,Centruroides noxius,terrestrial,terrestrial
Q86QU6,218467,Ergtoxin family,42,,Venom gland,,,Disulfide bond:4,,,,,,,,both,42,42,Centruroides sculpturatus,Arthropoda,Arachnida,Scorpiones,Buthidae,Centruroides,Centruroides sculpturatus,terrestrial,terrestrial
Q86QV5,217897,Ergtoxin family,43,,Venom gland,,,Disulfide bond:4,,,,,,,,both,43,43,Centruroides elegans,Arthropoda,Arachnida,Scorpiones,Buthidae,Centruroides,Centruroides elegans,terrestrial,terrestrial
Q86QU0,6879,Ergtoxin family,43,,Venom gland,,,Disulfide bond:4,,,,,,,,both,43,43,Centruroides exilicauda,Arthropoda,Arachnida,Scorpiones,Buthidae,Centruroides,Centruroides exilicauda,terrestrial,terrestrial
Q86QV2,217898,Ergtoxin family,42,,Venom gland,,,Disulfide bond:4,,,,,,,,both,42,42,Centruroides gracilis,Arthropoda,Arachnida,Scorpiones,Buthidae,Centruroides,Centruroides gracilis,terrestrial,terrestrial
Q86QU9,29941,Ergtoxin family,43,,Venom gland,,,Disulfide bond:4,,,,,,,,both,43,43,Centruroides limpidus limpidus,Arthropoda,Arachnida,Scorpiones,Buthidae,Centruroides,Centruroides limpidus,terrestrial,terrestrial
P59939,6878,Ergtoxin family,43,,Venom,,,Disulfide bond:4,,,,,,,,both,43,43,Centruroides noxius,Arthropoda,Arachnida,Scorpiones,Buthidae,Centruroides,Centruroides noxius,terrestrial,terrestrial
Q86QU5,218467,Ergtoxin family,43,,Venom gland,,,Disulfide bond:4,,,,,,,,both,43,43,Centruroides sculpturatus,Arthropoda,Arachnida,Scorpiones,Buthidae,Centruroides,Centruroides sculpturatus,terrestrial,terrestrial
Q86QV4,217897,Ergtoxin family,43,,Venom gland,,,Disulfide bond:4,,,,,,,,both,43,43,Centruroides elegans,Arthropoda,Arachnida,Scorpiones,Buthidae,Centruroides,Centruroides elegans,terrestrial,terrestrial
Q86QT9,6879,Ergtoxin family,43,,Venom gland,,,Disulfide bond:4,,,,,,,,both,43,43,Centruroides exilicauda,Arthropoda,Arachnida,Scorpiones,Buthidae,Centruroides,Centruroides exilicauda,terrestrial,terrestrial
Q86QV1,217898,Ergtoxin family,47,,Venom gland,,,Disulfide bond:4,,,,,,,,both,47,47,Centruroides gracilis,Arthropoda,Arachnida,Scorpiones,Buthidae,Centruroides,Centruroides gracilis,terrestrial,terrestrial
Q86QU8,29941,Ergtoxin family,43,,Venom gland,,,Disulfide bond:4,,,,,,,,both,43,43,Centruroides limpidus limpidus,Arthropoda,Arachnida,Scorpiones,Buthidae,Centruroides,Centruroides limpidus,terrestrial,terrestrial
Q86QV9,6878,Ergtoxin family,43,,Venom gland,,,Disulfide bond:4,,,,,,,,both,43,43,Centruroides noxius,Arthropoda,Arachnida,Scorpiones,Buthidae,Centruroides,Centruroides noxius,terrestrial,terrestrial
Q86QU4,218467,Ergtoxin family,43,,Venom gland,,,Disulfide bond:4,,,,,,,,both,43,43,Centruroides sculpturatus,Arthropoda,Arachnida,Scorpiones,Buthidae,Centruroides,Centruroides sculpturatus,terrestrial,terrestrial
Q86QT8,6879,Ergtoxin family,43,,Venom gland,,,Disulfide bond:4,,,,,,,,both,43,43,Centruroides exilicauda,Arthropoda,Arachnida,Scorpiones,Buthidae,Centruroides,Centruroides exilicauda,terrestrial,terrestrial
Q86QU7,29941,Ergtoxin family,43,,Venom gland,,,Disulfide bond:4,,,,,,,,both,43,43,Centruroides limpidus limpidus,Arthropoda,Arachnida,Scorpiones,Buthidae,Centruroides,Centruroides limpidus,terrestrial,terrestrial
Q86QV8,6878,Ergtoxin family,43,,Venom gland,,,Disulfide bond:4,,,,,,,,both,43,43,Centruroides noxius,Arthropoda,Arachnida,Scorpiones,Buthidae,Centruroides,Centruroides noxius,terrestrial,terrestrial
Q86QU3,218467,Ergtoxin family,43,,Venom gland,,,Disulfide bond:4,,,,,,,,both,43,43,Centruroides sculpturatus,Arthropoda,Arachnida,Scorpiones,Buthidae,Centruroides,Centruroides sculpturatus,terrestrial,terrestrial
Q86QV7,6878,Ergtoxin family,43,,Venom gland,,,Disulfide bond:4,,,,,,,,both,43,43,Centruroides noxius,Arthropoda,Arachnida,Scorpiones,Buthidae,Centruroides,Centruroides noxius,terrestrial,terrestrial
Q86QU2,218467,Ergtoxin family,47,,Venom gland,,,Disulfide bond:4,,,,,,,,both,47,47,Centruroides sculpturatus,Arthropoda,Arachnida,Scorpiones,Buthidae,Centruroides,Centruroides sculpturatus,terrestrial,terrestrial
Q9BKB7,34648,Short scorpion toxin family,57,,Venom; Venom gland,,,Disulfide bond:3,Yes,,,,,,,both,36,36,Mesobuthus eupeus,Arthropoda,Arachnida,Scorpiones,Buthidae,Mesobuthus,Mesobuthus eupeus,terrestrial,terrestrial
P59940,218467,Ergtoxin family,43,,Venom,,,Disulfide bond:4,,,,,,,,both,43,43,Centruroides sculpturatus,Arthropoda,Arachnida,Scorpiones,Buthidae,Centruroides,Centruroides sculpturatus,terrestrial,terrestrial
P61095,31925,Spider toxin SFI family,46,,Venom; Venom gland,LD(50) is 10 mg/kg on H.virescens larvae.,,,,,,,,,,both,46,46,Segestria florentina,Arthropoda,Arachnida,Araneae,Segestriidae,Segestria,Segestria florentina,terrestrial,terrestrial
P61096,31925,Spider toxin SFI family,46,,Venom; Venom gland,LD(50) is 7 mg/kg on H.virescens larvae.,,,,,,,,,,both,46,46,Segestria florentina,Arthropoda,Arachnida,Araneae,Segestriidae,Segestria,Segestria florentina,terrestrial,terrestrial
P61097,31925,Spider toxin SFI family,46,,Venom gland,,,,,,,,,,,both,46,46,Segestria florentina,Arthropoda,Arachnida,Araneae,Segestriidae,Segestria,Segestria florentina,terrestrial,terrestrial
P61098,31925,Spider toxin SFI family,46,,Venom gland,,,,,,,,,,,both,46,46,Segestria florentina,Arthropoda,Arachnida,Araneae,Segestriidae,Segestria,Segestria florentina,terrestrial,terrestrial
P61099,31925,Spider toxin SFI family,46,,Venom gland,,,,,,,,,,,both,46,46,Segestria florentina,Arthropoda,Arachnida,Araneae,Segestriidae,Segestria,Segestria florentina,terrestrial,terrestrial
P61100,31925,Spider toxin SFI family,46,,Venom gland,,,,,,,,,,,both,46,46,Segestria florentina,Arthropoda,Arachnida,Araneae,Segestriidae,Segestria,Segestria florentina,terrestrial,terrestrial
P61101,31925,Spider toxin SFI family,46,,Venom gland,,,,,,,,,,,both,46,46,Segestria florentina,Arthropoda,Arachnida,Araneae,Segestriidae,Segestria,Segestria florentina,terrestrial,terrestrial
P61102,31925,Spider toxin SFI family,46,,Venom gland,,,,,,,,,,,both,46,46,Segestria florentina,Arthropoda,Arachnida,Araneae,Segestriidae,Segestria,Segestria florentina,terrestrial,terrestrial
P61094,31925,Spider toxin SFI family,18,fragment,Venom,LD(50) is 4 mg/kg on H.virescens larvae.,,,,,,,,,,both,18,18,Segestria florentina,Arthropoda,Arachnida,Araneae,Segestriidae,Segestria,Segestria florentina,terrestrial,terrestrial
P61504,31925,Spider toxin SFI family,35,,Venom,,,,,,,,,,,both,35,35,Segestria florentina,Arthropoda,Arachnida,Araneae,Segestriidae,Segestria,Segestria florentina,terrestrial,terrestrial
P68721,6884,Alpha/beta-scorpion toxin family,88,,,,,Disulfide bond:4,Yes,,,,,,,both,70,70,Leiurus hebraeus,Arthropoda,Arachnida,Scorpiones,Buthidae,Leiurus,Leiurus hebraeus,terrestrial,terrestrial
P68722,6884,Alpha/beta-scorpion toxin family,88,,,,,Disulfide bond:4,Yes,,,,,,,both,70,70,Leiurus hebraeus,Arthropoda,Arachnida,Scorpiones,Buthidae,Leiurus,Leiurus hebraeus,terrestrial,terrestrial
P68723,6884,Alpha/beta-scorpion toxin family,88,,,,,Disulfide bond:4,Yes,,,,,,,both,70,70,Leiurus hebraeus,Arthropoda,Arachnida,Scorpiones,Buthidae,Leiurus,Leiurus hebraeus,terrestrial,terrestrial
P68724,6884,Alpha/beta-scorpion toxin family,88,,,,,Disulfide bond:4,Yes,,,,,,,both,70,70,Leiurus hebraeus,Arthropoda,Arachnida,Scorpiones,Buthidae,Leiurus,Leiurus hebraeus,terrestrial,terrestrial
P01497,6858,Alpha/beta-scorpion toxin family,88,,Venom,,,Disulfide bond:4,Yes,,,,,,,both,70,70,Androctonus australis,Arthropoda,Arachnida,Scorpiones,Buthidae,Androctonus,Androctonus australis,terrestrial,terrestrial
P55902,6871,Alpha/beta-scorpion toxin family,65,,Venom,LD(50) is 50 ug/kg in mouse by intracerebroventricular injection and 600 ng/g in Blatella germanica.,,Disulfide bond:4,,,,,,,,both,65,65,Buthus occitanus tunetanus,Arthropoda,Arachnida,Scorpiones,Buthidae,Buthus,Buthus occitanus,terrestrial,terrestrial
P82811,42519,Alpha/beta-scorpion toxin family,61,,Venom,,,Disulfide bond:4,,,,,,,,both,61,61,Hottentotta tamulus,Arthropoda,Arachnida,Scorpiones,Buthidae,Hottentotta,Hottentotta tamulus,terrestrial,terrestrial
P19856,6885,Alpha/beta-scorpion toxin family,70,,Venom,,,Disulfide bond:4,,,,,,,,both,70,70,Leiurus quinquestriatus quinquestriatus,Arthropoda,Arachnida,Scorpiones,Buthidae,Leiurus,Leiurus quinquestriatus,terrestrial,terrestrial
O61668,34649,Alpha/beta-scorpion toxin family,88,,Venom; Venom gland,PD(50) is 0.18 ng/mg of gryllus bimaculatus crickets.,Amidation,Disulfide bond:4; Amidation:1,Yes,,,,,,,both,70,69,Olivierus martensii,Arthropoda,Arachnida,Scorpiones,Buthidae,Olivierus,Olivierus martensii,terrestrial,terrestrial
P15147,6858,Alpha/beta-scorpion toxin family,88,,,,,Disulfide bond:4,Yes,,,,,,,both,70,70,Androctonus australis,Arthropoda,Arachnida,Scorpiones,Buthidae,Androctonus,Androctonus australis,terrestrial,terrestrial
P80962,70335,Alpha/beta-scorpion toxin family,61,,Venom,,,Disulfide bond:4,,,,,,,,both,61,61,Buthacus arenicola,Arthropoda,Arachnida,Scorpiones,Buthidae,Buthacus,Buthacus arenicola,terrestrial,terrestrial
P24336,6863,Alpha/beta-scorpion toxin family,85,,Venom,,,Disulfide bond:4,Yes,Yes,,,,,,both,64,61,Hottentotta judaicus,Arthropoda,Arachnida,Scorpiones,Buthidae,Hottentotta,Hottentotta judaicus,terrestrial,terrestrial
P59863,6871,Alpha/beta-scorpion toxin family,60,,Venom,,,Disulfide bond:4,,,,,,,,both,60,60,Buthus occitanus tunetanus,Arthropoda,Arachnida,Scorpiones,Buthidae,Buthus,Buthus occitanus,terrestrial,terrestrial
P82812,42519,Alpha/beta-scorpion toxin family,61,,Venom,,,Disulfide bond:4,,,,,,,,both,61,61,Hottentotta tamulus,Arthropoda,Arachnida,Scorpiones,Buthidae,Hottentotta,Hottentotta tamulus,terrestrial,terrestrial
Q26292,6884,Alpha/beta-scorpion toxin family,85,,Venom,,Amidation,Disulfide bond:4; Amidation:1,Yes,,,,,,,both,64,61,Leiurus hebraeus,Arthropoda,Arachnida,Scorpiones,Buthidae,Leiurus,Leiurus hebraeus,terrestrial,terrestrial
P19855,6885,Alpha/beta-scorpion toxin family,82,,Venom,,,Disulfide bond:4,Yes,,,,,,,both,61,61,Leiurus quinquestriatus quinquestriatus,Arthropoda,Arachnida,Scorpiones,Buthidae,Leiurus,Leiurus quinquestriatus,terrestrial,terrestrial
P68727,34649,Alpha/beta-scorpion toxin family,61,,,,Amidation,Disulfide bond:4; Amidation:1,,,,,,,,both,61,61,Olivierus martensii,Arthropoda,Arachnida,Scorpiones,Buthidae,Olivierus,Olivierus martensii,terrestrial,terrestrial
P82813,42519,Alpha/beta-scorpion toxin family,61,,Venom,,,Disulfide bond:4,,,,,,,,both,61,61,Hottentotta tamulus,Arthropoda,Arachnida,Scorpiones,Buthidae,Hottentotta,Hottentotta tamulus,terrestrial,terrestrial
Q17231,34649,Alpha/beta-scorpion toxin family,64,fragment,Venom gland,,Amidation,Disulfide bond:4,,Yes,,,,,,both,64,61,Olivierus martensii,Arthropoda,Arachnida,Scorpiones,Buthidae,Olivierus,Olivierus martensii,terrestrial,terrestrial
P21150,6858,Alpha/beta-scorpion toxin family,65,,Venom,,,Disulfide bond:4,,,,,,,,both,65,65,Androctonus australis,Arthropoda,Arachnida,Scorpiones,Buthidae,Androctonus,Androctonus australis,terrestrial,terrestrial
P55903,6871,Alpha/beta-scorpion toxin family,61,,Venom,LD(50) is 1.1 ug/g in Blatella germanica.,Amidation,Disulfide bond:4; Amidation:1,,,,,,,,both,61,61,Buthus occitanus tunetanus,Arthropoda,Arachnida,Scorpiones,Buthidae,Buthus,Buthus occitanus,terrestrial,terrestrial
P82814,42519,Alpha/beta-scorpion toxin family,62,,Venom,,,Disulfide bond:4,,,,,,,,both,62,62,Hottentotta tamulus,Arthropoda,Arachnida,Scorpiones,Buthidae,Hottentotta,Hottentotta tamulus,terrestrial,terrestrial
Q17230,34649,Alpha/beta-scorpion toxin family,64,fragment,Venom gland,,Amidation,Disulfide bond:4,,Yes,,,,,,both,64,61,Olivierus martensii,Arthropoda,Arachnida,Scorpiones,Buthidae,Olivierus,Olivierus martensii,terrestrial,terrestrial
P81504,6858,Alpha/beta-scorpion toxin family,61,,Venom,,,Disulfide bond:4,,,,,,,,both,61,61,Androctonus australis,Arthropoda,Arachnida,Scorpiones,Buthidae,Androctonus,Androctonus australis,terrestrial,terrestrial
P55904,6871,Alpha/beta-scorpion toxin family,61,,Venom,LD(50) is 1.1 ug/g in Blatella germanica.,Amidation,Disulfide bond:4; Amidation:1,,,,,,,,both,61,61,Buthus occitanus tunetanus,Arthropoda,Arachnida,Scorpiones,Buthidae,Buthus,Buthus occitanus,terrestrial,terrestrial
P81240,6884,Alpha/beta-scorpion toxin family,61,,Venom,,,Disulfide bond:4,,,,,,,,both,61,61,Leiurus hebraeus,Arthropoda,Arachnida,Scorpiones,Buthidae,Leiurus,Leiurus hebraeus,terrestrial,terrestrial
P59864,6871,Alpha/beta-scorpion toxin family,62,,Venom,LD(50) is 0.1 mg/kg in Blatella germanica.,,Disulfide bond:4,,,,,,,,both,62,62,Buthus occitanus tunetanus,Arthropoda,Arachnida,Scorpiones,Buthidae,Buthus,Buthus occitanus,terrestrial,terrestrial
Q8T3T0,34649,Alpha/beta-scorpion toxin family,85,,,,Amidation,Disulfide bond:4; Amidation:1,Yes,,,,,,,both,64,61,Olivierus martensii,Arthropoda,Arachnida,Scorpiones,Buthidae,Olivierus,Olivierus martensii,terrestrial,terrestrial
Q9XY87,34649,Alpha/beta-scorpion toxin family,85,,Venom; Venom gland,,Amidation,Disulfide bond:4; Amidation:1,Yes,,,,,,,both,64,61,Olivierus martensii,Arthropoda,Arachnida,Scorpiones,Buthidae,Olivierus,Olivierus martensii,terrestrial,terrestrial
Q95WX6,34649,Alpha/beta-scorpion toxin family,85,,Venom; Venom gland,,Amidation,Disulfide bond:4; Amidation:1,Yes,,,,,,,both,64,61,Olivierus martensii,Arthropoda,Arachnida,Scorpiones,Buthidae,Olivierus,Olivierus martensii,terrestrial,terrestrial
Q9Y1U3,34649,Alpha/beta-scorpion toxin family,85,,,,,Disulfide bond:4,Yes,Yes,,,,,,kw_toxin,64,62,Olivierus martensii,Arthropoda,Arachnida,Scorpiones,Buthidae,Olivierus,Olivierus martensii,terrestrial,terrestrial
P56637,6863,Alpha/beta-scorpion toxin family,94,,Venom,Both variants Bjxtr-IT.38E and Bjxtr-IT.38K have an PD(50) of 9.6 ng/100 mg of body weight of blowfly larvae.,,Disulfide bond:4,Yes,,,,,,,both,76,76,Hottentotta judaicus,Arthropoda,Arachnida,Scorpiones,Buthidae,Hottentotta,Hottentotta judaicus,terrestrial,terrestrial
Q8I0K7,34649,Alpha/beta-scorpion toxin family,85,,,LD(50) is 0.8 mg/kg by intravenous injection into mice.,Amidation,Disulfide bond:4; Amidation:1,Yes,,,,,,,both,64,61,Olivierus martensii,Arthropoda,Arachnida,Scorpiones,Buthidae,Olivierus,Olivierus martensii,terrestrial,terrestrial
O76963,6892,Alpha/beta-scorpion toxin family,64,,Venom; Venom gland,,Amidation,Disulfide bond:4; Amidation:1,,,,,,,,both,64,61,Orthochirus scrobiculosus,Arthropoda,Arachnida,Scorpiones,Buthidae,Orthochirus,Orthochirus scrobiculosus,terrestrial,terrestrial
O77091,34649,Alpha/beta-scorpion toxin family,90,,Venom; Venom gland,PD(50) is 0.49 ng/mg in gryllus bimaculatus crickets.,,Disulfide bond:4,Yes,,,,,,,both,72,72,Olivierus martensii,Arthropoda,Arachnida,Scorpiones,Buthidae,Olivierus,Olivierus martensii,terrestrial,terrestrial
Q967F9,34649,Short scorpion toxin family,54,,Venom gland,,,,Yes,,,,,,,both,31,31,Olivierus martensii,Arthropoda,Arachnida,Scorpiones,Buthidae,Olivierus,Olivierus martensii,terrestrial,terrestrial
Q95NK7,34649,Short scorpion toxin family,54,,Venom gland,,,,Yes,,,,,,,both,31,31,Olivierus martensii,Arthropoda,Arachnida,Scorpiones,Buthidae,Olivierus,Olivierus martensii,terrestrial,terrestrial
Q9BJX2,34649,Short scorpion toxin family,54,,Venom gland,,,,Yes,,,,,,,both,31,31,Olivierus martensii,Arthropoda,Arachnida,Scorpiones,Buthidae,Olivierus,Olivierus martensii,terrestrial,terrestrial
Q95NJ8,34649,Short scorpion toxin family,55,,Venom; Venom gland,,Amidation; Pyrrolidone carboxylic acid,Amidation:1; Pyrrolidone carboxylic acid:1,Yes,,,,,,,both,32,30,Olivierus martensii,Arthropoda,Arachnida,Scorpiones,Buthidae,Olivierus,Olivierus martensii,terrestrial,terrestrial
Q9NJC6,34649,Long chain potassium channel inhibitor scorpion toxin family,90,,Venom gland,,,Disulfide bond:3,Yes,Yes,,,,,,both,68,61,Olivierus martensii,Arthropoda,Arachnida,Scorpiones,Buthidae,Olivierus,Olivierus martensii,terrestrial,terrestrial
Q9N661,34649,Long chain potassium channel inhibitor scorpion toxin family,91,,Venom gland,,,Disulfide bond:3,Yes,Yes,,,,,,both,72,64,Olivierus martensii,Arthropoda,Arachnida,Scorpiones,Buthidae,Olivierus,Olivierus martensii,terrestrial,terrestrial
P69939,6858,Long chain potassium channel inhibitor scorpion toxin family,91,,Venom gland,,,Disulfide bond:3,Yes,Yes,,,,,,both,72,64,Androctonus australis,Arthropoda,Arachnida,Scorpiones,Buthidae,Androctonus,Androctonus australis,terrestrial,terrestrial
P80669,6884,Scorpion toxin 6 family,28,,Venom,,,Disulfide bond:3,,,,,,,,both,28,28,Leiurus hebraeus,Arthropoda,Arachnida,Scorpiones,Buthidae,Leiurus,Leiurus hebraeus,terrestrial,terrestrial
P80670,6884,Scorpion toxin 6 family,29,,Venom,,,Disulfide bond:3,,,,,,,,both,29,29,Leiurus hebraeus,Arthropoda,Arachnida,Scorpiones,Buthidae,Leiurus,Leiurus hebraeus,terrestrial,terrestrial
P80671,6884,Scorpion toxin 6 family,29,,Venom,,,Disulfide bond:3,,,,,,,,both,29,29,Leiurus hebraeus,Arthropoda,Arachnida,Scorpiones,Buthidae,Leiurus,Leiurus hebraeus,terrestrial,terrestrial
P83045,58218,Spider sphingomyelinase family,302,fragment,Venom; Venom gland,,Zymogen,,Yes,Yes,,,,,,both,302,280,Loxosceles intermedia,Arthropoda,Arachnida,Araneae,Sicariidae,Loxosceles,Loxosceles intermedia,terrestrial,terrestrial
Q8I914,58217,Spider sphingomyelinase family,311,,Venom gland,,Zymogen,,Yes,Yes,,,,,,both,290,285,Loxosceles laeta,Arthropoda,Arachnida,Araneae,Sicariidae,Loxosceles,Loxosceles laeta,terrestrial,terrestrial
P83046,58218,Spider sphingomyelinase family,29,fragment,Venom,,,,,,,,,,,both,29,29,Loxosceles intermedia,Arthropoda,Arachnida,Araneae,Sicariidae,Loxosceles,Loxosceles intermedia,terrestrial,terrestrial
Q7Z1Y7,196454,Spider sphingomyelinase family,320,,Venom gland,,Zymogen,,Yes,Yes,,,,,,both,305,279,Loxosceles arizonica,Arthropoda,Arachnida,Araneae,Sicariidae,Loxosceles,Loxosceles arizonica,terrestrial,terrestrial
Q7M485,6921,Spider sphingomyelinase family,35,fragment,,,Zymogen,,,,,,,,,both,35,35,Loxosceles reclusa,Arthropoda,Arachnida,Araneae,Sicariidae,Loxosceles,Loxosceles reclusa,terrestrial,terrestrial
P13211,8600,Endothelin/sarafotoxin family,21,,Venom,LD(50) is 0.35 mg/kg by intravenous injection.,,Disulfide bond:2,,,,,,,,kw_toxin,21,21,Atractaspis andersonii,Chordata,Lepidosauria,Squamata,Lamprophiidae,Atractaspis,Atractaspis andersonii,terrestrial,terrestrial
P13208,8600,Endothelin/sarafotoxin family,543,,Liver; Venom,"LD(50) is 0.015 mg/kg by intravenous injection for sarafotoxin-A and sarafotoxin-B, and 0.3 mg/kg for sarafotoxin-C.",,Disulfide bond:24,Yes,Yes,,,,,,kw_toxin,520,252,Atractaspis andersonii,Chordata,Lepidosauria,Squamata,Lamprophiidae,Atractaspis,Atractaspis andersonii,terrestrial,terrestrial
Q98989,13279,SNTX/VTX toxin family,702,,Venom; Venom gland,LD(50) of stonustoxin is 0.017 mg/kg by intravenous injection.,,,,,,,,,,both,702,702,Synanceia horrida,Chordata,Actinopteri,Perciformes,Synanceiidae,Synanceia,Synanceia horrida,marine,marine
Q91453,13279,SNTX/VTX toxin family,699,,Venom; Venom gland,LD(50) of stonustoxin is 0.017 mg/kg by intravenous injection.,,,,,,,,,,both,699,699,Synanceia horrida,Chordata,Actinopteri,Perciformes,Synanceiidae,Synanceia,Synanceia horrida,marine,marine
Q8MMH5,135724,,61,,Venom; Venom gland,,,,Yes,,,,,,,venom_tissue,41,41,Pimpla hypochondriaca,Arthropoda,Insecta,Hymenoptera,Ichneumonidae,Pimpla,Pimpla hypochondriaca,terrestrial,terrestrial
Q8MMH4,135724,,78,,Venom; Venom gland,,,,Yes,Yes,,,,,,venom_tissue,59,36,Pimpla hypochondriaca,Arthropoda,Insecta,Hymenoptera,Ichneumonidae,Pimpla,Pimpla hypochondriaca,terrestrial,terrestrial
P68725,6884,Alpha/beta-scorpion toxin family,83,,,,Amidation,Disulfide bond:4; Amidation:1,Yes,,,,,,,both,62,59,Leiurus hebraeus,Arthropoda,Arachnida,Scorpiones,Buthidae,Leiurus,Leiurus hebraeus,terrestrial,terrestrial
P68726,6884,Alpha/beta-scorpion toxin family,85,,,,Amidation,Disulfide bond:4; Amidation:1,Yes,,,,,,,both,64,61,Leiurus hebraeus,Arthropoda,Arachnida,Scorpiones,Buthidae,Leiurus,Leiurus hebraeus,terrestrial,terrestrial
P84011,6918,Spider toxin Tx3 family,58,,Venom,,,,,,,,,,,venom_tissue,58,58,Phoneutria nigriventer,Arthropoda,Arachnida,Araneae,Ctenidae,Phoneutria,Phoneutria nigriventer,terrestrial,terrestrial
P84018,6918,Spider neurotoxin 21C2 family,33,,Venom,,,,,,,,,,,both,33,33,Phoneutria nigriventer,Arthropoda,Arachnida,Araneae,Ctenidae,Phoneutria,Phoneutria nigriventer,terrestrial,terrestrial
P83608,230234,Delta atracotoxin family,42,,Venom,,,Disulfide bond:4,,,,,,,,both,42,42,Missulena bradleyi,Arthropoda,Arachnida,Araneae,Actinopodidae,Missulena,Missulena bradleyi,terrestrial,terrestrial
P81885,6904,Delta-atracotoxin family,42,,Venom,,,Disulfide bond:4,,,,,,,,both,42,42,Hadronyche versuta,Arthropoda,Arachnida,Araneae,Hexathelidae,Hadronyche,Hadronyche versuta,terrestrial,terrestrial
P30833,6105,Sea anemone tenebrosin family,20,fragment,,,,,,,,,,,,kw_toxin,20,20,Actinia tenebrosa,Cnidaria,Anthozoa,Actiniaria,Actiniidae,Actinia,Actinia tenebrosa,marine,marine
P30834,6105,Sea anemone tenebrosin family,20,fragment,,,,,,,,,,,,kw_toxin,20,20,Actinia tenebrosa,Cnidaria,Anthozoa,Actiniaria,Actiniidae,Actinia,Actinia tenebrosa,marine,marine
P56587,7460,,21,,Venom,,Amidation,Disulfide bond:2; Amidation:1,,,,,,,,kw_toxin,21,21,Apis mellifera,Arthropoda,Insecta,Hymenoptera,Apidae,Apis,Apis mellifera,terrestrial,terrestrial
P82885,8649,Contains 1 B30,108,,Venom,,,,,,,,,,,venom_tissue,108,108,Naja kaouthia,Chordata,Lepidosauria,Squamata,Elapidae,Naja,Naja kaouthia,terrestrial,terrestrial
P81946,8618,Snake toxin family,59,,Venom,,,Disulfide bond:4,,,,,,,,both,59,59,Dendroaspis angusticeps,Chordata,Lepidosauria,Squamata,Elapidae,Dendroaspis,Dendroaspis angusticeps,terrestrial,terrestrial
P82227,6904,Janus-atracotoxin family,36,,Venom,,,Disulfide bond:4,,,,,,,,both,36,36,Hadronyche versuta,Arthropoda,Arachnida,Araneae,Hexathelidae,Hadronyche,Hadronyche versuta,terrestrial,terrestrial
P82226,6904,Janus-atracotoxin family,36,,Venom,,,Disulfide bond:4,,,,,,,,both,36,36,Hadronyche versuta,Arthropoda,Arachnida,Araneae,Hexathelidae,Hadronyche,Hadronyche versuta,terrestrial,terrestrial
P82228,6904,Janus-atracotoxin family,37,,Venom,,,Disulfide bond:4,,,,,,,,both,37,37,Hadronyche versuta,Arthropoda,Arachnida,Araneae,Hexathelidae,Hadronyche,Hadronyche versuta,terrestrial,terrestrial
P81882,8724,Peptidase S1 family,19,fragment,Venom gland,,,,,,,,,,,venom_tissue,19,19,Bothrops jararaca,Chordata,Lepidosauria,Squamata,Viperidae,Bothrops,Bothrops jararaca,terrestrial,terrestrial
P81883,8724,Peptidase S1 family,19,fragment,Venom gland,,,,,,,,,,,venom_tissue,19,19,Bothrops jararaca,Chordata,Lepidosauria,Squamata,Viperidae,Bothrops,Bothrops jararaca,terrestrial,terrestrial
P81884,8724,Peptidase S1 family,19,fragment,Venom gland,,,,,,,,,,,venom_tissue,19,19,Bothrops jararaca,Chordata,Lepidosauria,Squamata,Viperidae,Bothrops,Bothrops jararaca,terrestrial,terrestrial
Q9BN11,34647,Short scorpion toxin family,35,,,,,Disulfide bond:3,,,,,,,,both,35,35,Hottentotta tamulus,Arthropoda,Arachnida,Scorpiones,Buthidae,Hottentotta,Hottentotta tamulus,terrestrial,terrestrial
Q9BN12,34647,Short scorpion toxin family,35,,Venom; Venom gland,,,Disulfide bond:3,,,,,,,,both,35,35,Hottentotta tamulus,Arthropoda,Arachnida,Scorpiones,Buthidae,Hottentotta,Hottentotta tamulus,terrestrial,terrestrial
P15969,6908,Omega-agatoxin family,112,,Venom,,,,Yes,Yes,,,,,,both,93,69,Agelenopsis aperta,Arthropoda,Arachnida,Araneae,Agelenidae,Agelenopsis,Agelenopsis aperta,terrestrial,terrestrial
P15970,6908,Omega-agatoxin family,36,fragment,Venom,,,,,,,,,,,both,36,36,Agelenopsis aperta,Arthropoda,Arachnida,Araneae,Agelenidae,Agelenopsis,Agelenopsis aperta,terrestrial,terrestrial
P15971,6908,Omega-agatoxin family,28,fragment,Venom,,,,,,,,,,,both,28,28,Agelenopsis aperta,Arthropoda,Arachnida,Araneae,Agelenidae,Agelenopsis,Agelenopsis aperta,terrestrial,terrestrial
P33034,6908,Omega-agatoxin family,76,,Venom,,,,,,,,,,,both,76,76,Agelenopsis aperta,Arthropoda,Arachnida,Araneae,Agelenidae,Agelenopsis,Agelenopsis aperta,terrestrial,terrestrial
P81744,6908,Omega-agatoxin family,76,,Venom,,,,,,,,,,,both,76,76,Agelenopsis aperta,Arthropoda,Arachnida,Araneae,Agelenidae,Agelenopsis,Agelenopsis aperta,terrestrial,terrestrial
P81745,6908,Omega-agatoxin family,43,fragment,Venom,,,,,,,,,,,both,43,43,Agelenopsis aperta,Arthropoda,Arachnida,Araneae,Agelenidae,Agelenopsis,Agelenopsis aperta,terrestrial,terrestrial
P81746,6908,Omega-agatoxin family,37,fragment,Venom,,,,,,,,,,,both,37,37,Agelenopsis aperta,Arthropoda,Arachnida,Araneae,Agelenidae,Agelenopsis,Agelenopsis aperta,terrestrial,terrestrial
P30288,6908,Omega-agatoxin family,48,,Venom,,,Disulfide bond:4,,,,,,,,both,48,48,Agelenopsis aperta,Arthropoda,Arachnida,Araneae,Agelenidae,Agelenopsis,Agelenopsis aperta,terrestrial,terrestrial
P37045,6908,Omega-agatoxin family,83,,Venom,,D-amino acid,Disulfide bond:4; Other:1,Yes,Yes,,,,,,both,63,48,Agelenopsis aperta,Arthropoda,Arachnida,Araneae,Agelenidae,Agelenopsis,Agelenopsis aperta,terrestrial,terrestrial
P83588,230234,Omega-atracotoxin type 1 family,39,,Venom,,,,,,GO:0006952 (defense response); GO:0009405 (pathogenesis); GO:0005576 (extracellular region); GO:0019855 (calcium channel inhibitor activity),GO:0006952 (defense response); GO:0009405 (pathogenesis),GO:0005576 (extracellular region),GO:0019855 (calcium channel inhibitor activity),,both,39,39,Missulena bradleyi,Arthropoda,Arachnida,Araneae,Actinopodidae,Missulena,Missulena bradleyi,terrestrial,terrestrial
P83247,184771,,48,,Venom,,,,,,GO:0019835 (cytolysis); GO:0019836 (hemolysis); GO:0006805 (xenobiotic metabolism); GO:0005576 (extracellular region),GO:0019835 (cytolysis); GO:0019836 (hemolysis); GO:0006805 (xenobiotic metabolism),GO:0005576 (extracellular region),,,both,48,48,Oxyopes takobius,Arthropoda,Arachnida,Araneae,Oxyopidae,Oxyopes,Oxyopes takobius,terrestrial,terrestrial
P83248,184771,Oxyopinin-2 family,37,,Venom,,,,,,GO:0019835 (cytolysis); GO:0019836 (hemolysis); GO:0006805 (xenobiotic metabolism); GO:0005576 (extracellular region),GO:0019835 (cytolysis); GO:0019836 (hemolysis); GO:0006805 (xenobiotic metabolism),GO:0005576 (extracellular region),,,both,37,37,Oxyopes takobius,Arthropoda,Arachnida,Araneae,Oxyopidae,Oxyopes,Oxyopes takobius,terrestrial,terrestrial
P81790,6918,Omega-agatoxin family,76,,Venom,,Amidation,Amidation:1,,,,,,,,both,76,76,Phoneutria nigriventer,Arthropoda,Arachnida,Araneae,Ctenidae,Phoneutria,Phoneutria nigriventer,terrestrial,terrestrial
P83249,184771,Oxyopinin-2 family,37,,Venom,,,,,,GO:0019835 (cytolysis); GO:0019836 (hemolysis); GO:0006805 (xenobiotic metabolism); GO:0005576 (extracellular region),GO:0019835 (cytolysis); GO:0019836 (hemolysis); GO:0006805 (xenobiotic metabolism),GO:0005576 (extracellular region),,,both,37,37,Oxyopes takobius,Arthropoda,Arachnida,Araneae,Oxyopidae,Oxyopes,Oxyopes takobius,terrestrial,terrestrial
P83250,184771,Oxyopinin-2 family,37,,Venom,,,,,,GO:0019836 (hemolysis); GO:0006805 (xenobiotic metabolism); GO:0005576 (extracellular region),GO:0019836 (hemolysis); GO:0006805 (xenobiotic metabolism),GO:0005576 (extracellular region),,,both,37,37,Oxyopes takobius,Arthropoda,Arachnida,Araneae,Oxyopidae,Oxyopes,Oxyopes takobius,terrestrial,terrestrial
P83251,184771,Oxyopinin-2 family,37,,Venom,,,,,,GO:0019836 (hemolysis); GO:0006805 (xenobiotic metabolism); GO:0005576 (extracellular region),GO:0019836 (hemolysis); GO:0006805 (xenobiotic metabolism),GO:0005576 (extracellular region),,,both,37,37,Oxyopes takobius,Arthropoda,Arachnida,Araneae,Oxyopidae,Oxyopes,Oxyopes takobius,terrestrial,terrestrial
P84093,6918,Omega-agatoxin family,80,fragment,Venom gland,,,,,,,,,,,both,80,80,Phoneutria nigriventer,Arthropoda,Arachnida,Araneae,Ctenidae,Phoneutria,Phoneutria nigriventer,terrestrial,terrestrial
P83580,6903,Omega-atracotoxin type 1 family,37,,Venom,,,Disulfide bond:3,,,GO:0006952 (defense response); GO:0009405 (pathogenesis); GO:0005576 (extracellular region); GO:0019855 (calcium channel inhibitor activity),GO:0006952 (defense response); GO:0009405 (pathogenesis),GO:0005576 (extracellular region),GO:0019855 (calcium channel inhibitor activity),,both,37,37,Atrax robustus,Arthropoda,Arachnida,Araneae,Hexathelidae,Atrax,Atrax robustus,terrestrial,terrestrial
P56207,6904,Omega-atracotoxin type 1 family,37,,Venom,,,Disulfide bond:3,,,,,,,,both,37,37,Hadronyche versuta,Arthropoda,Arachnida,Araneae,Hexathelidae,Hadronyche,Hadronyche versuta,terrestrial,terrestrial
P81595,6904,Omega-atracotoxin type 1 family,37,,Venom,,,Disulfide bond:3,,,,,,,,both,37,37,Hadronyche versuta,Arthropoda,Arachnida,Araneae,Hexathelidae,Hadronyche,Hadronyche versuta,terrestrial,terrestrial
P81596,6904,Omega-atracotoxin type 1 family,37,,Venom,,,Disulfide bond:3,,,,,,,,both,37,37,Hadronyche versuta,Arthropoda,Arachnida,Araneae,Hexathelidae,Hadronyche,Hadronyche versuta,terrestrial,terrestrial
P81597,6904,Omega-atracotoxin type 1 family,37,,Venom,,,Disulfide bond:3,,,,,,,,both,37,37,Hadronyche versuta,Arthropoda,Arachnida,Araneae,Hexathelidae,Hadronyche,Hadronyche versuta,terrestrial,terrestrial
P81598,6904,Omega-atracotoxin type 1 family,37,,Venom,,,Disulfide bond:3,,,,,,,,both,37,37,Hadronyche versuta,Arthropoda,Arachnida,Araneae,Hexathelidae,Hadronyche,Hadronyche versuta,terrestrial,terrestrial
P81599,6904,Omega-atracotoxin type 1 family,37,,Venom,,,Disulfide bond:3,,,,,,,,both,37,37,Hadronyche versuta,Arthropoda,Arachnida,Araneae,Hexathelidae,Hadronyche,Hadronyche versuta,terrestrial,terrestrial
Q9BJV8,153482,Omega-atracotoxin type 2 family,100,,Venom gland,,,,Yes,Yes,,,,,,both,77,45,Atrax sp. Illawarra,Arthropoda,Arachnida,Araneae,Hexathelidae,Atrax,Atrax sp. Illawarra,terrestrial,terrestrial
Q9BJV9,153481,Omega-atracotoxin type 2 family,102,,Venom gland,,Amidation,Disulfide bond:3; Amidation:1,Yes,Yes,,,,,,both,79,42,Hadronyche infensa,Arthropoda,Arachnida,Araneae,Hexathelidae,Hadronyche,Hadronyche infensa,terrestrial,terrestrial
P82852,6904,Omega-atracotoxin type 2 family,45,,Venom,,,Disulfide bond:3,,,,,,,,both,45,45,Hadronyche versuta,Arthropoda,Arachnida,Araneae,Hexathelidae,Hadronyche,Hadronyche versuta,terrestrial,terrestrial
Q9BJV7,153482,Omega-atracotoxin type 2 family,100,,Venom gland,,,,Yes,Yes,,,,,,both,77,45,Atrax sp. Illawarra,Arthropoda,Arachnida,Araneae,Hexathelidae,Atrax,Atrax sp. Illawarra,terrestrial,terrestrial
Q9BJW0,153481,Omega-atracotoxin type 2 family,102,,Venom gland,,Amidation,Disulfide bond:3; Amidation:1,Yes,Yes,,,,,,both,79,42,Hadronyche infensa,Arthropoda,Arachnida,Araneae,Hexathelidae,Hadronyche,Hadronyche infensa,terrestrial,terrestrial
P83288,184771,,69,,Venom,LD(50) is 41.1 mg/kg by subcutaneous injection.,,,,,GO:0009405 (pathogenesis); GO:0005576 (extracellular region),GO:0009405 (pathogenesis),GO:0005576 (extracellular region),,,both,69,69,Oxyopes takobius,Arthropoda,Arachnida,Araneae,Oxyopidae,Oxyopes,Oxyopes takobius,terrestrial,terrestrial
P01407,8619,Snake toxin family,62,,Venom,,,,,,,,,,,both,62,62,Dendroaspis jamesoni kaimosae,Chordata,Lepidosauria,Squamata,Elapidae,Dendroaspis,Dendroaspis jamesoni,terrestrial,terrestrial
P01410,8618,Snake toxin family,62,,Venom,,,,,,,,,,,both,62,62,Dendroaspis angusticeps,Chordata,Lepidosauria,Squamata,Elapidae,Dendroaspis,Dendroaspis angusticeps,terrestrial,terrestrial
P01411,8618,Snake toxin family,62,,Venom,,,,,,,,,,,both,62,62,Dendroaspis angusticeps,Chordata,Lepidosauria,Squamata,Elapidae,Dendroaspis,Dendroaspis angusticeps,terrestrial,terrestrial
P01408,8618,Snake toxin family,63,,Venom,,,,,,,,,,,both,63,63,Dendroaspis angusticeps,Chordata,Lepidosauria,Squamata,Elapidae,Dendroaspis,Dendroaspis angusticeps,terrestrial,terrestrial
P01409,8618,Snake toxin family,63,,Venom,,,,,,,,,,,both,63,63,Dendroaspis angusticeps,Chordata,Lepidosauria,Squamata,Elapidae,Dendroaspis,Dendroaspis angusticeps,terrestrial,terrestrial
P25518,8620,Snake toxin family,65,,Venom,LD(50) is 56 mg/kg by intravenous injection.,,Disulfide bond:4,,,,,,,,both,65,65,Dendraspis polylepis polylepis,Chordata,Lepidosauria,Squamata,Elapidae,Dendroaspis,Dendroaspis polylepis,terrestrial,terrestrial
P17696,8618,Snake toxin family,86,,Venom gland,,,,Yes,,,,,,,both,65,65,Dendroaspis angusticeps,Chordata,Lepidosauria,Squamata,Elapidae,Dendroaspis,Dendroaspis angusticeps,terrestrial,terrestrial
P81803,6904,,68,,Venom,,,,,,,,,,,venom_tissue,68,68,Hadronyche versuta,Arthropoda,Arachnida,Araneae,Hexathelidae,Hadronyche,Hadronyche versuta,terrestrial,terrestrial
P45669,6887,Alpha/beta-scorpion toxin family,62,,Venom,,Amidation,Disulfide bond:4; Amidation:1,,,,,,,,venom_tissue,62,62,Tityus serrulatus,Arthropoda,Arachnida,Scorpiones,Buthidae,Tityus,Tityus serrulatus,terrestrial,terrestrial
Q802B2,33626,Snake toxin family,86,,Venom gland,,,Disulfide bond:5,Yes,,,,,,,both,65,65,Naja sputatrix,Chordata,Lepidosauria,Squamata,Elapidae,Naja,Naja sputatrix,terrestrial,terrestrial
P25684,8618,Snake toxin family,60,,Venom,LD(50) is 23 +/- 3 mg/kg by intravenous injection.,,Disulfide bond:4,,,,,,,,both,60,60,Dendroaspis angusticeps,Chordata,Lepidosauria,Squamata,Elapidae,Dendroaspis,Dendroaspis angusticeps,terrestrial,terrestrial
P83919,6928,Spider toxin CSTX family,34,,Venom,LD(50) in Drosophila is 16.3 pmol/mg.,,Disulfide bond:4,,,,,,,,both,34,34,Cupiennius salei,Arthropoda,Arachnida,Araneae,Ctenidae,Cupiennius,Cupiennius salei,terrestrial,terrestrial
P83920,6928,,29,,Venom,LD(50) in Drosophila is 16.3 pmol/mg.,,Disulfide bond:2,,,,,,,,both,29,29,Cupiennius salei,Arthropoda,Arachnida,Araneae,Ctenidae,Cupiennius,Cupiennius salei,terrestrial,terrestrial
P60979,268415,,74,,Venom,,,,,,,,,,,kw_toxin,74,74,Kukulcania hibernalis,Arthropoda,Arachnida,Araneae,Filistatidae,Kukulcania,Kukulcania hibernalis,terrestrial,terrestrial
P83894,6918,Spider neurotoxin 21C2 family,32,,Venom,,,,,,,,,,,both,32,32,Phoneutria nigriventer,Arthropoda,Arachnida,Araneae,Ctenidae,Phoneutria,Phoneutria nigriventer,terrestrial,terrestrial
P83997,6918,,68,,Venom,,Pyrrolidone carboxylic acid,Pyrrolidone carboxylic acid:1,,,,,,,,venom_tissue,68,68,Phoneutria nigriventer,Arthropoda,Arachnida,Araneae,Ctenidae,Phoneutria,Phoneutria nigriventer,terrestrial,terrestrial
P83893,272752,,64,,Venom,,,,,,,,,,,venom_tissue,64,64,Phoneutria reidyi,Arthropoda,Arachnida,Araneae,Ctenidae,Phoneutria,Phoneutria reidyi,terrestrial,terrestrial
P84016,272752,Spider neurotoxin 21C2 family,32,,Venom,,,,,,,,,,,venom_tissue,32,32,Phoneutria reidyi,Arthropoda,Arachnida,Araneae,Ctenidae,Phoneutria,Phoneutria reidyi,terrestrial,terrestrial
P83903,272752,Omega-agatoxin family,54,fragment,Venom,,,,,,,,,,,both,54,54,Phoneutria reidyi,Arthropoda,Arachnida,Araneae,Ctenidae,Phoneutria,Phoneutria reidyi,terrestrial,terrestrial
P83895,272754,Spider toxin Tx3 family,46,,Venom,,,,,,,,,,,both,46,46,Phoneutria keyserlingi,Arthropoda,Arachnida,Araneae,Ctenidae,Phoneutria,Phoneutria keyserlingi,terrestrial,terrestrial
P84062,272754,Spider toxin Tx1 family,78,fragment,Venom,,,,,,,,,,,both,78,78,Phoneutria keyserlingi,Arthropoda,Arachnida,Araneae,Ctenidae,Phoneutria,Phoneutria keyserlingi,terrestrial,terrestrial
P84063,272754,Spider toxin Tx1 family,78,fragment,Venom,,,,,,,,,,,both,78,78,Phoneutria keyserlingi,Arthropoda,Arachnida,Araneae,Ctenidae,Phoneutria,Phoneutria keyserlingi,terrestrial,terrestrial
P61509,29932,Huwentoxin-2 family,39,,Venom,,,Disulfide bond:3,,,,,,,,both,39,39,Aphonopelma sp.,Arthropoda,Arachnida,Araneae,Theraphosidae,Aphonopelma,Aphonopelma sp.,terrestrial,terrestrial
P82850,141248,,22,,Venom,,Amidation,Disulfide bond:2; Amidation:1,,,,,,,,both,22,22,Chersonesometrus fulvipes,Arthropoda,Arachnida,Scorpiones,Scorpionidae,Chersonesometrus,Chersonesometrus fulvipes,terrestrial,terrestrial
P60992,268413,Spider potassium channel inhibitory toxin family,35,,Venom,,,Disulfide bond:3,,,,,,,,both,35,35,Heteroscodra maculata,Arthropoda,Arachnida,Araneae,Theraphosidae,Heteroscodra,Heteroscodra maculata,terrestrial,terrestrial
P56855,118974,Spider potassium channel inhibitory toxin family,34,,Venom,,,Disulfide bond:3,,,,,,,,both,34,34,Stromatopelma calceatum griseipes,Arthropoda,Arachnida,Araneae,Theraphosidae,Stromatopelma,Stromatopelma calceatum,terrestrial,terrestrial
P60991,269628,Spider potassium channel inhibitory toxin family,34,,Venom,,Amidation,Disulfide bond:3; Amidation:1,,,,,,,,both,34,34,Stromatopelma calceatum,Arthropoda,Arachnida,Araneae,Theraphosidae,Stromatopelma,Stromatopelma calceatum,terrestrial,terrestrial
P83745,260533,Spider potassium channel inhibitory toxin family,35,,Venom,,,Disulfide bond:3,,,,,,,,both,35,35,Theraphosa blondi,Arthropoda,Arachnida,Araneae,Theraphosidae,Theraphosa,Theraphosa blondi,terrestrial,terrestrial
P83905,272754,Spider toxin Tx2 family,50,,Venom,,,,,,,,,,,both,50,50,Phoneutria keyserlingi,Arthropoda,Arachnida,Araneae,Ctenidae,Phoneutria,Phoneutria keyserlingi,terrestrial,terrestrial
P84031,272752,Spider toxin Tx3 family,58,,Venom,,,,,,,,,,,both,58,58,Phoneutria reidyi,Arthropoda,Arachnida,Araneae,Ctenidae,Phoneutria,Phoneutria reidyi,terrestrial,terrestrial
O76198,6918,Spider toxin Tx2 family,115,,Venom gland,,,,Yes,Yes,,,,,,both,98,53,Phoneutria nigriventer,Arthropoda,Arachnida,Araneae,Ctenidae,Phoneutria,Phoneutria nigriventer,terrestrial,terrestrial
P83915,272754,Spider neurotoxin 21C2 family,32,,Venom,,,,,,,,,,,both,32,32,Phoneutria keyserlingi,Arthropoda,Arachnida,Araneae,Ctenidae,Phoneutria,Phoneutria keyserlingi,terrestrial,terrestrial
P29423,6918,Spider toxin Tx2 family,88,,Venom; Venom gland,,,,Yes,Yes,,,,,,both,71,53,Phoneutria nigriventer,Arthropoda,Arachnida,Araneae,Ctenidae,Phoneutria,Phoneutria nigriventer,terrestrial,terrestrial
P84013,272754,,38,fragment,Venom,,,,,,,,,,,venom_tissue,38,38,Phoneutria keyserlingi,Arthropoda,Arachnida,Araneae,Ctenidae,Phoneutria,Phoneutria keyserlingi,terrestrial,terrestrial
P83998,6918,Squash-type serine protease inhibitor family,35,,Venom gland,,,,,,,,,,,both,35,35,Phoneutria nigriventer,Arthropoda,Arachnida,Araneae,Ctenidae,Phoneutria,Phoneutria nigriventer,terrestrial,terrestrial
P83909,272752,Spider toxin Tx3 family,40,,Venom,,,,,,,,,,,both,40,40,Phoneutria reidyi,Arthropoda,Arachnida,Araneae,Ctenidae,Phoneutria,Phoneutria reidyi,terrestrial,terrestrial
P83902,272754,Spider toxin Tx3 family,58,,Venom,,,,,,,,,,,both,58,58,Phoneutria keyserlingi,Arthropoda,Arachnida,Araneae,Ctenidae,Phoneutria,Phoneutria keyserlingi,terrestrial,terrestrial
P84014,272752,Spider toxin Tx3 family,55,,Venom,,,,,,,,,,,both,55,55,Phoneutria reidyi,Arthropoda,Arachnida,Araneae,Ctenidae,Phoneutria,Phoneutria reidyi,terrestrial,terrestrial
P84017,6918,Spider neurotoxin 21C2 family,31,,Venom,,,,,,,,,,,both,31,31,Phoneutria nigriventer,Arthropoda,Arachnida,Araneae,Ctenidae,Phoneutria,Phoneutria nigriventer,terrestrial,terrestrial
O76199,6918,Spider toxin Tx2 family,82,,Venom gland,,,,Yes,Yes,,,,,,both,65,47,Phoneutria nigriventer,Arthropoda,Arachnida,Araneae,Ctenidae,Phoneutria,Phoneutria nigriventer,terrestrial,terrestrial
P29424,6918,Spider toxin Tx2 family,49,,Venom,,,,,,,,,,,both,49,49,Phoneutria nigriventer,Arthropoda,Arachnida,Araneae,Ctenidae,Phoneutria,Phoneutria nigriventer,terrestrial,terrestrial
P29425,6918,Spider toxin Tx2 family,82,,Venom; Venom gland,,,,Yes,Yes,,,,,,both,65,47,Phoneutria nigriventer,Arthropoda,Arachnida,Araneae,Ctenidae,Phoneutria,Phoneutria nigriventer,terrestrial,terrestrial
P83996,6918,Spider neurotoxin 27C3 family,36,,Venom,,,,,,,,,,,both,36,36,Phoneutria nigriventer,Arthropoda,Arachnida,Araneae,Ctenidae,Phoneutria,Phoneutria nigriventer,terrestrial,terrestrial
P83892,272752,Spider neurotoxin 27C3 family,36,,Venom,,,,,,,,,,,both,36,36,Phoneutria reidyi,Arthropoda,Arachnida,Araneae,Ctenidae,Phoneutria,Phoneutria reidyi,terrestrial,terrestrial
P83896,272754,Spider toxin Tx2 family,38,,Venom,,,,,,,,,,,both,38,38,Phoneutria keyserlingi,Arthropoda,Arachnida,Araneae,Ctenidae,Phoneutria,Phoneutria keyserlingi,terrestrial,terrestrial
P29426,6918,Spider toxin Tx2 family,32,,Venom,,,,,,,,,,,both,32,32,Phoneutria nigriventer,Arthropoda,Arachnida,Araneae,Ctenidae,Phoneutria,Phoneutria nigriventer,terrestrial,terrestrial
P61510,29932,Huwentoxin-2 family,39,,Venom,,,Disulfide bond:3,,,,,,,,both,39,39,Aphonopelma sp.,Arthropoda,Arachnida,Araneae,Theraphosidae,Aphonopelma,Aphonopelma sp.,terrestrial,terrestrial
P82851,141248,,23,,Venom,,,Disulfide bond:2,,,,,,,,both,23,23,Chersonesometrus fulvipes,Arthropoda,Arachnida,Scorpiones,Scorpionidae,Chersonesometrus,Chersonesometrus fulvipes,terrestrial,terrestrial
P60993,268413,Spider potassium channel inhibitory toxin family,38,,Venom,,Amidation,Disulfide bond:3; Amidation:1,,,,,,,,both,38,38,Heteroscodra maculata,Arthropoda,Arachnida,Araneae,Theraphosidae,Heteroscodra,Heteroscodra maculata,terrestrial,terrestrial
P83746,260533,Spider potassium channel inhibitory toxin family,35,,Venom,,,Disulfide bond:3,,,,,,,,both,35,35,Theraphosa blondi,Arthropoda,Arachnida,Araneae,Theraphosidae,Theraphosa,Theraphosa blondi,terrestrial,terrestrial
P83999,6918,,47,fragment,Venom,,,,,,,,,,,both,47,47,Phoneutria nigriventer,Arthropoda,Arachnida,Araneae,Ctenidae,Phoneutria,Phoneutria nigriventer,terrestrial,terrestrial
P18329,8618,Snake toxin family,80,,Venom; Venom gland,LD(50) is 40 +/- 3 mg/kg by intravenous injection.,,Disulfide bond:4,Yes,,,,,,,both,59,59,Dendroaspis angusticeps,Chordata,Lepidosauria,Squamata,Elapidae,Dendroaspis,Dendroaspis angusticeps,terrestrial,terrestrial
Q7YT83,6494,CRISP family,300,,Venom duct,,Cleavage on pair of basic residues,,Yes,Yes,,,,,,venom_tissue,279,276,Conus textile,Mollusca,Gastropoda,Neogastropoda,Conidae,Conus,Conus textile,marine,marine
O76200,6918,Spider toxin Tx3 family,83,,Venom,,,,Yes,Yes,,,,,,both,62,40,Phoneutria nigriventer,Arthropoda,Arachnida,Araneae,Ctenidae,Phoneutria,Phoneutria nigriventer,terrestrial,terrestrial
P58605,31925,,49,,Venom,,,,,,,,,,,both,49,49,Segestria florentina,Arthropoda,Arachnida,Araneae,Segestriidae,Segestria,Segestria florentina,terrestrial,terrestrial
P83910,272754,Spider neurotoxin 27C3 family,36,,Venom,,,,,,,,,,,both,36,36,Phoneutria keyserlingi,Arthropoda,Arachnida,Araneae,Ctenidae,Phoneutria,Phoneutria keyserlingi,terrestrial,terrestrial
O76201,6918,Spider toxin Tx3 family,82,,Venom; Venom gland,,,,Yes,Yes,,,,,,both,61,34,Phoneutria nigriventer,Arthropoda,Arachnida,Araneae,Ctenidae,Phoneutria,Phoneutria nigriventer,terrestrial,terrestrial
P83904,272752,Spider toxin Tx2 family,47,,Venom,,,,,,,,,,,both,47,47,Phoneutria reidyi,Arthropoda,Arachnida,Araneae,Ctenidae,Phoneutria,Phoneutria reidyi,terrestrial,terrestrial
P81789,6918,Spider toxin Tx3 family,34,fragment,Venom,,,,,,,,,,,both,34,34,Phoneutria nigriventer,Arthropoda,Arachnida,Araneae,Ctenidae,Phoneutria,Phoneutria nigriventer,terrestrial,terrestrial
P83901,272752,Spider toxin Tx3 family,58,,Venom,,,,,,,,,,,both,58,58,Phoneutria reidyi,Arthropoda,Arachnida,Araneae,Ctenidae,Phoneutria,Phoneutria reidyi,terrestrial,terrestrial
P81791,6918,Spider toxin Tx3 family,36,fragment,Venom,,,,,,,,,,,both,36,36,Phoneutria nigriventer,Arthropoda,Arachnida,Araneae,Ctenidae,Phoneutria,Phoneutria nigriventer,terrestrial,terrestrial
P84012,272754,Spider toxin Tx2 family,54,,Venom,,,,,,,,,,,both,54,54,Phoneutria keyserlingi,Arthropoda,Arachnida,Araneae,Ctenidae,Phoneutria,Phoneutria keyserlingi,terrestrial,terrestrial
P81792,6918,Spider toxin Tx3 family,55,,Venom,,,,,,,,,,,both,55,55,Phoneutria nigriventer,Arthropoda,Arachnida,Araneae,Ctenidae,Phoneutria,Phoneutria nigriventer,terrestrial,terrestrial
P83911,272752,Spider toxin Tx3 family,43,,Venom,,Amidation,Amidation:1,,,,,,,,both,43,43,Phoneutria reidyi,Arthropoda,Arachnida,Araneae,Ctenidae,Phoneutria,Phoneutria reidyi,terrestrial,terrestrial
P81793,6918,Spider toxin Tx3 family,80,,Venom gland,,,,Yes,Yes,,,,,,both,59,34,Phoneutria nigriventer,Arthropoda,Arachnida,Araneae,Ctenidae,Phoneutria,Phoneutria nigriventer,terrestrial,terrestrial
P31010,6918,Spider toxin Tx3 family,19,fragment,Venom,,,,,,,,,,,both,19,19,Phoneutria nigriventer,Arthropoda,Arachnida,Araneae,Ctenidae,Phoneutria,Phoneutria nigriventer,terrestrial,terrestrial
P83747,260533,Spider potassium channel inhibitory toxin family,35,,Venom,,,Disulfide bond:3,,,,,,,,both,35,35,Theraphosa blondi,Arthropoda,Arachnida,Araneae,Theraphosidae,Theraphosa,Theraphosa blondi,terrestrial,terrestrial
P84034,6918,Spider toxin Tx2 family,48,,Venom,LD(50) is 20 ng/house fly.,,,,,,,,,,both,48,48,Phoneutria nigriventer,Arthropoda,Arachnida,Araneae,Ctenidae,Phoneutria,Phoneutria nigriventer,terrestrial,terrestrial
P59367,6918,Spider toxin Tx2 family,81,,Venom; Venom gland,LD(50) is 9.3 ng/house fly.,,,Yes,Yes,,,,,,both,65,47,Phoneutria nigriventer,Arthropoda,Arachnida,Araneae,Ctenidae,Phoneutria,Phoneutria nigriventer,terrestrial,terrestrial
P59368,6918,Spider toxin Tx2 family,82,,Venom; Venom gland,LD(50) is 3.8 ng/house fly.,,,Yes,Yes,,,,,,both,66,48,Phoneutria nigriventer,Arthropoda,Arachnida,Araneae,Ctenidae,Phoneutria,Phoneutria nigriventer,terrestrial,terrestrial
P56854,118972,Spider potassium channel inhibitory toxin family,41,,Venom,,,,,,,,,,,both,41,41,Hysterocrates gigas,Arthropoda,Arachnida,Araneae,Theraphosidae,Hysterocrates,Hysterocrates gigas,terrestrial,terrestrial
P25683,8619,Snake toxin family,60,,Venom,LD(50) is 13.7 mg/kg by intravenous injection.,,Disulfide bond:4,,,,,,,,both,60,60,Dendroaspis jamesoni kaimosae,Chordata,Lepidosauria,Squamata,Elapidae,Dendroaspis,Dendroaspis jamesoni,terrestrial,terrestrial
P01405,8621,Snake toxin family,60,,Venom,LD(50) is >3.3 mg/kg by intraperitoneal injection.,,Disulfide bond:4,,,,,,,,both,60,60,Dendroaspis viridis,Chordata,Lepidosauria,Squamata,Elapidae,Dendroaspis,Dendroaspis viridis,terrestrial,terrestrial
P61229,6918,Spider toxin Tx2 family,85,,Venom gland,,,,Yes,Yes,,,,,,both,69,47,Phoneutria nigriventer,Arthropoda,Arachnida,Araneae,Ctenidae,Phoneutria,Phoneutria nigriventer,terrestrial,terrestrial
P01419,8619,Snake toxin family,58,,,LD(50) is 5.5 mg/kg by intravenous injection.,,Disulfide bond:4,,,,,,,,both,58,58,Dendroaspis jamesoni kaimosae,Chordata,Lepidosauria,Squamata,Elapidae,Dendroaspis,Dendroaspis jamesoni,terrestrial,terrestrial
P01413,8619,Snake toxin family,61,,Venom,,,Disulfide bond:4,,,,,,,,both,61,61,Dendroaspis jamesoni kaimosae,Chordata,Lepidosauria,Squamata,Elapidae,Dendroaspis,Dendroaspis jamesoni,terrestrial,terrestrial
P01406,8619,Snake toxin family,60,,Venom,LD(50) is >250 mg/kg by intravenous injection.,,Disulfide bond:4,,,,,,,,both,60,60,Dendroaspis jamesoni kaimosae,Chordata,Lepidosauria,Squamata,Elapidae,Dendroaspis,Dendroaspis jamesoni,terrestrial,terrestrial
P61789,152925,Spider potassium channel inhibitory toxin family,37,,Venom,,,Disulfide bond:3,,,,,,,,both,37,37,Heteropoda venatoria,Arthropoda,Arachnida,Araneae,Sparassidae,Heteropoda,Heteropoda venatoria,terrestrial,terrestrial
P61790,152925,Spider potassium channel inhibitory toxin family,36,,Venom,,,Disulfide bond:3,,,,,,,,both,36,36,Heteropoda venatoria,Arthropoda,Arachnida,Araneae,Sparassidae,Heteropoda,Heteropoda venatoria,terrestrial,terrestrial
P58911,163701,,501,,Cnidoblast,,,,Yes,Yes,,,,,,kw_toxin,479,466,Phyllodiscus semoni,Cnidaria,Anthozoa,Actiniaria,Aliciidae,Phyllodiscus,Phyllodiscus semoni,marine,marine
P58912,163701,,24,fragment,Cnidoblast,,,,,,,,,,,kw_toxin,24,24,Phyllodiscus semoni,Cnidaria,Anthozoa,Actiniaria,Aliciidae,Phyllodiscus,Phyllodiscus semoni,marine,marine
P25682,8619,Snake toxin family,63,,Venom,LD(50) is 10 mg/kg by intravenous injection.,,Disulfide bond:5,,,,,,,,both,63,63,Dendroaspis jamesoni kaimosae,Chordata,Lepidosauria,Squamata,Elapidae,Dendroaspis,Dendroaspis jamesoni,terrestrial,terrestrial
P01533,6108,Sea anemone sodium channel inhibitory toxin family,46,,Cnidoblast,,,Disulfide bond:3,,,,,,,,kw_toxin,46,46,Anemonia sulcata,Cnidaria,Anthozoa,Actiniaria,Actiniidae,Anemonia,Anemonia sulcata,marine,marine
P10453,6111,Sea anemone sodium channel inhibitory toxin family,47,,Cnidoblast,,,Disulfide bond:3,,,,,,,,kw_toxin,47,47,Anthopleura fuscoviridis,Cnidaria,Anthozoa,Actiniaria,Actiniidae,Anthopleura,Anthopleura fuscoviridis,marine,marine
P30831,175771,Sea anemone sodium channel inhibitory toxin family,48,,Cnidoblast,,,Disulfide bond:3,,,,,,,,kw_toxin,48,48,Radianthus crispa,Cnidaria,Anthozoa,Actiniaria,Stichodactylidae,Radianthus,Radianthus crispa,marine,marine
P19651,6123,Sea anemone sodium channel inhibitory toxin family,48,,Cnidoblast,,,Disulfide bond:3,,,,,,,,kw_toxin,48,48,Stichodactyla helianthus,Cnidaria,Anthozoa,Actiniaria,Stichodactylidae,Stichodactyla,Stichodactyla helianthus,marine,marine
P01528,6108,Sea anemone sodium channel inhibitory toxin family,47,,Cnidoblast,,,Disulfide bond:3,,,,,,,,kw_toxin,47,47,Anemonia sulcata,Cnidaria,Anthozoa,Actiniaria,Actiniidae,Anemonia,Anemonia sulcata,marine,marine
P10454,6111,Sea anemone sodium channel inhibitory toxin family,48,,Cnidoblast,,,Disulfide bond:3,,,,,,,,kw_toxin,48,48,Anthopleura fuscoviridis,Cnidaria,Anthozoa,Actiniaria,Actiniidae,Anthopleura,Anthopleura fuscoviridis,marine,marine
P30783,175771,Sea anemone sodium channel inhibitory toxin family,48,,Cnidoblast,,,Disulfide bond:3,,,,,,,,kw_toxin,48,48,Radianthus crispa,Cnidaria,Anthozoa,Actiniaria,Stichodactylidae,Radianthus,Radianthus crispa,marine,marine
P01534,191581,Sea anemone sodium channel inhibitory toxin family,48,,Cnidoblast,,,Disulfide bond:3,,,,,,,,kw_toxin,48,48,Heteractis magnifica,Cnidaria,Anthozoa,Actiniaria,Stichodactylidae,Heteractis,Heteractis magnifica,marine,marine
P01535,6108,Sea anemone short toxin family,27,,Cnidoblast,,,Disulfide bond:3,,,,,,,,kw_toxin,27,27,Anemonia sulcata,Cnidaria,Anthozoa,Actiniaria,Actiniidae,Anemonia,Anemonia sulcata,marine,marine
P09949,6118,Sea anemone short toxin family,31,,Cnidoblast,,,,,,,,,,,kw_toxin,31,31,Entacmaea quadricolor,Cnidaria,Anthozoa,Actiniaria,Actiniidae,Entacmaea,Entacmaea quadricolor,marine,marine
P30832,175771,Sea anemone sodium channel inhibitory toxin family,48,,,,,Disulfide bond:3,,,,,,,,kw_toxin,48,48,Radianthus crispa,Cnidaria,Anthozoa,Actiniaria,Stichodactylidae,Radianthus,Radianthus crispa,marine,marine
P08380,191581,Sea anemone sodium channel inhibitory toxin family,48,,Cnidoblast,,,Disulfide bond:3,,,,,,,,kw_toxin,48,48,Heteractis magnifica,Cnidaria,Anthozoa,Actiniaria,Stichodactylidae,Heteractis,Heteractis magnifica,marine,marine
P30784,175771,Sea anemone sodium channel inhibitory toxin family,48,,Cnidoblast,,,Disulfide bond:3,,,,,,,,kw_toxin,48,48,Radianthus crispa,Cnidaria,Anthozoa,Actiniaria,Stichodactylidae,Radianthus,Radianthus crispa,marine,marine
P01529,6108,Sea anemone sodium channel inhibitory toxin family,46,,Cnidoblast,,,Disulfide bond:3,,,,,,,,kw_toxin,46,46,Anemonia sulcata,Cnidaria,Anthozoa,Actiniaria,Actiniidae,Anemonia,Anemonia sulcata,marine,marine
P30785,175771,Sea anemone sodium channel inhibitory toxin family,47,,Cnidoblast,,,Disulfide bond:3,,,,,,,,kw_toxin,47,47,Radianthus crispa,Cnidaria,Anthozoa,Actiniaria,Stichodactylidae,Radianthus,Radianthus crispa,marine,marine
P01530,6112,Sea anemone sodium channel inhibitory toxin family,49,,,,,Disulfide bond:3,,,,,,,,kw_toxin,49,49,Anthopleura xanthogrammica,Cnidaria,Anthozoa,Actiniaria,Actiniidae,Anthopleura,Anthopleura xanthogrammica,marine,marine
P01531,6112,Sea anemone sodium channel inhibitory toxin family,49,,Cnidoblast,,,Disulfide bond:3,,,,,,,,kw_toxin,49,49,Anthopleura xanthogrammica,Cnidaria,Anthozoa,Actiniaria,Actiniidae,Anthopleura,Anthopleura xanthogrammica,marine,marine
P01532,6110,Sea anemone sodium channel inhibitory toxin family,47,,,,,Disulfide bond:3,,,,,,,,kw_toxin,47,47,Anthopleura elegantissima,Cnidaria,Anthozoa,Actiniaria,Actiniidae,Anthopleura,Anthopleura elegantissima,marine,marine
P25681,8620,Snake toxin family,61,,Venom,LD(50) is 2.1 +/- 0.2 mg/kg by intravenous injection.,,Disulfide bond:4,,,,,,,,both,61,61,Dendraspis polylepis polylepis,Chordata,Lepidosauria,Squamata,Elapidae,Dendroaspis,Dendroaspis polylepis,terrestrial,terrestrial
Q9NJQ2,6106,Sea anemone sodium channel inhibitory toxin family,82,,,,,Disulfide bond:3,Yes,Yes,,,,,,kw_toxin,63,54,Actinia equina,Cnidaria,Anthozoa,Actiniaria,Actiniidae,Actinia,Actinia equina,marine,marine
P81897,6106,Sea anemone potassium channel inhibitory toxin family,36,,Cnidoblast,,,Disulfide bond:3,,,,,,,,kw_toxin,36,36,Actinia equina,Cnidaria,Anthozoa,Actiniaria,Actiniidae,Actinia,Actinia equina,marine,marine
P31328,29934,,35,,Venom,,Amidation,Disulfide bond:3; Amidation:1,,,,,,,,both,35,35,Allagelena opulenta,Arthropoda,Arachnida,Araneae,Agelenidae,Allagelena,Allagelena opulenta,terrestrial,terrestrial
Q5Y4Y5,293813,,70,,Venom gland,,Amidation,Disulfide bond:3; Amidation:1,Yes,Yes,,,,,,both,50,35,Agelena orientalis,Arthropoda,Arachnida,Araneae,Agelenidae,Agelena,Agelena orientalis,terrestrial,terrestrial
P49125,6924,,88,,Venom gland,,,,Yes,,,,,,,venom_tissue,70,70,Latrodectus mactans,Arthropoda,Arachnida,Araneae,Theridiidae,Latrodectus,Latrodectus mactans,terrestrial,terrestrial
P69929,280228,,233,,,LD(50) is 830 ug/kg into crabs.,Cleavage on pair of basic residues; Hydroxylation,Hydroxylation:6,Yes,Yes,,,,,,kw_toxin,215,162,Antheopsis maculata,Cnidaria,Anthozoa,Actiniaria,Actiniidae,Antheopsis,Antheopsis maculata,marine,marine
P69930,280228,,80,,,PD(50) is 420 ug/kg into crabs.,Cleavage on pair of basic residues; Hydroxylation,Hydroxylation:1,Yes,Yes,,,,,,kw_toxin,61,46,Antheopsis maculata,Cnidaria,Anthozoa,Actiniaria,Actiniidae,Antheopsis,Antheopsis maculata,marine,marine
P69928,280228,Sea anemone sodium channel inhibitory toxin family,74,,,LD(50) is 70 ug/kg into crabs.,Cleavage on pair of basic residues; Hydroxylation,Hydroxylation:1,Yes,Yes,,,,,,kw_toxin,55,47,Antheopsis maculata,Cnidaria,Anthozoa,Actiniaria,Actiniidae,Antheopsis,Antheopsis maculata,marine,marine
P29186,31164,Sea anemone potassium channel inhibitory toxin family,37,,Cnidoblast,,,Disulfide bond:3,,,,,,,,kw_toxin,37,37,Bunodosoma granuliferum,Cnidaria,Anthozoa,Actiniaria,Actiniidae,Bunodosoma,Bunodosoma granuliferum,marine,marine
P83619,6928,Cupiennin family,35,,Venom,,Amidation,Amidation:1,,,,,,,,both,35,35,Cupiennius salei,Arthropoda,Arachnida,Araneae,Ctenidae,Cupiennius,Cupiennius salei,terrestrial,terrestrial
P83620,6928,Cupiennin family,35,,Venom,,Amidation,Amidation:1,,,,,,,,both,35,35,Cupiennius salei,Arthropoda,Arachnida,Araneae,Ctenidae,Cupiennius,Cupiennius salei,terrestrial,terrestrial
P83621,6928,Cupiennin family,35,,Venom,,Amidation,Amidation:1,,,,,,,,both,35,35,Cupiennius salei,Arthropoda,Arachnida,Araneae,Ctenidae,Cupiennius,Cupiennius salei,terrestrial,terrestrial
P83622,6928,Cupiennin family,35,,Venom,,Amidation,Amidation:1,,,,,,,,both,35,35,Cupiennius salei,Arthropoda,Arachnida,Araneae,Ctenidae,Cupiennius,Cupiennius salei,terrestrial,terrestrial
P81694,6928,Spider toxin CSTX family,74,,Venom,LD(50) is 10.5 ng/mg on blow flies.,,Disulfide bond:4,,,,,,,,both,74,60,Cupiennius salei,Arthropoda,Arachnida,Araneae,Ctenidae,Cupiennius,Cupiennius salei,terrestrial,terrestrial
P15967,6910,Mu-agatoxin family,36,,Venom,,Amidation,Disulfide bond:4; Amidation:1,,,,,,,,both,36,36,Hololena curta,Arthropoda,Arachnida,Araneae,Agelenidae,Hololena,Hololena curta,terrestrial,terrestrial
P60177,6910,Mu-agatoxin family,38,,Venom,,Amidation,Disulfide bond:4; Amidation:1,,,,,,,,both,38,38,Hololena curta,Arthropoda,Arachnida,Araneae,Agelenidae,Hololena,Hololena curta,terrestrial,terrestrial
Q7M425,31165,Sea anemone sodium channel inhibitory toxin family,48,,Cnidoblast,,,Disulfide bond:3,,,,,,,,kw_toxin,48,48,Bunodosoma caissarum,Cnidaria,Anthozoa,Actiniaria,Actiniidae,Bunodosoma,Bunodosoma caissarum,marine,marine
P15968,6910,Mu-agatoxin family,38,,Venom,,Amidation,Disulfide bond:4; Amidation:1,,,,,,,,both,38,38,Hololena curta,Arthropoda,Arachnida,Araneae,Agelenidae,Hololena,Hololena curta,terrestrial,terrestrial
P84015,6918,,33,,Venom,,,,,,,,,,,venom_tissue,33,33,Phoneutria nigriventer,Arthropoda,Arachnida,Araneae,Ctenidae,Phoneutria,Phoneutria nigriventer,terrestrial,terrestrial
P84000,272752,Spider toxin Tx3 family,34,fragment,Venom,,,,,,,,,,,venom_tissue,34,34,Phoneutria reidyi,Arthropoda,Arachnida,Araneae,Ctenidae,Phoneutria,Phoneutria reidyi,terrestrial,terrestrial
P58604,6928,Spider toxin CSTX family,68,,Venom,LD(50) is 3.12 pmol/mg on Drosophila.,,Disulfide bond:4,,,,,,,,both,68,68,Cupiennius salei,Arthropoda,Arachnida,Araneae,Ctenidae,Cupiennius,Cupiennius salei,terrestrial,terrestrial
P82803,138296,Sea anemone sodium channel inhibitory toxin family,48,,Cnidoblast,,,Disulfide bond:3,,,,,,,,kw_toxin,48,48,Bunodosoma cangicum,Cnidaria,Anthozoa,Actiniaria,Actiniidae,Bunodosoma,Bunodosoma cangicum,marine,marine
P22947,8620,Snake toxin family,60,,Venom,,,Disulfide bond:4,,,,,,,,both,60,60,Dendraspis polylepis polylepis,Chordata,Lepidosauria,Squamata,Elapidae,Dendroaspis,Dendroaspis polylepis,terrestrial,terrestrial
Q8MTX1,172846,,102,,Venom gland,,,,Yes,,,,,,,both,81,81,Caerostris extrusa,Arthropoda,Arachnida,Araneae,Araneidae,Caerostris,Caerostris extrusa,terrestrial,terrestrial
P81658,8618,Contains 1 BPTI/Kunitz inhibitor domain,60,,Venom,,,Disulfide bond:3,,,,,,,,both,60,60,Dendroaspis angusticeps,Chordata,Lepidosauria,Squamata,Elapidae,Dendroaspis,Dendroaspis angusticeps,terrestrial,terrestrial
P14531,6114,To C,79,,Cnidoblast,,Cleavage on pair of basic residues,Disulfide bond:3,Yes,Yes,,,,,,kw_toxin,59,46,Calliactis parasitica,Cnidaria,Anthozoa,Actiniaria,Hormathiidae,Calliactis,Calliactis parasitica,marine,marine
P49127,6114,To C,79,,,,Cleavage on pair of basic residues,Disulfide bond:3,Yes,Yes,,,,,,kw_toxin,59,46,Calliactis parasitica,Cnidaria,Anthozoa,Actiniaria,Hormathiidae,Calliactis,Calliactis parasitica,marine,marine
Q9PS08,8618,Snake toxin family,30,fragment,Venom,,,,,,,,,,,both,30,30,Dendroaspis angusticeps,Chordata,Lepidosauria,Squamata,Elapidae,Dendroaspis,Dendroaspis angusticeps,terrestrial,terrestrial
Q9PS09,8618,Snake toxin family,30,fragment,Venom,,,,,,,,,,,both,30,30,Dendroaspis angusticeps,Chordata,Lepidosauria,Squamata,Elapidae,Dendroaspis,Dendroaspis angusticeps,terrestrial,terrestrial
P83256,185217,Mu-agatoxin family,37,,Venom,,Amidation,Disulfide bond:4; Amidation:1,,,GO:0009405 (pathogenesis); GO:0005576 (extracellular region); GO:0019871 (sodium channel inhibitor activity),GO:0009405 (pathogenesis),GO:0005576 (extracellular region),GO:0019871 (sodium channel inhibitor activity),,both,37,37,Pireneitega luctuosa,Arthropoda,Arachnida,Araneae,Agelenidae,Pireneitega,Pireneitega luctuosa,terrestrial,terrestrial
P83257,185217,Mu-agatoxin family,37,,Venom,,Amidation,Disulfide bond:4; Amidation:1,,,GO:0009405 (pathogenesis); GO:0005576 (extracellular region); GO:0019871 (sodium channel inhibitor activity),GO:0009405 (pathogenesis),GO:0005576 (extracellular region),GO:0019871 (sodium channel inhibitor activity),,both,37,37,Pireneitega luctuosa,Arthropoda,Arachnida,Araneae,Agelenidae,Pireneitega,Pireneitega luctuosa,terrestrial,terrestrial
P83258,185217,Mu-agatoxin family,36,,Venom,,,Disulfide bond:4,,,GO:0009405 (pathogenesis); GO:0005576 (extracellular region); GO:0019871 (sodium channel inhibitor activity),GO:0009405 (pathogenesis),GO:0005576 (extracellular region),GO:0019871 (sodium channel inhibitor activity),,both,36,36,Pireneitega luctuosa,Arthropoda,Arachnida,Araneae,Agelenidae,Pireneitega,Pireneitega luctuosa,terrestrial,terrestrial
P83259,185217,Mu-agatoxin family,37,,Venom,,Amidation,Disulfide bond:4; Amidation:1,,,GO:0009405 (pathogenesis); GO:0005576 (extracellular region); GO:0019871 (sodium channel inhibitor activity),GO:0009405 (pathogenesis),GO:0005576 (extracellular region),GO:0019871 (sodium channel inhibitor activity),,both,37,37,Pireneitega luctuosa,Arthropoda,Arachnida,Araneae,Agelenidae,Pireneitega,Pireneitega luctuosa,terrestrial,terrestrial
P01478,6903,Delta-atracotoxin family,42,,,,,Disulfide bond:4,,,,,,,,both,42,42,Atrax robustus,Arthropoda,Arachnida,Araneae,Hexathelidae,Atrax,Atrax robustus,terrestrial,terrestrial
P13494,6904,Delta-atracotoxin family,42,,Venom,,,Disulfide bond:4,,,,,,,,both,42,42,Hadronyche versuta,Arthropoda,Arachnida,Araneae,Hexathelidae,Hadronyche,Hadronyche versuta,terrestrial,terrestrial
P01403,8618,Snake toxin family,61,,Venom,LD(50) is >20 mg/kg by intravenous injection.,,Disulfide bond:4,,,,,,,,both,61,61,Dendroaspis angusticeps,Chordata,Lepidosauria,Squamata,Elapidae,Dendroaspis,Dendroaspis angusticeps,terrestrial,terrestrial
P01404,8618,Snake toxin family,81,,Venom; Venom gland,LD(50) is >250 mg/kg by subcutaneous injection.,,Disulfide bond:4,Yes,,,,,,,both,60,60,Dendroaspis angusticeps,Chordata,Lepidosauria,Squamata,Elapidae,Dendroaspis,Dendroaspis angusticeps,terrestrial,terrestrial
P01414,8620,Snake toxin family,60,,Venom,LD(50) is 8 mg/kg by subcutaneous injection.,,Disulfide bond:4,,,,,,,,both,60,60,Dendraspis polylepis polylepis,Chordata,Lepidosauria,Squamata,Elapidae,Dendroaspis,Dendroaspis polylepis,terrestrial,terrestrial
P58305,138296,,21,fragment,Cnidoblast,LD(50) is 400 +/- 83 ug/kg by intraperitoneal injection into mice.,,,,,,,,,,kw_toxin,21,21,Bunodosoma cangicum,Cnidaria,Anthozoa,Actiniaria,Actiniidae,Bunodosoma,Bunodosoma cangicum,marine,marine
P68424,29017,,28,,,,,Disulfide bond:3,,,,,,,,both,28,28,Cyriopagopus schmidti,Arthropoda,Arachnida,Araneae,Theraphosidae,Cyriopagopus,Cyriopagopus schmidti,terrestrial,terrestrial
P68425,29017,Contains 1 BPTI/Kunitz inhibitor domain,55,,Venom,LD(50) is 256 +/- 23 ug/kg by injection into the fourth ventricule of the adult mouse brain.,,Disulfide bond:3,,,,,,,,both,55,55,Cyriopagopus schmidti,Arthropoda,Arachnida,Araneae,Theraphosidae,Cyriopagopus,Cyriopagopus schmidti,terrestrial,terrestrial
P56676,29017,Huwentoxin-1 family,81,,Venom; Venom gland,"LD(50) is 0.7 mg/kg by intraperitoneal injection, and 9.40 ug/kg by intracisternal injection into mice.",,Disulfide bond:3,Yes,Yes,,,,,,both,60,33,Cyriopagopus schmidti,Arthropoda,Arachnida,Araneae,Theraphosidae,Cyriopagopus,Cyriopagopus schmidti,terrestrial,terrestrial
P82959,29017,Huwentoxin-2 family,85,,Venom; Venom gland,,,Disulfide bond:3,Yes,Yes,,,,,,both,63,37,Cyriopagopus schmidti,Arthropoda,Arachnida,Araneae,Theraphosidae,Cyriopagopus,Cyriopagopus schmidti,terrestrial,terrestrial
P82960,29017,Huwentoxin-2 family,37,,Venom,,,Disulfide bond:3,,,,,,,,both,37,37,Cyriopagopus schmidti,Arthropoda,Arachnida,Araneae,Theraphosidae,Cyriopagopus,Cyriopagopus schmidti,terrestrial,terrestrial
Q86C49,29017,Huwentoxin-2 family,83,,Venom gland,,,Disulfide bond:3,Yes,Yes,,,,,,both,62,35,Cyriopagopus schmidti,Arthropoda,Arachnida,Araneae,Theraphosidae,Cyriopagopus,Cyriopagopus schmidti,terrestrial,terrestrial
P61103,29017,Huwentoxin-1 family,87,,Venom; Venom gland,PD(50) of HwTx-III is 192.95 +/- 120.84 mg/kg to locusts.,Cleavage on pair of basic residues,,Yes,Yes,,,,,,both,63,32,Cyriopagopus schmidti,Arthropoda,Arachnida,Araneae,Theraphosidae,Cyriopagopus,Cyriopagopus schmidti,terrestrial,terrestrial
P83303,29017,Huwentoxin-1 family,89,,Venom; Venom gland,,Amidation,Disulfide bond:3; Amidation:1,Yes,Yes,,,,,,both,65,35,Cyriopagopus schmidti,Arthropoda,Arachnida,Araneae,Theraphosidae,Cyriopagopus,Cyriopagopus schmidti,terrestrial,terrestrial
P61104,29017,Huwentoxin-1 family,86,,Venom; Venom gland,PD(50) of HwTx-V is 16 +/- 5 mg/kg to locusts.,,Disulfide bond:3,Yes,Yes,,,,,,both,66,33,Cyriopagopus schmidti,Arthropoda,Arachnida,Araneae,Theraphosidae,Cyriopagopus,Cyriopagopus schmidti,terrestrial,terrestrial
P68420,29017,Huwentoxin-2 family,41,,Venom,,,,,,,,,,,both,41,41,Cyriopagopus schmidti,Arthropoda,Arachnida,Araneae,Theraphosidae,Cyriopagopus,Cyriopagopus schmidti,terrestrial,terrestrial
P68421,29017,Huwentoxin-2 family,84,,Venom; Venom gland,,,Disulfide bond:3,Yes,Yes,,,,,,both,62,36,Cyriopagopus schmidti,Arthropoda,Arachnida,Araneae,Theraphosidae,Cyriopagopus,Cyriopagopus schmidti,terrestrial,terrestrial
P68422,29017,Huwentoxin-2 family,35,,Venom,,,Disulfide bond:3,,,,,,,,both,35,35,Cyriopagopus schmidti,Arthropoda,Arachnida,Araneae,Theraphosidae,Cyriopagopus,Cyriopagopus schmidti,terrestrial,terrestrial
P68423,29017,,34,,,,,,,,,,,,,both,34,34,Cyriopagopus schmidti,Arthropoda,Arachnida,Araneae,Theraphosidae,Cyriopagopus,Cyriopagopus schmidti,terrestrial,terrestrial
P83591,209901,Huwentoxin-1 family,33,,Venom,,Amidation,Disulfide bond:3; Amidation:1,,,GO:0006952 (defense response); GO:0009405 (pathogenesis); GO:0005576 (extracellular region); GO:0019871 (sodium channel inhibitor activity),GO:0006952 (defense response); GO:0009405 (pathogenesis),GO:0005576 (extracellular region),GO:0019871 (sodium channel inhibitor activity),,both,33,33,Cyriopagopus hainanus,Arthropoda,Arachnida,Araneae,Theraphosidae,Cyriopagopus,Cyriopagopus hainanus,terrestrial,terrestrial
P83464,209901,Huwentoxin-1 family,33,,,,Amidation,Disulfide bond:3; Amidation:1,,,GO:0009405 (pathogenesis); GO:0007268 (synaptic transmission); GO:0005576 (extracellular region); GO:0019871 (sodium channel inhibitor activity),GO:0009405 (pathogenesis); GO:0007268 (synaptic transmission),GO:0005576 (extracellular region),GO:0019871 (sodium channel inhibitor activity),,both,33,33,Cyriopagopus hainanus,Arthropoda,Arachnida,Araneae,Theraphosidae,Cyriopagopus,Cyriopagopus hainanus,terrestrial,terrestrial
P83471,209901,Huwentoxin-1 family,35,,,,,Disulfide bond:3,,,,,,,,both,35,35,Cyriopagopus hainanus,Arthropoda,Arachnida,Araneae,Theraphosidae,Cyriopagopus,Cyriopagopus hainanus,terrestrial,terrestrial
P60975,209901,Huwentoxin-1 family,35,,Venom,,,Disulfide bond:3,,,,,,,,both,35,35,Cyriopagopus hainanus,Arthropoda,Arachnida,Araneae,Theraphosidae,Cyriopagopus,Cyriopagopus hainanus,terrestrial,terrestrial
P56852,29015,Spider potassium channel inhibitory toxin family,35,,Venom,,,Disulfide bond:3,,,,,,,,both,35,35,Grammostola rosea,Arthropoda,Arachnida,Araneae,Theraphosidae,Grammostola,Grammostola rosea,terrestrial,terrestrial
P56853,29015,Spider potassium channel inhibitory toxin family,35,,Venom,,,Disulfide bond:3,,,,,,,,both,35,35,Grammostola rosea,Arthropoda,Arachnida,Araneae,Theraphosidae,Grammostola,Grammostola rosea,terrestrial,terrestrial
P58425,152925,Spider potassium channel inhibitory toxin family,33,,Venom,,Amidation,Disulfide bond:3; Amidation:1,,,,,,,,both,33,33,Heteropoda venatoria,Arthropoda,Arachnida,Araneae,Sparassidae,Heteropoda,Heteropoda venatoria,terrestrial,terrestrial
P58426,152925,Spider potassium channel inhibitory toxin family,30,,Venom,,Amidation,Disulfide bond:3; Amidation:1,,,,,,,,both,30,30,Heteropoda venatoria,Arthropoda,Arachnida,Araneae,Sparassidae,Heteropoda,Heteropoda venatoria,terrestrial,terrestrial
P58427,152925,Spider potassium channel inhibitory toxin family,31,,Venom,,Amidation,Disulfide bond:3; Amidation:1,,,,,,,,both,31,31,Heteropoda venatoria,Arthropoda,Arachnida,Araneae,Sparassidae,Heteropoda,Heteropoda venatoria,terrestrial,terrestrial
P55816,38407,,58,,Venom,PD(50) is 0.71 nmol/g in lepidopteran larvae.,,,,,,,,,,both,58,58,Diguetia canities,Arthropoda,Arachnida,Araneae,Diguetidae,Diguetia,Diguetia canities,terrestrial,terrestrial
P55817,38407,,61,,Venom,PD(50) is 3.19 nmol/g in lepidopteran larvae.,,,,,,,,,,both,61,61,Diguetia canities,Arthropoda,Arachnida,Araneae,Diguetidae,Diguetia,Diguetia canities,terrestrial,terrestrial
O46166,73900,,68,,Venom gland,,Amidation,Amidation:1,Yes,,,,,,,both,51,50,Eratigena agrestis,Arthropoda,Arachnida,Araneae,Agelenidae,Eratigena,Eratigena agrestis,terrestrial,terrestrial
O46167,73900,,68,,Venom gland,,Amidation,Amidation:1,Yes,,,,,,,both,51,50,Eratigena agrestis,Arthropoda,Arachnida,Araneae,Agelenidae,Eratigena,Eratigena agrestis,terrestrial,terrestrial
O46168,73900,,68,,Venom gland,,Amidation,Amidation:1,Yes,,,,,,,both,51,50,Eratigena agrestis,Arthropoda,Arachnida,Araneae,Agelenidae,Eratigena,Eratigena agrestis,terrestrial,terrestrial
P49126,38407,,94,,Venom gland,PD(50) is 0.38 nmol/g in lepidopteran larvae.,,,Yes,Yes,,,,,,both,77,56,Diguetia canities,Arthropoda,Arachnida,Araneae,Diguetidae,Diguetia,Diguetia canities,terrestrial,terrestrial
P61791,152925,Spider potassium channel inhibitory toxin family,29,,Venom,,,Disulfide bond:3,,,,,,,,both,29,29,Heteropoda venatoria,Arthropoda,Arachnida,Araneae,Sparassidae,Heteropoda,Heteropoda venatoria,terrestrial,terrestrial
Q9TWG1,6108,Sea anemone potassium channel inhibitory toxin family,36,,,,,,,,,,,,,kw_toxin,36,36,Anemonia sulcata,Cnidaria,Anthozoa,Actiniaria,Actiniidae,Anemonia,Anemonia sulcata,marine,marine
P61505,268490,Huwentoxin-2 family,49,,Venom,,,Disulfide bond:4,,,,,,,,both,49,49,Lasiodora parahybana,Arthropoda,Arachnida,Araneae,Theraphosidae,Lasiodora,Lasiodora parahybana,terrestrial,terrestrial
Q9DEQ3,8656,Snake toxin family,86,,Venom gland,,,Disulfide bond:4,Yes,,,,,,,both,65,65,Naja atra,Chordata,Lepidosauria,Squamata,Elapidae,Naja,Naja atra,terrestrial,terrestrial
Q86C51,29017,Huwentoxin-1 family,83,,Venom; Venom gland,,Cleavage on pair of basic residues,Disulfide bond:3,Yes,Yes,,,,,,both,62,32,Cyriopagopus schmidti,Arthropoda,Arachnida,Araneae,Theraphosidae,Cyriopagopus,Cyriopagopus schmidti,terrestrial,terrestrial
P17727,6918,Spider toxin Tx1 family,112,,Venom; Venom gland,LD(50) is 0.05 mg/kg by intracerebroventricular injection into mice.,Amidation,Amidation:1,Yes,Yes,,,,,,both,93,77,Phoneutria nigriventer,Arthropoda,Arachnida,Araneae,Ctenidae,Phoneutria,Phoneutria nigriventer,terrestrial,terrestrial
P61506,268490,Huwentoxin-2 family,49,,Venom,,,Disulfide bond:4,,,,,,,,both,49,49,Lasiodora parahybana,Arthropoda,Arachnida,Araneae,Theraphosidae,Lasiodora,Lasiodora parahybana,terrestrial,terrestrial
P81030,8618,Snake toxin family,66,,,,,Disulfide bond:4,,,,,,,,both,66,66,Dendroaspis angusticeps,Chordata,Lepidosauria,Squamata,Elapidae,Dendroaspis,Dendroaspis angusticeps,terrestrial,terrestrial
P18328,8618,Snake toxin family,86,,Venom; Venom gland,,,Disulfide bond:4,Yes,,,,,,,both,65,65,Dendroaspis angusticeps,Chordata,Lepidosauria,Squamata,Elapidae,Dendroaspis,Dendroaspis angusticeps,terrestrial,terrestrial
P81031,8618,Snake toxin family,65,,,,,Disulfide bond:4,,,,,,,,both,65,65,Dendroaspis angusticeps,Chordata,Lepidosauria,Squamata,Elapidae,Dendroaspis,Dendroaspis angusticeps,terrestrial,terrestrial
Q9PSN1,8618,Snake toxin family,66,,Venom,,,Disulfide bond:4,,,,,,,,both,66,66,Dendroaspis angusticeps,Chordata,Lepidosauria,Squamata,Elapidae,Dendroaspis,Dendroaspis angusticeps,terrestrial,terrestrial
P80494,8620,Snake toxin family,66,,Venom,,,Disulfide bond:4,,,,,,,,both,66,66,Dendraspis polylepis polylepis,Chordata,Lepidosauria,Squamata,Elapidae,Dendroaspis,Dendroaspis polylepis,terrestrial,terrestrial
P80495,8620,Snake toxin family,65,,Venom,,,Disulfide bond:4,,,,,,,,both,65,65,Dendraspis polylepis polylepis,Chordata,Lepidosauria,Squamata,Elapidae,Dendroaspis,Dendroaspis polylepis,terrestrial,terrestrial
P11495,6116,Sea anemone potassium channel inhibitory toxin family,36,,Cnidoblast,,,Disulfide bond:3,,,,,,,,kw_toxin,36,36,Metridium senile,Cnidaria,Anthozoa,Actiniaria,Metridiidae,Metridium,Metridium senile,marine,marine
P11057,6908,Mu-agatoxin family,36,,Venom,,Amidation,Disulfide bond:4; Amidation:1,,,,,,,,both,36,36,Agelenopsis aperta,Arthropoda,Arachnida,Araneae,Agelenidae,Agelenopsis,Agelenopsis aperta,terrestrial,terrestrial
P83557,223896,,38,,Venom,,,,,,,,,,,both,38,38,Gigathele gigas,Arthropoda,Arachnida,Araneae,Macrothelidae,Gigathele,Gigathele gigas,terrestrial,terrestrial
P11058,6908,Mu-agatoxin family,37,,,,,Disulfide bond:4,,,,,,,,both,37,37,Agelenopsis aperta,Arthropoda,Arachnida,Araneae,Agelenidae,Agelenopsis,Agelenopsis aperta,terrestrial,terrestrial
P83558,223896,,121,,Venom; Venom gland,LD(50) is 17.6 nmol/kg to lepidopteran larvae.,,,Yes,Yes,,,,,,both,101,41,Gigathele gigas,Arthropoda,Arachnida,Araneae,Macrothelidae,Gigathele,Gigathele gigas,terrestrial,terrestrial
P60178,6908,Mu-agatoxin family,38,,Venom,,Amidation,Disulfide bond:4; Amidation:1,,,,,,,,both,38,38,Agelenopsis aperta,Arthropoda,Arachnida,Araneae,Agelenidae,Agelenopsis,Agelenopsis aperta,terrestrial,terrestrial
P83559,223896,,46,,Venom,,,,,,,,,,,both,46,46,Gigathele gigas,Arthropoda,Arachnida,Araneae,Macrothelidae,Gigathele,Gigathele gigas,terrestrial,terrestrial
P11060,6908,Mu-agatoxin family,37,,,,Amidation,Disulfide bond:4; Amidation:1,,,,,,,,both,37,37,Agelenopsis aperta,Arthropoda,Arachnida,Araneae,Agelenidae,Agelenopsis,Agelenopsis aperta,terrestrial,terrestrial
P83560,223896,Delta atracotoxin family,105,,Venom,"LD(50) is 1.2 nmol/kg to lepidopteran larvae, and 0.15 pmol/g to mice by intracranial injection.",Cleavage on pair of basic residues,Disulfide bond:4,Yes,Yes,,,,,,both,87,43,Gigathele gigas,Arthropoda,Arachnida,Araneae,Macrothelidae,Gigathele,Gigathele gigas,terrestrial,terrestrial
P11061,6908,Mu-agatoxin family,37,,,,Amidation,Disulfide bond:4; Amidation:1,,,,,,,,both,37,37,Agelenopsis aperta,Arthropoda,Arachnida,Araneae,Agelenidae,Agelenopsis,Agelenopsis aperta,terrestrial,terrestrial
P83561,223896,,79,,Venom; Venom gland,LD(50) is 0.73 pmol/g to mice by intracranial injection.,,Disulfide bond:3,Yes,Yes,,,,,,both,59,29,Gigathele gigas,Arthropoda,Arachnida,Araneae,Macrothelidae,Gigathele,Gigathele gigas,terrestrial,terrestrial
P11062,6908,Mu-agatoxin family,37,,,,,Disulfide bond:4,,,,,,,,both,37,37,Agelenopsis aperta,Arthropoda,Arachnida,Araneae,Agelenidae,Agelenopsis,Agelenopsis aperta,terrestrial,terrestrial
P83562,223896,,82,,Venom; Venom gland,LD(50) is 3.1 nmol/kg to lepidopteran larvae and 0.74 pmol/g to mice by intracranial injection.,Amidation,Amidation:1,Yes,Yes,,,,,,both,56,36,Gigathele gigas,Arthropoda,Arachnida,Araneae,Macrothelidae,Gigathele,Gigathele gigas,terrestrial,terrestrial
P82462,8649,Snake toxin family,65,,Venom,,,Disulfide bond:4,,,,,,,,both,65,65,Naja kaouthia,Chordata,Lepidosauria,Squamata,Elapidae,Naja,Naja kaouthia,terrestrial,terrestrial
P82463,8649,Snake toxin family,65,,Venom,,,Disulfide bond:4,,,,,,,,both,65,65,Naja kaouthia,Chordata,Lepidosauria,Squamata,Elapidae,Naja,Naja kaouthia,terrestrial,terrestrial
P82464,8649,Snake toxin family,65,,Venom,,,Disulfide bond:4,,,,,,,,both,65,65,Naja kaouthia,Chordata,Lepidosauria,Squamata,Elapidae,Naja,Naja kaouthia,terrestrial,terrestrial
Q9W727,8616,Snake toxin family,86,,Venom gland,,,Disulfide bond:4,Yes,,,,,,,both,65,65,Bungarus multicinctus,Chordata,Lepidosauria,Squamata,Elapidae,Bungarus,Bungarus multicinctus,terrestrial,terrestrial
P60272,153481,Mu-agatoxin family,38,,Venom,,,Disulfide bond:4,,,,,,,,both,38,38,Hadronyche infensa,Arthropoda,Arachnida,Araneae,Hexathelidae,Hadronyche,Hadronyche infensa,terrestrial,terrestrial
P36990,33319,,49,,Venom,,,,,,,,,,,both,49,49,Plectreurys tristis,Arthropoda,Arachnida,Araneae,Plectreuridae,Plectreurys,Plectreurys tristis,terrestrial,terrestrial
P36985,33319,Plectoxin family,79,fragment,Venom; Venom gland,,,,Yes,Yes,,,,,,both,61,46,Plectreurys tristis,Arthropoda,Arachnida,Araneae,Plectreuridae,Plectreurys,Plectreurys tristis,terrestrial,terrestrial
P36986,33319,,45,fragment,Venom,,,,,,,,,,,both,45,45,Plectreurys tristis,Arthropoda,Arachnida,Araneae,Plectreuridae,Plectreurys,Plectreurys tristis,terrestrial,terrestrial
P36987,33319,Plectoxin family,24,fragment,Venom,,,,,,,,,,,both,24,24,Plectreurys tristis,Arthropoda,Arachnida,Araneae,Plectreuridae,Plectreurys,Plectreurys tristis,terrestrial,terrestrial
P36988,33319,Plectoxin family,46,,Venom,,,,,,,,,,,both,46,46,Plectreurys tristis,Arthropoda,Arachnida,Araneae,Plectreuridae,Plectreurys,Plectreurys tristis,terrestrial,terrestrial
P49267,12944,To aptotoxins IV,74,,Venom,LD(50) is 1.40 mg/kg by subcutaneous injection.,,,,,,,,,,both,74,74,Apomastus schlingeri,Arthropoda,Arachnida,Araneae,Euctenizidae,Apomastus,Apomastus schlingeri,terrestrial,terrestrial
P49265,54074,Huwentoxin-2 family,39,,Venom,,,Disulfide bond:3,,,,,,,,both,39,39,Brachypelma smithi,Arthropoda,Arachnida,Araneae,Theraphosidae,Brachypelma,Brachypelma smithi,terrestrial,terrestrial
P61230,269635,Spider potassium channel inhibitory toxin family,29,,,,Amidation,Disulfide bond:3; Amidation:1,,,,,,,,both,29,29,Paraphysa scrofa,Arthropoda,Arachnida,Araneae,Theraphosidae,Paraphysa,Paraphysa scrofa,terrestrial,terrestrial
P60514,179874,,40,,Venom,,,Disulfide bond:3,,,,,,,,both,40,40,Psalmopoeus cambridgei,Arthropoda,Arachnida,Araneae,Theraphosidae,Psalmopoeus,Psalmopoeus cambridgei,terrestrial,terrestrial
P20798,6950,,279,,,,,,Yes,Yes,,,,,,kw_toxin,265,252,Pyemotes tritici,Arthropoda,Arachnida,Trombidiformes,Pyemotidae,Pyemotes,Pyemotes tritici,terrestrial,terrestrial
P61231,269635,Spider potassium channel inhibitory toxin family,31,,,,Amidation,Disulfide bond:3; Amidation:1,,,,,,,,both,31,31,Paraphysa scrofa,Arthropoda,Arachnida,Araneae,Theraphosidae,Paraphysa,Paraphysa scrofa,terrestrial,terrestrial
P49268,12944,To aptotoxin VII,37,,Venom,LD(50) is 0.50 mg/kg by subcutaneous injection.,,,,,,,,,,both,37,37,Apomastus schlingeri,Arthropoda,Arachnida,Araneae,Euctenizidae,Apomastus,Apomastus schlingeri,terrestrial,terrestrial
P49269,12944,To aptotoxins I,76,,Venom,LD(50) is 0.20 mg/kg by subcutaneous injection.,,,,,,,,,,both,76,76,Apomastus schlingeri,Arthropoda,Arachnida,Araneae,Euctenizidae,Apomastus,Apomastus schlingeri,terrestrial,terrestrial
P36983,33319,Plectoxin family,82,,Venom; Venom gland,,,,Yes,Yes,,,,,,both,62,46,Plectreurys tristis,Arthropoda,Arachnida,Araneae,Plectreuridae,Plectreurys,Plectreurys tristis,terrestrial,terrestrial
P49266,54074,Huwentoxin-1 family,34,,Venom,,,Disulfide bond:3,,,,,,,,both,34,34,Brachypelma smithi,Arthropoda,Arachnida,Araneae,Theraphosidae,Brachypelma,Brachypelma smithi,terrestrial,terrestrial
P49270,12944,To aptotoxins I,76,,Venom,LD(50) is 0.02 mg/kg by subcutaneous injection.,,,,,,,,,,both,76,76,Apomastus schlingeri,Arthropoda,Arachnida,Araneae,Euctenizidae,Apomastus,Apomastus schlingeri,terrestrial,terrestrial
P49271,12944,To aptotoxin III,32,,Venom,LD(50) is 1.40 mg/kg by subcutaneous injection.,,,,,,,,,,both,32,32,Apomastus schlingeri,Arthropoda,Arachnida,Araneae,Euctenizidae,Apomastus,Apomastus schlingeri,terrestrial,terrestrial
P36984,33319,Plectoxin family,61,fragment,Venom; Venom gland,,,,,Yes,,,,,,both,61,46,Plectreurys tristis,Arthropoda,Arachnida,Araneae,Plectreuridae,Plectreurys,Plectreurys tristis,terrestrial,terrestrial
P49272,12944,To aptotoxins I,76,,Venom,LD(50) is 0.06 mg/kg by subcutaneous injection.,,,,,,,,,,both,76,76,Apomastus schlingeri,Arthropoda,Arachnida,Araneae,Euctenizidae,Apomastus,Apomastus schlingeri,terrestrial,terrestrial
P36989,33319,,46,,Venom,,,,,,,,,,,both,46,46,Plectreurys tristis,Arthropoda,Arachnida,Araneae,Plectreuridae,Plectreurys,Plectreurys tristis,terrestrial,terrestrial
Q07338,6950,,289,,,,,,Yes,Yes,,,,,,kw_toxin,275,262,Pyemotes tritici,Arthropoda,Arachnida,Trombidiformes,Pyemotidae,Pyemotes,Pyemotes tritici,terrestrial,terrestrial
P34079,33319,,44,,Venom,,Amidation; Lipoprotein; Palmitate,Amidation:1; Lipidation:1,,,,,,,,both,44,44,Plectreurys tristis,Arthropoda,Arachnida,Araneae,Plectreuridae,Plectreurys,Plectreurys tristis,terrestrial,terrestrial
P83480,213387,Spider potassium channel inhibitory toxin family,35,,Venom,,,Disulfide bond:3,,,,,,,,both,35,35,Thrixopelma pruriens,Arthropoda,Arachnida,Araneae,Theraphosidae,Thrixopelma,Thrixopelma pruriens,terrestrial,terrestrial
P83476,213387,Spider potassium channel inhibitory toxin family,30,,Venom,,,Disulfide bond:3,,,,,,,,both,30,30,Thrixopelma pruriens,Arthropoda,Arachnida,Araneae,Theraphosidae,Thrixopelma,Thrixopelma pruriens,terrestrial,terrestrial
P61233,269627,,43,,Venom,LD(50) is 0.772 mg/kg by intraabdominal injection into mice.,,,,,,,,,,both,43,43,Macrothele raveni,Arthropoda,Arachnida,Araneae,Macrothelidae,Macrothele,Macrothele raveni,terrestrial,terrestrial
P61232,269627,,29,,Venom,,,Disulfide bond:3,,,,,,,,both,29,29,Macrothele raveni,Arthropoda,Arachnida,Araneae,Macrothelidae,Macrothele,Macrothele raveni,terrestrial,terrestrial
P29187,6123,Sea anemone potassium channel inhibitory toxin family,35,,Cnidoblast,,,Disulfide bond:3,,,,,,,,kw_toxin,35,35,Stichodactyla helianthus,Cnidaria,Anthozoa,Actiniaria,Stichodactylidae,Stichodactyla,Stichodactyla helianthus,marine,marine
Q8MMJ7,167108,Scorpion toxin IsCT family,68,,Venom; Venom gland,,Amidation; Cleavage on pair of basic residues,Amidation:1,Yes,Yes,,,,,,both,45,24,Opisthacanthus madagascariensis,Arthropoda,Arachnida,Scorpiones,Hemiscorpiidae,Opisthacanthus,Opisthacanthus madagascariensis,terrestrial,terrestrial
P68426,29017,Huwentoxin-1 family,81,,Venom gland,,,Disulfide bond:2,Yes,Yes,,,,,,both,60,33,Cyriopagopus schmidti,Arthropoda,Arachnida,Araneae,Theraphosidae,Cyriopagopus,Cyriopagopus schmidti,terrestrial,terrestrial
Q8MTX2,167108,Scorpion toxin IsCT family,71,,Venom; Venom gland,,Amidation; Cleavage on pair of basic residues,Amidation:1,Yes,Yes,,,,,,both,48,24,Opisthacanthus madagascariensis,Arthropoda,Arachnida,Scorpiones,Hemiscorpiidae,Opisthacanthus,Opisthacanthus madagascariensis,terrestrial,terrestrial
P61792,152925,Spider potassium channel inhibitory toxin family,30,,Venom,,,Disulfide bond:3,,,,,,,,both,30,30,Heteropoda venatoria,Arthropoda,Arachnida,Araneae,Sparassidae,Heteropoda,Heteropoda venatoria,terrestrial,terrestrial
Q7M3P1,6918,,8,fragment,Venom,,,,,,,,,,,both,8,8,Phoneutria nigriventer,Arthropoda,Arachnida,Araneae,Ctenidae,Phoneutria,Phoneutria nigriventer,terrestrial,terrestrial
Q9TWR5,6918,,20,fragment,Venom,,,,,,,,,,,both,20,20,Phoneutria nigriventer,Arthropoda,Arachnida,Araneae,Ctenidae,Phoneutria,Phoneutria nigriventer,terrestrial,terrestrial
Q6J936,44710,PDGF/VEGF growth factor family,146,,Venom gland,,Pyrrolidone carboxylic acid,Disulfide bond:5; Pyrrolidone carboxylic acid:1,Yes,,,,,,,both,122,122,Bothrops erythromelas,Chordata,Lepidosauria,Squamata,Viperidae,Bothrops,Bothrops erythromelas,terrestrial,terrestrial
Q90X24,8723,PDGF/VEGF growth factor family,146,,Venom gland,,Pyrrolidone carboxylic acid,Disulfide bond:5; Pyrrolidone carboxylic acid:1,Yes,,,,,,,both,122,122,Bothrops insularis,Chordata,Lepidosauria,Squamata,Viperidae,Bothrops,Bothrops insularis,terrestrial,terrestrial
Q90X23,8724,PDGF/VEGF growth factor family,146,,Venom gland,,Pyrrolidone carboxylic acid,Disulfide bond:5; Pyrrolidone carboxylic acid:1,Yes,,,,,,,both,122,122,Bothrops jararaca,Chordata,Lepidosauria,Squamata,Viperidae,Bothrops,Bothrops jararaca,terrestrial,terrestrial
P67861,31159,PDGF/VEGF growth factor family,109,,,,Pyrrolidone carboxylic acid,Disulfide bond:5; Pyrrolidone carboxylic acid:1,,,,,,,,both,109,109,Daboia russelii russelii,Chordata,Lepidosauria,Squamata,Viperidae,Daboia,Daboia russelii,terrestrial,terrestrial
P67862,88087,PDGF/VEGF growth factor family,146,,Venom gland,,Pyrrolidone carboxylic acid,Disulfide bond:5; Pyrrolidone carboxylic acid:1,Yes,,,,,,,both,122,122,Protobothrops flavoviridis,Chordata,Lepidosauria,Squamata,Viperidae,Protobothrops,Protobothrops flavoviridis,terrestrial,terrestrial
P67863,8705,PDGF/VEGF growth factor family,110,,Venom,,Pyrrolidone carboxylic acid,Disulfide bond:5; Pyrrolidone carboxylic acid:1,,,,,,,,both,110,110,Vipera ammodytes ammodytes,Chordata,Lepidosauria,Squamata,Viperidae,Vipera,Vipera ammodytes,terrestrial,terrestrial
P83942,194601,PDGF/VEGF growth factor family,110,,Venom,,Pyrrolidone carboxylic acid,Disulfide bond:5; Pyrrolidone carboxylic acid:1,,,,,,,,both,110,110,Vipera aspis aspis,Chordata,Lepidosauria,Squamata,Viperidae,Vipera,Vipera aspis,terrestrial,terrestrial
P82475,8709,PDGF/VEGF growth factor family,110,,Venom,,Pyrrolidone carboxylic acid,Disulfide bond:5; Pyrrolidone carboxylic acid:1,,,,,,,,both,110,110,Macrovipera lebetinus,Chordata,Lepidosauria,Squamata,Viperidae,Macrovipera,Macrovipera lebetinus,terrestrial,terrestrial
P82601,129522,,31,,Venom,,,Disulfide bond:3,,,,,,,,both,31,31,Coremiocnemis valida,Arthropoda,Arachnida,Araneae,Theraphosidae,Coremiocnemis,Coremiocnemis valida,terrestrial,terrestrial
P25680,8655,Snake toxin family,65,,Venom,LD(50) is 16 mg/kg by intravenous injection.,,Disulfide bond:5,,,,,,,,both,65,65,Naja nivea,Chordata,Lepidosauria,Squamata,Elapidae,Naja,Naja nivea,terrestrial,terrestrial
P01401,8642,Snake toxin family,65,,Venom,LD(50) is 13.4 mg/kg by subcutaneous injection.,,Disulfide bond:5,,,,,,,,both,65,65,Naja haje haje,Chordata,Lepidosauria,Squamata,Elapidae,Naja,Naja haje,terrestrial,terrestrial
P01402,8626,Snake toxin family,57,,Venom,LD(50) is 11.7 mg/kg by intravenous injection.,,Disulfide bond:4,,,,,,,,both,57,57,Hemachatus haemachatus,Chordata,Lepidosauria,Squamata,Elapidae,Hemachatus,Hemachatus haemachatus,terrestrial,terrestrial
P25676,8626,Snake toxin family,61,,Venom,LD(50) is 54 mg/kg by intravenous injection.,,Disulfide bond:4,,,,,,,,both,61,61,Hemachatus haemachatus,Chordata,Lepidosauria,Squamata,Elapidae,Hemachatus,Hemachatus haemachatus,terrestrial,terrestrial
Q9YGI2,8656,Snake toxin family,86,,Venom gland,,,Disulfide bond:5,Yes,,,,,,,both,65,65,Naja atra,Chordata,Lepidosauria,Squamata,Elapidae,Naja,Naja atra,terrestrial,terrestrial
P01412,8665,Snake toxin family,60,,Venom,LD(50) is >250 mg/kg by subcutaneous injection.,,Disulfide bond:4,,,,,,,,both,60,60,Ophiophagus hannah,Chordata,Lepidosauria,Squamata,Elapidae,Ophiophagus,Ophiophagus hannah,terrestrial,terrestrial
P25678,8641,Snake toxin family,61,,Venom,LD(50) is 15.4 mg/kg by intravenous injection.,,Disulfide bond:4,,,,,,,,both,61,61,Naja annulifera,Chordata,Lepidosauria,Squamata,Elapidae,Naja,Naja annulifera,terrestrial,terrestrial
Q9YGI4,8656,Snake toxin family,86,,Venom; Venom gland,,,Disulfide bond:5,Yes,,,,,,,both,65,65,Naja atra,Chordata,Lepidosauria,Squamata,Elapidae,Naja,Naja atra,terrestrial,terrestrial
P01415,8642,Snake toxin family,61,,Venom,LD(50) is 16.1 mg/kg by subcutaneous injection.,,Disulfide bond:4,,,,,,,,both,61,61,Naja haje haje,Chordata,Lepidosauria,Squamata,Elapidae,Naja,Naja haje,terrestrial,terrestrial
P01399,8641,Snake toxin family,65,,Venom,LD(50) is 4.82 mg/kg by intravenous injection.,,Disulfide bond:5,,,,,,,,both,65,65,Naja annulifera,Chordata,Lepidosauria,Squamata,Elapidae,Naja,Naja annulifera,terrestrial,terrestrial
Q9YGI1,8656,Snake toxin family,86,,Venom gland,,,Disulfide bond:5,Yes,,,,,,,both,65,65,Naja atra,Chordata,Lepidosauria,Squamata,Elapidae,Naja,Naja atra,terrestrial,terrestrial
P25677,8641,Snake toxin family,60,,Venom,LD(50) is 16.6 mg/kg by intravenous injection.,,Disulfide bond:4,,,,,,,,both,60,60,Naja annulifera,Chordata,Lepidosauria,Squamata,Elapidae,Naja,Naja annulifera,terrestrial,terrestrial
P01400,8643,Snake toxin family,65,,Venom,LD(50) is >20 mg/kg by intravenous injection.,,Disulfide bond:5,,,,,,,,both,65,65,Naja melanoleuca,Chordata,Lepidosauria,Squamata,Elapidae,Naja,Naja melanoleuca,terrestrial,terrestrial
P29179,35670,Snake toxin family,62,,Venom,,,Disulfide bond:5,,,,,,,,both,62,62,Naja naja,Chordata,Lepidosauria,Squamata,Elapidae,Naja,Naja naja,terrestrial,terrestrial
O42255,33626,Snake toxin family,86,,Venom gland,,,Disulfide bond:5,Yes,,,,,,,both,65,65,Naja sputatrix,Chordata,Lepidosauria,Squamata,Elapidae,Naja,Naja sputatrix,terrestrial,terrestrial
P29180,35670,Snake toxin family,65,,Venom,,,Disulfide bond:5,,,,,,,,both,65,65,Naja naja,Chordata,Lepidosauria,Squamata,Elapidae,Naja,Naja naja,terrestrial,terrestrial
O42256,33626,Snake toxin family,86,,Venom gland,,,Disulfide bond:5,Yes,,,,,,,both,65,65,Naja sputatrix,Chordata,Lepidosauria,Squamata,Elapidae,Naja,Naja sputatrix,terrestrial,terrestrial
P29181,35670,Snake toxin family,65,,Venom,,,Disulfide bond:5,,,,,,,,both,65,65,Naja naja,Chordata,Lepidosauria,Squamata,Elapidae,Naja,Naja naja,terrestrial,terrestrial
P29182,35670,Snake toxin family,65,,Venom,,,Disulfide bond:5,,,,,,,,both,65,65,Naja naja,Chordata,Lepidosauria,Squamata,Elapidae,Naja,Naja naja,terrestrial,terrestrial
Q802B3,33626,Snake toxin family,86,,Venom gland,,,Disulfide bond:5,Yes,,,,,,,both,65,65,Naja sputatrix,Chordata,Lepidosauria,Squamata,Elapidae,Naja,Naja sputatrix,terrestrial,terrestrial
P25679,8649,Snake toxin family,64,,Venom,LD(50) is 82 mg/kg by intravenous injection.,,Disulfide bond:5,,,,,,,,both,64,64,Naja kaouthia,Chordata,Lepidosauria,Squamata,Elapidae,Naja,Naja kaouthia,terrestrial,terrestrial
Q9W7I3,33626,Snake toxin family,86,,Venom gland,,,Disulfide bond:5,Yes,,,,,,,both,65,65,Naja sputatrix,Chordata,Lepidosauria,Squamata,Elapidae,Naja,Naja sputatrix,terrestrial,terrestrial
P60814,8656,Snake toxin family,86,,Venom gland,,,Disulfide bond:5,Yes,,,,,,,both,65,65,Naja atra,Chordata,Lepidosauria,Squamata,Elapidae,Naja,Naja atra,terrestrial,terrestrial
O93422,8656,Snake toxin family,86,,Venom gland,,,Disulfide bond:5,Yes,,,,,,,both,65,65,Naja atra,Chordata,Lepidosauria,Squamata,Elapidae,Naja,Naja atra,terrestrial,terrestrial
P82935,8649,Snake toxin family,65,,Venom,,,Disulfide bond:5,,,,,,,,both,65,65,Naja kaouthia,Chordata,Lepidosauria,Squamata,Elapidae,Naja,Naja kaouthia,terrestrial,terrestrial
P83906,8694,PDGF/VEGF growth factor family,191,,Venom gland,,Glycoprotein,Disulfide bond:5; Glycosylation:1,Yes,,,,,,,venom_tissue,165,165,Bitis gabonica,Chordata,Lepidosauria,Squamata,Viperidae,Bitis,Bitis gabonica,terrestrial,terrestrial
P67860,88087,PDGF/VEGF growth factor family,216,,Kidney,,Glycoprotein,Disulfide bond:5; Glycosylation:1,Yes,,,,,,,venom_tissue,190,190,Protobothrops flavoviridis,Chordata,Lepidosauria,Squamata,Viperidae,Protobothrops,Protobothrops flavoviridis,terrestrial,terrestrial
P83224,111177,Natriuretic peptide family,35,,Venom,,,Disulfide bond:1,,,GO:0009405 (pathogenesis); GO:0008217 (regulation of blood pressure); GO:0005576 (extracellular region); GO:0005179 (hormone activity),GO:0009405 (pathogenesis); GO:0008217 (regulation of blood pressure),GO:0005576 (extracellular region),GO:0005179 (hormone activity),,both,35,35,Oxyuranus microlepidotus,Chordata,Lepidosauria,Squamata,Elapidae,Oxyuranus,Oxyuranus microlepidotus,terrestrial,terrestrial
P83226,183720,Natriuretic peptide family,35,,Venom,,,Disulfide bond:1,,,GO:0009405 (pathogenesis); GO:0008217 (regulation of blood pressure); GO:0005576 (extracellular region); GO:0005179 (hormone activity),GO:0009405 (pathogenesis); GO:0008217 (regulation of blood pressure),GO:0005576 (extracellular region),GO:0005179 (hormone activity),,both,35,35,Oxyuranus scutellatus canni,Chordata,Lepidosauria,Squamata,Elapidae,Oxyuranus,Oxyuranus scutellatus,terrestrial,terrestrial
P83225,8667,Natriuretic peptide family,35,,Venom,,,Disulfide bond:1,,,GO:0009405 (pathogenesis); GO:0008217 (regulation of blood pressure); GO:0005576 (extracellular region),GO:0009405 (pathogenesis); GO:0008217 (regulation of blood pressure),GO:0005576 (extracellular region),,,both,35,35,Oxyuranus scutellatus scutellatus,Chordata,Lepidosauria,Squamata,Elapidae,Oxyuranus,Oxyuranus scutellatus,terrestrial,terrestrial
P83227,111177,Natriuretic peptide family,35,,Venom,,,Disulfide bond:1,,,GO:0009405 (pathogenesis); GO:0008217 (regulation of blood pressure); GO:0005576 (extracellular region); GO:0005179 (hormone activity),GO:0009405 (pathogenesis); GO:0008217 (regulation of blood pressure),GO:0005576 (extracellular region),GO:0005179 (hormone activity),,both,35,35,Oxyuranus microlepidotus,Chordata,Lepidosauria,Squamata,Elapidae,Oxyuranus,Oxyuranus microlepidotus,terrestrial,terrestrial
P83229,183720,Natriuretic peptide family,35,,Venom,,,Disulfide bond:1,,,GO:0009405 (pathogenesis); GO:0008217 (regulation of blood pressure); GO:0005576 (extracellular region); GO:0005179 (hormone activity),GO:0009405 (pathogenesis); GO:0008217 (regulation of blood pressure),GO:0005576 (extracellular region),GO:0005179 (hormone activity),,both,35,35,Oxyuranus scutellatus canni,Chordata,Lepidosauria,Squamata,Elapidae,Oxyuranus,Oxyuranus scutellatus,terrestrial,terrestrial
P83228,8667,Natriuretic peptide family,35,,Venom,,,Disulfide bond:1,,,GO:0009405 (pathogenesis); GO:0008217 (regulation of blood pressure); GO:0005576 (extracellular region); GO:0005179 (hormone activity),GO:0009405 (pathogenesis); GO:0008217 (regulation of blood pressure),GO:0005576 (extracellular region),GO:0005179 (hormone activity),,both,35,35,Oxyuranus scutellatus scutellatus,Chordata,Lepidosauria,Squamata,Elapidae,Oxyuranus,Oxyuranus scutellatus,terrestrial,terrestrial
P83230,111177,Natriuretic peptide family,39,,Venom,,,Disulfide bond:1,,,GO:0009405 (pathogenesis); GO:0008217 (regulation of blood pressure); GO:0005576 (extracellular region); GO:0005179 (hormone activity),GO:0009405 (pathogenesis); GO:0008217 (regulation of blood pressure),GO:0005576 (extracellular region),GO:0005179 (hormone activity),,both,39,39,Oxyuranus microlepidotus,Chordata,Lepidosauria,Squamata,Elapidae,Oxyuranus,Oxyuranus microlepidotus,terrestrial,terrestrial
P83231,183720,Natriuretic peptide family,39,,Venom,,,Disulfide bond:1,,,GO:0009405 (pathogenesis); GO:0008217 (regulation of blood pressure); GO:0005576 (extracellular region); GO:0005179 (hormone activity),GO:0009405 (pathogenesis); GO:0008217 (regulation of blood pressure),GO:0005576 (extracellular region),GO:0005179 (hormone activity),,both,39,39,Oxyuranus scutellatus canni,Chordata,Lepidosauria,Squamata,Elapidae,Oxyuranus,Oxyuranus scutellatus,terrestrial,terrestrial
Q86RQ7,34649,Contains 1 TIL (Trypsin inhibitory-like) domain,89,,Venom gland,,,Disulfide bond:5,Yes,,,,,,,venom_tissue,65,65,Olivierus martensii,Arthropoda,Arachnida,Scorpiones,Buthidae,Olivierus,Olivierus martensii,terrestrial,terrestrial
P25687,8620,Prokinecitin family,81,,Venom,,,Disulfide bond:5,,,,,,,,kw_toxin,81,81,Dendraspis polylepis polylepis,Chordata,Lepidosauria,Squamata,Elapidae,Dendroaspis,Dendroaspis polylepis,terrestrial,terrestrial
Q9I8X2,36307,Peptidase S1 family,260,,Venom gland,,Glycoprotein; Zymogen,Disulfide bond:6; Glycosylation:4,Yes,Yes,,,,,,venom_tissue,242,236,Deinagkistrodon acutus,Chordata,Lepidosauria,Squamata,Viperidae,Deinagkistrodon,Deinagkistrodon acutus,terrestrial,terrestrial
P33588,8718,Peptidase S1 family,20,fragment,Venom,,,,,,,,,,,venom_tissue,20,20,Agkistrodon bilineatus,Chordata,Lepidosauria,Squamata,Viperidae,Agkistrodon,Agkistrodon bilineatus,terrestrial,terrestrial
Q91053,35671,Peptidase S1 family,262,,Venom gland,,Glycoprotein; Zymogen,Disulfide bond:6; Glycosylation:1,Yes,Yes,,,,,,venom_tissue,244,238,Gloydius ussuriensis,Chordata,Lepidosauria,Squamata,Viperidae,Gloydius,Gloydius ussuriensis,terrestrial,terrestrial
P09872,8713,Peptidase S1 family,231,,Venom,,Glycoprotein,Disulfide bond:6; Glycosylation:3,,,,,,,,venom_tissue,231,231,Agkistrodon contortrix contortrix,Chordata,Lepidosauria,Squamata,Viperidae,Agkistrodon,Agkistrodon contortrix,terrestrial,terrestrial
P81176,242054,Peptidase S1 family,238,,Venom,,Glycoprotein,Disulfide bond:6; Glycosylation:2,,,,,,,,venom_tissue,238,238,Gloydius blomhoffii,Chordata,Lepidosauria,Squamata,Viperidae,Gloydius,Gloydius blomhoffii,terrestrial,terrestrial
Q9YGJ2,8714,Peptidase S1 family,260,,Venom gland,,Glycoprotein; Zymogen,Disulfide bond:6; Glycosylation:1,Yes,Yes,,,,,,venom_tissue,242,236,Gloydius halys,Chordata,Lepidosauria,Squamata,Viperidae,Gloydius,Gloydius halys,terrestrial,terrestrial
P26324,8717,Peptidase S1 family,234,,Venom,,Glycoprotein,Disulfide bond:6; Glycosylation:5,,,,,,,,venom_tissue,234,234,Calloselasma rhodostoma,Chordata,Lepidosauria,Squamata,Viperidae,Calloselasma,Calloselasma rhodostoma,terrestrial,terrestrial
P81824,8724,Peptidase S1 family,232,,Venom,,Glycoprotein,Disulfide bond:6; Glycosylation:2,,,,,,,,venom_tissue,232,232,Bothrops jararaca,Chordata,Lepidosauria,Squamata,Viperidae,Bothrops,Bothrops jararaca,terrestrial,terrestrial
O13059,8767,Peptidase S1 family,258,,Venom gland,,Glycoprotein; Zymogen,Disulfide bond:6; Glycosylation:1,Yes,Yes,,,,,,venom_tissue,240,234,Craspedocephalus gramineus,Chordata,Lepidosauria,Squamata,Viperidae,Craspedocephalus,Craspedocephalus gramineus,terrestrial,terrestrial
Q9DF68,135726,Peptidase S1 family,260,,Venom gland,,Glycoprotein; Zymogen,Disulfide bond:6; Glycosylation:3,Yes,Yes,,,,,,venom_tissue,242,236,Protobothrops jerdonii,Chordata,Lepidosauria,Squamata,Viperidae,Protobothrops,Protobothrops jerdonii,terrestrial,terrestrial
Q91507,103944,Peptidase S1 family,257,,Venom gland,,Zymogen,Disulfide bond:6,Yes,Yes,,,,,,venom_tissue,239,233,Protobothrops mucrosquamatus,Chordata,Lepidosauria,Squamata,Viperidae,Protobothrops,Protobothrops mucrosquamatus,terrestrial,terrestrial
P20005,8769,Peptidase S1 family,20,fragment,Venom,,,,,,,,,,,venom_tissue,20,20,Ovophis okinavensis,Chordata,Lepidosauria,Squamata,Viperidae,Ovophis,Ovophis okinavensis,terrestrial,terrestrial
Q91516,39682,Peptidase S1 family,258,,Venom gland,,Glycoprotein; Zymogen,Disulfide bond:6; Glycosylation:1,Yes,Yes,,,,,,venom_tissue,240,234,Trimeresurus stejnegeri,Chordata,Lepidosauria,Squamata,Viperidae,Trimeresurus,Trimeresurus stejnegeri,terrestrial,terrestrial
Q9PT41,8709,Peptidase S1 family,259,,Venom gland,,Glycoprotein; Zymogen,Disulfide bond:6; Glycosylation:1,Yes,Yes,,,,,,venom_tissue,241,235,Macrovipera lebetinus,Chordata,Lepidosauria,Squamata,Viperidae,Macrovipera,Macrovipera lebetinus,terrestrial,terrestrial
Q9I8X1,36307,Peptidase S1 family,258,,Venom gland,,Glycoprotein; Zymogen,Disulfide bond:6; Glycosylation:1,Yes,Yes,,,,,,venom_tissue,240,234,Deinagkistrodon acutus,Chordata,Lepidosauria,Squamata,Viperidae,Deinagkistrodon,Deinagkistrodon acutus,terrestrial,terrestrial
Q9PSN3,8718,Peptidase S1 family,235,,Venom,,Glycoprotein,Disulfide bond:6; Glycosylation:6,,,,,,,,venom_tissue,235,235,Agkistrodon bilineatus,Chordata,Lepidosauria,Squamata,Viperidae,Agkistrodon,Agkistrodon bilineatus,terrestrial,terrestrial
O42207,35671,Peptidase S1 family,258,,Venom; Venom gland,,Glycoprotein; Zymogen,Disulfide bond:6; Glycosylation:4,Yes,Yes,,,,,,venom_tissue,240,234,Gloydius ussuriensis,Chordata,Lepidosauria,Squamata,Viperidae,Gloydius,Gloydius ussuriensis,terrestrial,terrestrial
P82981,8713,Peptidase S1 family,234,,Venom,,,Disulfide bond:6,,,,,,,,venom_tissue,234,234,Agkistrodon contortrix contortrix,Chordata,Lepidosauria,Squamata,Viperidae,Agkistrodon,Agkistrodon contortrix,terrestrial,terrestrial
Q9YGI6,8714,Peptidase S1 family,260,,Venom gland,,Glycoprotein; Zymogen,Disulfide bond:6; Glycosylation:1,Yes,Yes,,,,,,venom_tissue,242,236,Gloydius halys,Chordata,Lepidosauria,Squamata,Viperidae,Gloydius,Gloydius halys,terrestrial,terrestrial
P47797,8717,Peptidase S1 family,258,,Venom,,Glycoprotein; Zymogen,Disulfide bond:6; Glycosylation:3,Yes,Yes,,,,,,venom_tissue,240,234,Calloselasma rhodostoma,Chordata,Lepidosauria,Squamata,Viperidae,Calloselasma,Calloselasma rhodostoma,terrestrial,terrestrial
O13069,8724,Peptidase S1 family,257,,Venom gland,,Glycoprotein; Zymogen,Disulfide bond:6; Glycosylation:3,Yes,Yes,,,,,,venom_tissue,239,233,Bothrops jararaca,Chordata,Lepidosauria,Squamata,Viperidae,Bothrops,Bothrops jararaca,terrestrial,terrestrial
O13057,88087,Peptidase S1 family,260,,Venom gland,,Glycoprotein; Zymogen,Disulfide bond:6; Glycosylation:2,Yes,Yes,,,,,,venom_tissue,242,236,Protobothrops flavoviridis,Chordata,Lepidosauria,Squamata,Viperidae,Protobothrops,Protobothrops flavoviridis,terrestrial,terrestrial
Q9DF67,135726,Peptidase S1 family,258,,Venom gland,,Glycoprotein; Zymogen,Disulfide bond:6; Glycosylation:3,Yes,Yes,,,,,,venom_tissue,240,234,Protobothrops jerdonii,Chordata,Lepidosauria,Squamata,Viperidae,Protobothrops,Protobothrops jerdonii,terrestrial,terrestrial
Q91508,103944,Peptidase S1 family,257,,Venom gland,,Zymogen,Disulfide bond:6,Yes,Yes,,,,,,venom_tissue,239,233,Protobothrops mucrosquamatus,Chordata,Lepidosauria,Squamata,Viperidae,Protobothrops,Protobothrops mucrosquamatus,terrestrial,terrestrial
Q9PT40,8709,Peptidase S1 family,260,,Venom gland,,Glycoprotein,Disulfide bond:6; Glycosylation:2,Yes,Yes,,,,,,venom_tissue,242,236,Macrovipera lebetinus,Chordata,Lepidosauria,Squamata,Viperidae,Macrovipera,Macrovipera lebetinus,terrestrial,terrestrial
Q9I8X0,36307,Peptidase S1 family,257,,Venom gland,,Zymogen,Disulfide bond:5,Yes,Yes,,,,,,venom_tissue,239,233,Deinagkistrodon acutus,Chordata,Lepidosauria,Squamata,Viperidae,Deinagkistrodon,Deinagkistrodon acutus,terrestrial,terrestrial
P80899,8714,Peptidase S1 family,15,fragment,Venom,,,,,,,,,,,venom_tissue,15,15,Gloydius halys,Chordata,Lepidosauria,Squamata,Viperidae,Gloydius,Gloydius halys,terrestrial,terrestrial
Q9PTU8,8724,Peptidase S1 family,258,,Venom gland,,Glycoprotein; Zymogen,Glycosylation:8; Disulfide bond:6,Yes,Yes,,,,,,venom_tissue,240,234,Bothrops jararaca,Chordata,Lepidosauria,Squamata,Viperidae,Bothrops,Bothrops jararaca,terrestrial,terrestrial
O13058,88087,Peptidase S1 family,257,,Venom gland,,Glycoprotein; Zymogen,Disulfide bond:6; Glycosylation:5,Yes,Yes,,,,,,venom_tissue,239,233,Protobothrops flavoviridis,Chordata,Lepidosauria,Squamata,Viperidae,Protobothrops,Protobothrops flavoviridis,terrestrial,terrestrial
O13063,8767,Peptidase S1 family,258,,Venom gland,,Glycoprotein; Zymogen,Disulfide bond:6; Glycosylation:6,Yes,Yes,,,,,,venom_tissue,240,234,Craspedocephalus gramineus,Chordata,Lepidosauria,Squamata,Viperidae,Craspedocephalus,Craspedocephalus gramineus,terrestrial,terrestrial
Q9DF66,135726,Peptidase S1 family,258,,Venom gland,,Glycoprotein; Zymogen,Disulfide bond:6; Glycosylation:2,Yes,Yes,,,,,,venom_tissue,240,234,Protobothrops jerdonii,Chordata,Lepidosauria,Squamata,Viperidae,Protobothrops,Protobothrops jerdonii,terrestrial,terrestrial
Q91509,103944,Peptidase S1 family,257,,Venom gland,,Zymogen,Disulfide bond:6,Yes,Yes,,,,,,venom_tissue,239,233,Protobothrops mucrosquamatus,Chordata,Lepidosauria,Squamata,Viperidae,Protobothrops,Protobothrops mucrosquamatus,terrestrial,terrestrial
Q9I8W9,36307,Peptidase S1 family,260,,Venom gland,,Glycoprotein; Zymogen,Disulfide bond:6; Glycosylation:4,Yes,Yes,,,,,,venom_tissue,242,236,Deinagkistrodon acutus,Chordata,Lepidosauria,Squamata,Viperidae,Deinagkistrodon,Deinagkistrodon acutus,terrestrial,terrestrial
Q91510,103944,Peptidase S1 family,257,,Venom gland,,Zymogen,Disulfide bond:6,Yes,Yes,,,,,,venom_tissue,239,233,Protobothrops mucrosquamatus,Chordata,Lepidosauria,Squamata,Viperidae,Protobothrops,Protobothrops mucrosquamatus,terrestrial,terrestrial
Q91511,103944,Peptidase S1 family,257,,Venom gland,,Glycoprotein; Zymogen,Disulfide bond:6; Glycosylation:1,Yes,Yes,,,,,,venom_tissue,239,233,Protobothrops mucrosquamatus,Chordata,Lepidosauria,Squamata,Viperidae,Protobothrops,Protobothrops mucrosquamatus,terrestrial,terrestrial
Q9DG83,103944,Peptidase S1 family,260,,Venom gland,,Glycoprotein; Zymogen,Disulfide bond:6; Glycosylation:4,Yes,Yes,,,,,,venom_tissue,242,236,Protobothrops mucrosquamatus,Chordata,Lepidosauria,Squamata,Viperidae,Protobothrops,Protobothrops mucrosquamatus,terrestrial,terrestrial
Q9DG84,103944,Peptidase S1 family,257,,Venom gland,,Glycoprotein; Zymogen,Disulfide bond:6; Glycosylation:1,Yes,Yes,,,,,,venom_tissue,239,233,Protobothrops mucrosquamatus,Chordata,Lepidosauria,Squamata,Viperidae,Protobothrops,Protobothrops mucrosquamatus,terrestrial,terrestrial
P04971,8725,Peptidase S1 family,255,,Venom gland,,Glycoprotein; Zymogen,Disulfide bond:6; Glycosylation:2,Yes,Yes,,,,,,venom_tissue,237,231,Bothrops atrox,Chordata,Lepidosauria,Squamata,Viperidae,Bothrops,Bothrops atrox,terrestrial,terrestrial
P81661,8724,Peptidase S1 family,232,,Venom,,Glycoprotein,Disulfide bond:6; Glycosylation:3,,,,,,,,venom_tissue,232,232,Bothrops jararaca,Chordata,Lepidosauria,Squamata,Viperidae,Bothrops,Bothrops jararaca,terrestrial,terrestrial
P81038,8697,Peptidase S1 family,98,,Venom,,Glycoprotein,Glycosylation:1,,,,,,,,venom_tissue,98,98,Cerastes cerastes,Chordata,Lepidosauria,Squamata,Viperidae,Cerastes,Cerastes cerastes,terrestrial,terrestrial
P18692,8698,Peptidase S1 family,35,fragment,Venom,,,,,,,,,,,venom_tissue,35,35,Cerastes vipera,Chordata,Lepidosauria,Squamata,Viperidae,Cerastes,Cerastes vipera,terrestrial,terrestrial
P18964,8708,Peptidase S1 family,236,,Venom,,Glycoprotein,Disulfide bond:6; Glycosylation:1,,,,,,,,venom_tissue,236,236,Daboia siamensis,Chordata,Lepidosauria,Squamata,Viperidae,Daboia,Daboia siamensis,terrestrial,terrestrial
P33589,8753,Peptidase S1 family,228,,Venom,,Glycoprotein,Disulfide bond:6; Glycosylation:4,,,,,,,,venom_tissue,228,228,Lachesis muta muta,Chordata,Lepidosauria,Squamata,Viperidae,Lachesis,Lachesis muta,terrestrial,terrestrial
O13060,8767,Peptidase S1 family,260,,Venom gland,,Glycoprotein; Zymogen,Disulfide bond:6; Glycosylation:3,Yes,Yes,,,,,,venom_tissue,242,236,Craspedocephalus gramineus,Chordata,Lepidosauria,Squamata,Viperidae,Craspedocephalus,Craspedocephalus gramineus,terrestrial,terrestrial
P84036,8753,Peptidase S1 family,216,,Venom; Venom gland,,Glycoprotein,Disulfide bond:6,,,,,,,,venom_tissue,216,216,Lachesis muta muta,Chordata,Lepidosauria,Squamata,Viperidae,Lachesis,Lachesis muta,terrestrial,terrestrial
O13061,8767,Peptidase S1 family,260,,Venom gland,,Glycoprotein; Zymogen,Disulfide bond:6; Glycosylation:4,Yes,Yes,,,,,,venom_tissue,242,236,Craspedocephalus gramineus,Chordata,Lepidosauria,Squamata,Viperidae,Craspedocephalus,Craspedocephalus gramineus,terrestrial,terrestrial
O13062,8767,Peptidase S1 family,257,,Venom gland,,Glycoprotein; Zymogen,Disulfide bond:6; Glycosylation:3,Yes,Yes,,,,,,venom_tissue,239,233,Craspedocephalus gramineus,Chordata,Lepidosauria,Squamata,Viperidae,Craspedocephalus,Craspedocephalus gramineus,terrestrial,terrestrial
P18965,8708,Peptidase S1 family,236,,Venom,,Glycoprotein,Disulfide bond:6; Glycosylation:1,,,,,,,,venom_tissue,236,236,Daboia siamensis,Chordata,Lepidosauria,Squamata,Viperidae,Daboia,Daboia siamensis,terrestrial,terrestrial
P60980,29015,Huwentoxin-1 family,34,,Venom,,,,,,,,,,,both,34,34,Grammostola rosea,Arthropoda,Arachnida,Araneae,Theraphosidae,Grammostola,Grammostola rosea,terrestrial,terrestrial
Q98993,51996,SNTX/VTX toxin family,695,,Venom; Venom gland,,Glycoprotein,,,,,,,,,both,695,695,Synanceia verrucosa,Chordata,Actinopteri,Perciformes,Synanceiidae,Synanceia,Synanceia verrucosa,marine,marine
P24335,8770,Waglerin family,22,,Venom,LD(50) is 0.369 mg/kg by intraperitoneal injection.,,Disulfide bond:1,,,,,,,,both,22,22,Tropidolaemus wagleri,Chordata,Lepidosauria,Squamata,Viperidae,Tropidolaemus,Tropidolaemus wagleri,terrestrial,terrestrial
P58930,8770,Waglerin family,22,,Venom,LD(50) is 0.583 mg/kg by intraperitoneal injection.,,Disulfide bond:1,,,,,,,,both,22,22,Tropidolaemus wagleri,Chordata,Lepidosauria,Squamata,Viperidae,Tropidolaemus,Tropidolaemus wagleri,terrestrial,terrestrial
P60590,29015,Spider potassium channel inhibitory toxin family,36,,,,,Disulfide bond:3,,,,,,,,both,36,36,Grammostola rosea,Arthropoda,Arachnida,Araneae,Theraphosidae,Grammostola,Grammostola rosea,terrestrial,terrestrial
